Watching for file changes with StatReloader
Watching for file changes with StatReloader
Waiting for apps ready_event.
Waiting for apps ready_event.
Apps ready_event triggered. Sending autoreload_started signal.
Apps ready_event triggered. Sending autoreload_started signal.
Watching dir C:\Users\HP\Desktop\easetalkproject\easetalkprojectapp\templates with glob **/*.
Watching dir C:\Users\HP\Desktop\easetalkproject\easetalkprojectapp\locale with glob **/*.mo.
Watching dir C:\Users\HP\Desktop\easetalkproject\env\Lib\site-packages\daphne\locale with glob **/*.mo.
Watching dir C:\Users\HP\Desktop\easetalkproject\env\Lib\site-packages\channels\locale with glob **/*.mo.
Watching dir C:\Users\HP\Desktop\easetalkproject\easetalkprojectapp\easetalk\locale with glob **/*.mo.
Watching dir C:\Users\HP\Desktop\easetalkproject\easetalkprojectapp\templates with glob **/*.
Watching dir C:\Users\HP\Desktop\easetalkproject\easetalkprojectapp\therapy\locale with glob **/*.mo.
Watching dir C:\Users\HP\Desktop\easetalkproject\easetalkprojectapp\locale with glob **/*.mo.
Watching dir C:\Users\HP\Desktop\easetalkproject\env\Lib\site-packages\daphne\locale with glob **/*.mo.
Watching dir C:\Users\HP\Desktop\easetalkproject\easetalkprojectapp\anonymous\locale with glob **/*.mo.

Watching dir C:\Users\HP\Desktop\easetalkproject\easetalkprojectapp\easetalk\locale with glob **/*.mo.
Watching dir C:\Users\HP\Desktop\easetalkproject\env\Lib\site-packages\social_django\locale with glob **/*.mo.
Watching dir C:\Users\HP\Desktop\easetalkproject\easetalkprojectapp\therapy\locale with glob **/*.mo.
Watching dir C:\Users\HP\Desktop\easetalkproject\easetalkprojectapp\anonymous\locale with glob **/*.mo.
Watching dir C:\Users\HP\Desktop\easetalkproject\env\Lib\site-packages\social_django\locale with glob **/*.mo.
(0.000) 
                SELECT VERSION(),
                       @@sql_mode,
                       @@default_storage_engine,
                       @@sql_auto_is_null,
                       @@lower_case_table_names,
                       CONVERT_TZ('2001-01-01 01:00:00', 'UTC', 'UTC') IS NOT NULL
            ; args=None; alias=default
(0.000) 
                SELECT VERSION(),
                       @@sql_mode,
                       @@default_storage_engine,
                       @@sql_auto_is_null,
                       @@lower_case_table_names,
                       CONVERT_TZ('2001-01-01 01:00:00', 'UTC', 'UTC') IS NOT NULL
            ; args=None; alias=default
(0.000) SET SESSION TRANSACTION ISOLATION LEVEL READ COMMITTED; args=None; alias=default
(0.000) SET SESSION TRANSACTION ISOLATION LEVEL READ COMMITTED; args=None; alias=default
(0.000) 
            SELECT
                table_name,
                table_type,
                table_comment
            FROM information_schema.tables
            WHERE table_schema = DATABASE()
            ; args=None; alias=default
(0.015) 
            SELECT
                table_name,
                table_type,
                table_comment
            FROM information_schema.tables
            WHERE table_schema = DATABASE()
            ; args=None; alias=default
(0.000) SELECT `django_migrations`.`id`, `django_migrations`.`app`, `django_migrations`.`name`, `django_migrations`.`applied` FROM `django_migrations`; args=(); alias=default
Daphne running, listening on 127.0.0.1:8000
(0.016) SELECT `django_migrations`.`id`, `django_migrations`.`app`, `django_migrations`.`name`, `django_migrations`.`applied` FROM `django_migrations`; args=(); alias=default
Daphne running, listening on 127.0.0.1:8000
Daphne exited
File C:\Users\HP\Desktop\easetalkproject\env\Lib\site-packages\attrs\validators.py first seen with mtime 1742980019.4342968
File C:\Users\HP\AppData\Local\Programs\Python\Python312\Lib\zoneinfo\_common.py first seen with mtime 1733288254.0
File C:\Users\HP\Desktop\easetalkproject\env\Lib\site-packages\django\contrib\messages\storage\base.py first seen with mtime 1742890067.298851
File C:\Users\HP\AppData\Local\Programs\Python\Python312\DLLs\_queue.pyd first seen with mtime 1733288284.0
File C:\Users\HP\Desktop\easetalkproject\env\Lib\site-packages\cryptography\x509\general_name.py first seen with mtime 1742980075.5092897
File C:\Users\HP\Desktop\easetalkproject\env\Lib\site-packages\twisted\python\reflect.py first seen with mtime 1742980032.6943715
File C:\Users\HP\AppData\Local\Programs\Python\Python312\Lib\platform.py first seen with mtime 1733288252.0
File C:\Users\HP\Desktop\easetalkproject\env\Lib\site-packages\sqlparse\filters\output.py first seen with mtime 1742890061.0171895
File C:\Users\HP\AppData\Local\Programs\Python\Python312\Lib\shutil.py first seen with mtime 1733288252.0
File C:\Users\HP\Desktop\easetalkproject\env\Lib\site-packages\django\forms\models.py first seen with mtime 1742890069.705463
File C:\Users\HP\Desktop\easetalkproject\env\Lib\site-packages\django\utils\translation\reloader.py first seen with mtime 1742890069.9858189
File C:\Users\HP\Desktop\easetalkproject\env\Lib\site-packages\charset_normalizer\constant.py first seen with mtime 1743156276.1606302
File C:\Users\HP\Desktop\easetalkproject\env\Lib\site-packages\cryptography\hazmat\primitives\kdf\__init__.py first seen with mtime 1742980075.4659743
File C:\Users\HP\Desktop\easetalkproject\env\Lib\site-packages\twisted\python\randbytes.py first seen with mtime 1742980032.690357
File C:\Users\HP\Desktop\easetalkproject\env\Lib\site-packages\sqlparse\engine\statement_splitter.py first seen with mtime 1742890061.012108
File C:\Users\HP\Desktop\easetalkproject\env\Lib\site-packages\twisted\logger\_buffer.py first seen with mtime 1742980032.2300315
File C:\Users\HP\AppData\Local\Programs\Python\Python312\Lib\numbers.py first seen with mtime 1733288252.0
File C:\Users\HP\AppData\Local\Programs\Python\Python312\Lib\argparse.py first seen with mtime 1733288252.0
File C:\Users\HP\Desktop\easetalkproject\env\Lib\site-packages\MySQLdb\constants\FLAG.py first seen with mtime 1742891595.9560509
File C:\Users\HP\Desktop\easetalkproject\env\Lib\site-packages\openid\store\interface.py first seen with mtime 1743156277.9716494
File C:\Users\HP\AppData\Local\Programs\Python\Python312\Lib\ssl.py first seen with mtime 1733288252.0
File C:\Users\HP\Desktop\easetalkproject\env\Lib\site-packages\hyperlink\_socket.py first seen with mtime 1742980028.728443
File C:\Users\HP\Desktop\easetalkproject\env\Lib\site-packages\sqlparse\engine\__init__.py first seen with mtime 1742890061.0091217
File C:\Users\HP\Desktop\easetalkproject\env\Lib\site-packages\twisted\cred\_digest.py first seen with mtime 1742980031.7045329
File C:\Users\HP\Desktop\easetalkproject\env\Lib\site-packages\openid\__init__.py first seen with mtime 1743156277.9196694
File C:\Users\HP\Desktop\easetalkproject\env\Lib\site-packages\twisted\python\util.py first seen with mtime 1742980032.7144184
File C:\Users\HP\Desktop\easetalkproject\env\Lib\site-packages\daphne\management\commands\__init__.py first seen with mtime 1742980087.4119487
File C:\Users\HP\AppData\Local\Programs\Python\Python312\Lib\asyncio\constants.py first seen with mtime 1733288252.0
File C:\Users\HP\Desktop\easetalkproject\env\Lib\site-packages\django\core\files\storage\base.py first seen with mtime 1742890069.2913778
File C:\Users\HP\Desktop\easetalkproject\env\Lib\site-packages\_cffi_backend.cp312-win_amd64.pyd first seen with mtime 1742980030.1644652
File C:\Users\HP\Desktop\easetalkproject\env\Lib\site-packages\django\utils\log.py first seen with mtime 1742890069.9701376
.6875741
File C:\Users\HP\Desktop\easetalkproject\env\Lib\site-packages\pyasn1\compat\__init__.py first seen with mtime 1742980016.0776155
File C:\Users\HP\Desktop\easetalkproject\env\Lib\site-packages\django\contrib\staticfiles\__init__.py first seen with mtime 1742890069.1811912
File C:\Users\HP\Desktop\easetalkproject\env\Lib\site-packages\urllib3\response.py first seen with mtime 1743156270.4070313
File C:\Users\HP\AppData\Local\Programs\Python\Python312\Lib\linecache.py first seen with mtime 1733288252.0
File C:\Users\HP\Desktop\easetalkproject\env\Lib\site-packages\django\contrib\auth\signals.py first seen with mtime 1742890064.8381755
File C:\Users\HP\Desktop\easetalkproject\env\Lib\site-packages\pyasn1\codec\streaming.py first seen with mtime 1742980016.049613
File C:\Users\HP\Desktop\easetalkproject\env\Lib\site-packages\sqlparse\filters\reindent.py first seen with mtime 1742890061.0207007
File C:\Users\HP\AppData\Local\Programs\Python\Python312\Lib\asyncio\streams.py first seen with mtime 1733288252.0
File C:\Users\HP\Desktop\easetalkproject\env\Lib\site-packages\django\utils\inspect.py first seen with mtime 1742890069.9655373
File C:\Users\HP\Desktop\easetalkproject\env\Lib\site-packages\social_core\actions.py first seen with mtime 1743156280.3318834
File C:\Users\HP\Desktop\easetalkproject\env\Lib\site-packages\django\contrib\admin\models.py first seen with mtime 1742890063.3008292
File C:\Users\HP\AppData\Local\Programs\Python\Python312\Lib\json\decoder.py first seen with mtime 1733288252.0
File C:\Users\HP\Desktop\easetalkproject\env\Lib\site-packages\django\utils\dateformat.py first seen with mtime 1742890069.9482584
File C:\Users\HP\Desktop\easetalkproject\env\Lib\site-packages\django\core\__init__.py first seen with mtime 1742890069.2168183
File C:\Users\HP\Desktop\easetalkproject\env\Lib\site-packages\idna\package_data.py first seen with mtime 1742980017.5865622
File C:\Users\HP\Desktop\easetalkproject\env\Lib\site-packages\django\contrib\contenttypes\models.py first seen with mtime 1742890065.2683668
File C:\Users\HP\AppData\Local\Programs\Python\Python312\Lib\logging\config.py first seen with mtime 1733288252.0
File C:\Users\HP\AppData\Local\Programs\Python\Python312\Lib\queue.py first seen with mtime 1733288252.0
File C:\Users\HP\Desktop\easetalkproject\env\Lib\site-packages\django\db\models\functions\math.py first seen with mtime 1742890069.6657956
File C:\Users\HP\AppData\Local\Programs\Python\Python312\Lib\threading.py first seen with mtime 1733288254.0
File C:\Users\HP\Desktop\easetalkproject\env\Lib\site-packages\django\core\checks\templates.py first seen with mtime 1742890069.2592547
File C:\Users\HP\Desktop\easetalkproject\env\Lib\site-packages\django\db\models\functions\datetime.py first seen with mtime 1742890069.664276
File C:\Users\HP\Desktop\easetalkproject\env\Lib\site-packages\_cffi_backend.cp312-win_amd64.pyd first seen with mtime 1742980030.1644652
File C:\Users\HP\Desktop\easetalkproject\env\Lib\site-packages\django\template\smartif.py first seen with mtime 1742890069.8783696
File C:\Users\HP\AppData\Local\Programs\Python\Python312\Lib\importlib\resources\_itertools.py first seen with mtime 1733288252.0
File C:\Users\HP\Desktop\easetalkproject\env\Lib\site-packages\django\db\models\base.py first seen with mtime 1742890069.6107955
File C:\Users\HP\Desktop\easetalkproject\env\Lib\site-packages\social_django\utils.py first seen with mtime 1743156294.823061
File C:\Users\HP\Desktop\easetalkproject\env\Lib\site-packages\twisted\internet\_idna.py first seen with mtime 1742980031.7503147
File C:\Users\HP\Desktop\easetalkproject\env\Lib\site-packages\django\utils\inspect.py first seen with mtime 1742890069.9655373
File C:\Users\HP\Desktop\easetalkproject\env\Lib\site-packages\charset_normalizer\models.py first seen with mtime 1743156276.1733
File C:\Users\HP\Desktop\easetalkproject\env\Lib\site-packages\django\core\files\move.py first seen with mtime 1742890069.2804928
File C:\Users\HP\Desktop\easetalkproject\env\Lib\site-packages\django\utils\http.py first seen with mtime 1742890069.9655373
File C:\Users\HP\Desktop\easetalkproject\env\Lib\site-packages\openid\message.py first seen with mtime 1743156277.9346669
File C:\Users\HP\AppData\Local\Programs\Python\Python312\Lib\tempfile.py first seen with mtime 1733288252.0
File C:\Users\HP\AppData\Local\Programs\Python\Python312\Lib\email\message.py first seen with mtime 1733288252.0
File C:\Users\HP\Desktop\easetalkproject\env\Lib\site-packages\pyasn1\__init__.py first seen with mtime 1742980016.0432289
File C:\Users\HP\Desktop\easetalkproject\env\Lib\site-packages\django\db\models\sql\constants.py first seen with mtime 1742890069.676671
File C:\Users\HP\Desktop\easetalkproject\env\Lib\site-packages\django\contrib\messages\__init__.py first seen with mtime 1742890067.2827764
File C:\Users\HP\Desktop\easetalkproject\env\Lib\site-packages\django\db\migrations\operations\special.py first seen with mtime 1742890069.6038377
File C:\Users\HP\AppData\Local\Programs\Python\Python312\Lib\__future__.py first seen with mtime 1733288252.0
File C:\Users\HP\Desktop\easetalkproject\env\Lib\site-packages\django\templatetags\__init__.py first seen with mtime 1742890069.9069638
File C:\Users\HP\Desktop\easetalkproject\env\Lib\site-packages\django\core\cache\backends\filebased.py first seen with mtime 1742890069.2384543
File C:\Users\HP\AppData\Local\Programs\Python\Python312\Lib\selectors.py first seen with mtime 1733288252.0
File C:\Users\HP\Desktop\easetalkproject\env\Lib\site-packages\django\template\loader.py first seen with mtime 1742890069.8783696
File C:\Users\HP\Desktop\easetalkproject\env\Lib\site-packages\charset_normalizer\version.py first seen with mtime 1743156276.1753623
File C:\Users\HP\Desktop\easetalkproject\env\Lib\site-packages\cryptography\x509\oid.py first seen with mtime 1742980075.5143783
File C:\Users\HP\AppData\Local\Programs\Python\Python312\Lib\asyncio\protocols.py first seen with mtime 1733288252.0
File C:\Users\HP\Desktop\easetalkproject\easetalkprojectapp\easetalk\__init__.py first seen with mtime 1742890230.3474534
File C:\Users\HP\Desktop\easetalkproject\env\Lib\site-packages\django\contrib\auth\checks.py first seen with mtime 1742890064.8255453
File C:\Users\HP\AppData\Local\Programs\Python\Python312\Lib\email\_header_value_parser.py first seen with mtime 1733288252.0
File C:\Users\HP\Desktop\easetalkproject\env\Lib\site-packages\twisted\_threads\_memory.py first seen with mtime 1742980031.3745573
File C:\Users\HP\Desktop\easetalkproject\env\Lib\site-packages\openid\__init__.py first seen with mtime 1743156277.9196694
File C:\Users\HP\Desktop\easetalkproject\env\Lib\site-packages\django\dispatch\dispatcher.py first seen with mtime 1742890069.6875741
File C:\Users\HP\Desktop\easetalkproject\env\Lib\site-packages\cryptography\hazmat\primitives\asymmetric\x448.py first seen with mtime 1742980075.4228265
File C:\Users\HP\Desktop\easetalkproject\env\Lib\site-packages\MySQLdb\constants\FIELD_TYPE.py first seen with mtime 1742891595.9515266
File C:\Users\HP\Desktop\easetalkproject\env\Lib\site-packages\PIL\ExifTags.py first seen with mtime 1742893564.3893018
File C:\Users\HP\Desktop\easetalkproject\env\Lib\site-packages\cryptography\exceptions.py first seen with mtime 1742980075.3243146
File C:\Users\HP\Desktop\easetalkproject\env\Lib\site-packages\cryptography\hazmat\primitives\ciphers\modes.py first seen with mtime 1742980075.4356575
File C:\Users\HP\Desktop\easetalkproject\env\Lib\site-packages\autobahn\wamp\types.py first seen with mtime 1742980079.1544926
File C:\Users\HP\Desktop\easetalkproject\env\Lib\site-packages\idna\__init__.py first seen with mtime 1742980017.5742898
File C:\Users\HP\Desktop\easetalkproject\env\Lib\site-packages\asgiref\__init__.py first seen with mtime 1742890061.931669
File C:\Users\HP\Desktop\easetalkproject\env\Lib\site-packages\twisted\cred\_digest.py first seen with mtime 1742980031.7045329
File C:\Users\HP\Desktop\easetalkproject\env\Lib\site-packages\MySQLdb\_exceptions.py first seen with mtime 1742891595.9129608
File C:\Users\HP\Desktop\easetalkproject\easetalkprojectapp\anonymous\urls.py first seen with mtime 1743175224.2730927
File C:\Users\HP\Desktop\easetalkproject\env\Lib\site-packages\django\db\models\fields\proxy.py first seen with mtime 1742890069.648737
File C:\Users\HP\Desktop\easetalkproject\env\Lib\site-packages\django\db\backends\base\introspection.py first seen with mtime 1742890069.4524267
File C:\Users\HP\Desktop\easetalkproject\env\Lib\site-packages\django\contrib\admin\templatetags\admin_urls.py first seen with mtime 1742890064.3623512
File C:\Users\HP\Desktop\easetalkproject\env\Lib\site-packages\sqlparse\filters\__init__.py first seen with mtime 1742890061.0156372
File C:\Users\HP\Desktop\easetalkproject\env\Lib\site-packages\twisted\web\_responses.py first seen with mtime 1742980033.2189026
File C:\Users\HP\Desktop\easetalkproject\env\Lib\site-packages\cryptography\hazmat\primitives\asymmetric\ec.py first seen with mtime 1742980075.3996599
File C:\Users\HP\AppData\Local\Programs\Python\Python312\Lib\asyncio\proactor_events.py first seen with mtime 1733288252.0
File C:\Users\HP\Desktop\easetalkproject\env\Lib\site-packages\cryptography\x509\name.py first seen with mtime 1742980075.5092897
File C:\Users\HP\Desktop\easetalkproject\env\Lib\site-packages\autobahn\wamp\request.py first seen with mtime 1742980079.1496112
File C:\Users\HP\Desktop\easetalkproject\env\Lib\site-packages\django\template\backends\base.py first seen with mtime 1742890069.8853796
File C:\Users\HP\Desktop\easetalkproject\env\Lib\site-packages\cryptography\hazmat\primitives\serialization\__init__.py first seen with mtime 1742980075.4814513
File C:\Users\HP\Desktop\easetalkproject\env\Lib\site-packages\twisted\internet\base.py first seen with mtime 1742980031.7846086
File C:\Users\HP\Desktop\easetalkproject\env\Lib\site-packages\attrs\filters.py first seen with mtime 1742980019.4284267
File C:\Users\HP\Desktop\easetalkproject\env\Lib\site-packages\autobahn\wamp\protocol.py first seen with mtime 1742980079.1480606
File C:\Users\HP\Desktop\easetalkproject\env\Lib\site-packages\cryptography\x509\certificate_transparency.py first seen with mtime 1742980075.5042224
File C:\Users\HP\Desktop\easetalkproject\env\Lib\site-packages\channels\apps.py first seen with mtime 1742980029.4212842
File C:\Users\HP\Desktop\easetalkproject\env\Lib\site-packages\daphne\utils.py first seen with mtime 1742980087.4094217
File C:\Users\HP\Desktop\easetalkproject\env\Lib\site-packages\urllib3\contrib\__init__.py first seen with mtime 1743156270.4094439
File C:\Users\HP\Desktop\easetalkproject\env\Lib\site-packages\django\template\loaders\__init__.py first seen with mtime 1742890069.8968768
File C:\Users\HP\Desktop\easetalkproject\easetalkprojectapp\easetalk\urls.py first seen with mtime 1742989273.8232784
File C:\Users\HP\Desktop\easetalkproject\env\Lib\site-packages\django\contrib\staticfiles\views.py first seen with mtime 1742890069.2003417
File C:\Users\HP\Desktop\easetalkproject\env\Lib\site-packages\cryptography\hazmat\primitives\asymmetric\ec.py first seen with mtime 1742980075.3996599
File C:\Users\HP\Desktop\easetalkproject\env\Lib\site-packages\requests\compat.py first seen with mtime 1743156277.107064
File C:\Users\HP\Desktop\easetalkproject\env\Lib\site-packages\urllib3\connection.py first seen with mtime 1743156270.3953092
File C:\Users\HP\Desktop\easetalkproject\env\Lib\site-packages\django\utils\cache.py first seen with mtime 1742890069.943614
File C:\Users\HP\AppData\Local\Programs\Python\Python312\Lib\glob.py first seen with mtime 1733288252.0
File C:\Users\HP\Desktop\easetalkproject\env\Lib\site-packages\autobahn\websocket\util.py first seen with mtime 1742980079.3484266
File C:\Users\HP\Desktop\easetalkproject\env\Lib\site-packages\django\utils\decorators.py first seen with mtime 1742890069.9540057
File C:\Users\HP\Desktop\easetalkproject\env\Lib\site-packages\autobahn\wamp\protocol.py first seen with mtime 1742980079.1480606
File C:\Users\HP\Desktop\easetalkproject\env\Lib\site-packages\django\core\handlers\exception.py first seen with mtime 1742890069.3081071
File C:\Users\HP\Desktop\easetalkproject\env\Lib\site-packages\django\db\backends\base\schema.py first seen with mtime 1742890069.460756
File C:\Users\HP\Desktop\easetalkproject\env\Lib\site-packages\twisted\logger\_observer.py first seen with mtime 1742980032.2596793
File C:\Users\HP\AppData\Local\Programs\Python\Python312\Lib\asyncio\locks.py first seen with mtime 1733288252.0
File C:\Users\HP\Desktop\easetalkproject\env\Lib\site-packages\zope\interface\_zope_interface_coptimizations.cp312-win_amd64.pyd first seen with mtime 1742980020.204896
File C:\Users\HP\AppData\Local\Programs\Python\Python312\Lib\decimal.py first seen with mtime 1733288252.0
File C:\Users\HP\Desktop\easetalkproject\env\Lib\site-packages\autobahn\_version.py first seen with mtime 1742980079.0099816
File C:\Users\HP\Desktop\easetalkproject\env\Lib\site-packages\channels\__init__.py first seen with mtime 1742980029.4174569
File C:\Users\HP\Desktop\easetalkproject\env\Lib\site-packages\django\core\serializers\__init__.py first seen with mtime 1742890069.4000168
File C:\Users\HP\Desktop\easetalkproject\env\Lib\site-packages\twisted\python\versions.py first seen with mtime 1742980032.7204902
File C:\Users\HP\Desktop\easetalkproject\env\Lib\site-packages\django\db\models\fields\generated.py first seen with mtime 1742890069.6441803
File C:\Users\HP\AppData\Local\Programs\Python\Python312\Lib\email\_header_value_parser.py first seen with mtime 1733288252.0
File C:\Users\HP\Desktop\easetalkproject\env\Lib\site-packages\django\core\mail\message.py first seen with mtime 1742890069.3135905
File C:\Users\HP\Desktop\easetalkproject\env\Lib\site-packages\sqlparse\engine\filter_stack.py first seen with mtime 1742890061.0105133
File C:\Users\HP\AppData\Local\Programs\Python\Python312\DLLs\pyexpat.pyd first seen with mtime 1733288284.0
File C:\Users\HP\Desktop\easetalkproject\easetalkprojectapp\anonymous\apps.py first seen with mtime 1742908934.656465
File C:\Users\HP\Desktop\easetalkproject\env\Lib\site-packages\twisted\logger\_json.py first seen with mtime 1742980032.2505999
File C:\Users\HP\Desktop\easetalkproject\env\Lib\site-packages\django\templatetags\cache.py first seen with mtime 1742890069.908404
File C:\Users\HP\Desktop\easetalkproject\env\Lib\site-packages\django\db\models\fields\related_descriptors.py first seen with mtime 1742890069.6526928
File C:\Users\HP\AppData\Local\Programs\Python\Python312\Lib\wsgiref\handlers.py first seen with mtime 1733288254.0
File C:\Users\HP\Desktop\easetalkproject\env\Lib\site-packages\django\db\models\aggregates.py first seen with mtime 1742890069.605846
File C:\Users\HP\Desktop\easetalkproject\env\Lib\site-packages\cryptography\hazmat\primitives\_cipheralgorithm.py first seen with mtime 1742980075.492207
File C:\Users\HP\Desktop\easetalkproject\env\Lib\site-packages\daphne\__init__.py first seen with mtime 1742980087.3873472
File C:\Users\HP\AppData\Local\Programs\Python\Python312\Lib\ast.py first seen with mtime 1733288252.0
File C:\Users\HP\Desktop\easetalkproject\env\Lib\site-packages\pyasn1\type\char.py first seen with mtime 1742980016.0864804
File C:\Users\HP\Desktop\easetalkproject\env\Lib\site-packages\requests\status_codes.py first seen with mtime 1743156277.1195133
File C:\Users\HP\AppData\Local\Programs\Python\Python312\Lib\collections\abc.py first seen with mtime 1733288252.0
File C:\Users\HP\Desktop\easetalkproject\env\Lib\site-packages\charset_normalizer\models.py first seen with mtime 1743156276.1733
File C:\Users\HP\Desktop\easetalkproject\env\Lib\site-packages\django\contrib\__init__.py first seen with mtime 1742890063.28572
File C:\Users\HP\Desktop\easetalkproject\env\Lib\site-packages\urllib3\util\__init__.py first seen with mtime 1743156270.4354727
File C:\Users\HP\AppData\Local\Programs\Python\Python312\Lib\asyncio\windows_events.py first seen with mtime 1733288252.0
File C:\Users\HP\Desktop\easetalkproject\env\Lib\site-packages\django\core\checks\security\csrf.py first seen with mtime 1742890069.270491
File C:\Users\HP\Desktop\easetalkproject\env\Lib\site-packages\django\urls\conf.py first seen with mtime 1742890069.930666
File C:\Users\HP\Desktop\easetalkproject\env\Lib\site-packages\django\utils\termcolors.py first seen with mtime 1742890069.9756703
File C:\Users\HP\Desktop\easetalkproject\env\Lib\site-packages\django\dispatch\__init__.py first seen with mtime 1742890069.6875741
File C:\Users\HP\AppData\Local\Programs\Python\Python312\Lib\importlib\_abc.py first seen with mtime 1733288252.0
File C:\Users\HP\AppData\Local\Programs\Python\Python312\Lib\asyncio\events.py first seen with mtime 1733288252.0
File C:\Users\HP\Desktop\easetalkproject\env\Lib\site-packages\django\contrib\admin\templatetags\log.py first seen with mtime 1742890064.3654184
File C:\Users\HP\Desktop\easetalkproject\env\Lib\site-packages\urllib3\__init__.py first seen with mtime 1743156270.377216
File C:\Users\HP\Desktop\easetalkproject\env\Lib\site-packages\django\utils\html.py first seen with mtime 1742890069.9625187
File C:\Users\HP\Desktop\easetalkproject\env\Lib\site-packages\autobahn\websocket\xormasker.py first seen with mtime 1742980079.3484266
File C:\Users\HP\AppData\Local\Programs\Python\Python312\Lib\http\cookies.py first seen with mtime 1733288252.0
File C:\Users\HP\Desktop\easetalkproject\env\Lib\site-packages\social_core\backends\__init__.py first seen with mtime 1743156280.340249
File C:\Users\HP\Desktop\easetalkproject\env\Lib\site-packages\django\db\__init__.py first seen with mtime 1742890069.4215353
File C:\Users\HP\Desktop\easetalkproject\env\Lib\site-packages\txaio\_util.py first seen with mtime 1742979998.802776
File C:\Users\HP\AppData\Local\Programs\Python\Python312\Lib\xml\etree\cElementTree.py first seen with mtime 1733288254.0
File C:\Users\HP\AppData\Local\Programs\Python\Python312\Lib\encodings\charmap.py first seen with mtime 1733288252.0
File C:\Users\HP\Desktop\easetalkproject\env\Lib\site-packages\autobahn\util.py first seen with mtime 1742980079.0170574
File C:\Users\HP\AppData\Local\Programs\Python\Python312\Lib\__future__.py first seen with mtime 1733288252.0
File C:\Users\HP\Desktop\easetalkproject\env\Lib\site-packages\daphne\endpoints.py first seen with mtime 1742980087.4007623
File C:\Users\HP\Desktop\easetalkproject\env\Lib\site-packages\django\db\models\manager.py first seen with mtime 1742890069.6266122
File C:\Users\HP\AppData\Local\Programs\Python\Python312\Lib\email\iterators.py first seen with mtime 1733288252.0
File C:\Users\HP\Desktop\easetalkproject\env\Lib\site-packages\attr\_version_info.py first seen with mtime 1742980019.401235
File C:\Users\HP\Desktop\easetalkproject\env\Lib\site-packages\django\http\multipartparser.py first seen with mtime 1742890069.845488
File C:\Users\HP\Desktop\easetalkproject\env\Lib\site-packages\twisted\_threads\_convenience.py first seen with mtime 1742980031.3677068
File C:\Users\HP\Desktop\easetalkproject\env\Lib\site-packages\django\core\files\uploadhandler.py first seen with mtime 1742890069.2890143
File C:\Users\HP\Desktop\easetalkproject\env\Lib\site-packages\django\db\models\fields\json.py first seen with mtime 1742890069.6462638
File C:\Users\HP\Desktop\easetalkproject\easetalkprojectapp\easetalkprojectapp\__init__.py first seen with mtime 1742890167.8972917
File C:\Users\HP\Desktop\easetalkproject\env\Lib\site-packages\twisted\logger\_global.py first seen with mtime 1742980032.2426414
File C:\Users\HP\Desktop\easetalkproject\env\Lib\site-packages\django\forms\fields.py first seen with mtime 1742890069.6999483
File C:\Users\HP\Desktop\easetalkproject\env\Lib\site-packages\django\core\files\images.py first seen with mtime 1742890069.2768843
File C:\Users\HP\Desktop\easetalkproject\env\Lib\site-packages\django\http\__init__.py first seen with mtime 1742890069.845488
File C:\Users\HP\AppData\Local\Programs\Python\Python312\Lib\csv.py first seen with mtime 1733288252.0
File C:\Users\HP\AppData\Local\Programs\Python\Python312\Lib\mimetypes.py first seen with mtime 1733288252.0
File C:\Users\HP\Desktop\easetalkproject\env\Lib\site-packages\django\db\backends\mysql\schema.py first seen with mtime 1742890069.4982243
File C:\Users\HP\Desktop\easetalkproject\env\Lib\site-packages\service_identity\exceptions.py first seen with mtime 1742980078.419282
File C:\Users\HP\AppData\Local\Programs\Python\Python312\Lib\importlib\metadata\__init__.py first seen with mtime 1733288252.0
File C:\Users\HP\Desktop\easetalkproject\env\Lib\site-packages\social_core\backends\__init__.py first seen with mtime 1743156280.340249
File C:\Users\HP\AppData\Local\Programs\Python\Python312\Lib\ctypes\__init__.py first seen with mtime 1733288252.0
File C:\Users\HP\Desktop\easetalkproject\env\Lib\site-packages\twisted\python\context.py first seen with mtime 1742980032.6672952
File C:\Users\HP\Desktop\easetalkproject\env\Lib\site-packages\twisted\python\__init__.py first seen with mtime 1742980032.6494431
File C:\Users\HP\Desktop\easetalkproject\easetalkprojectapp\anonymous\views.py first seen with mtime 1742909236.3925617
File C:\Users\HP\AppData\Local\Programs\Python\Python312\Lib\asyncio\subprocess.py first seen with mtime 1733288252.0

File C:\Users\HP\Desktop\easetalkproject\env\Lib\site-packages\django\utils\deprecation.py first seen with mtime 1742890069.9555154
File C:\Users\HP\Desktop\easetalkproject\env\Lib\site-packages\django\templatetags\tz.py first seen with mtime 1742890069.908404
File C:\Users\HP\AppData\Local\Programs\Python\Python312\Lib\http\client.py first seen with mtime 1733288252.0
File C:\Users\HP\Desktop\easetalkproject\env\Lib\site-packages\pyasn1\codec\ber\__init__.py first seen with mtime 1742980016.0536747
File C:\Users\HP\Desktop\easetalkproject\env\Lib\site-packages\twisted\logger\_legacy.py first seen with mtime 1742980032.254624
File C:\Users\HP\Desktop\easetalkproject\env\Lib\site-packages\twisted\internet\_newtls.py first seen with mtime 1742980031.754372
File C:\Users\HP\AppData\Local\Programs\Python\Python312\Lib\importlib\metadata\_meta.py first seen with mtime 1733288252.0
File C:\Users\HP\Desktop\easetalkproject\env\Lib\site-packages\django\contrib\sessions\base_session.py first seen with mtime 1742890068.2853968
File C:\Users\HP\AppData\Local\Programs\Python\Python312\Lib\typing.py first seen with mtime 1733288254.0
File C:\Users\HP\Desktop\easetalkproject\env\Lib\site-packages\asgiref\current_thread_executor.py first seen with mtime 1742890061.937279
File C:\Users\HP\Desktop\easetalkproject\env\Lib\site-packages\sqlparse\keywords.py first seen with mtime 1742890060.999081
File C:\Users\HP\Desktop\easetalkproject\env\Lib\site-packages\channels\__init__.py first seen with mtime 1742980029.4174569
File C:\Users\HP\Desktop\easetalkproject\env\Lib\site-packages\urllib3\_request_methods.py first seen with mtime 1743156270.3907733
e C:\Users\HP\Desktop\easetalkproject\env\Lib\site-packages\social_core\storage.py first seen with mtime 1743156280.3354535
File C:\Users\HP\AppData\Local\Programs\Python\Python312\Lib\asyncio\format_helpers.py first seen with mtime 1733288252.0
File C:\Users\HP\Desktop\easetalkproject\env\Lib\site-packages\django\db\models\fields\related_lookups.py first seen with mtime 1742890069.6557422
File C:\Users\HP\Desktop\easetalkproject\env\Lib\site-packages\django\contrib\staticfiles\apps.py first seen with mtime 1742890069.1858404
File C:\Users\HP\Desktop\easetalkproject\env\Lib\site-packages\twisted\internet\udp.py first seen with mtime 1742980031.8446386
File C:\Users\HP\Desktop\easetalkproject\env\Lib\site-packages\attrs\setters.py first seen with mtime 1742980019.430941
File C:\Users\HP\Desktop\easetalkproject\env\Lib\site-packages\cryptography\hazmat\primitives\asymmetric\__init__.py first seen with mtime 1742980075.4259295
File C:\Users\HP\Desktop\easetalkproject\env\Lib\site-packages\charset_normalizer\cd.py first seen with mtime 1743156276.1606302
File C:\Users\HP\AppData\Local\Programs\Python\Python312\DLLs\_lzma.pyd first seen with mtime 1733288284.0
File C:\Users\HP\AppData\Local\Programs\Python\Python312\Lib\asyncio\staggered.py first seen with mtime 1733288252.0
File C:\Users\HP\Desktop\easetalkproject\env\Lib\site-packages\django\core\checks\translation.py first seen with mtime 1742890069.2643502
File C:\Users\HP\Desktop\easetalkproject\env\Lib\site-packages\twisted\internet\_idna.py first seen with mtime 1742980031.7503147
File C:\Users\HP\Desktop\easetalkproject\env\Lib\site-packages\charset_normalizer\legacy.py first seen with mtime 1743156276.1657684
File C:\Users\HP\Desktop\easetalkproject\env\Lib\site-packages\django\db\backends\base\schema.py first seen with mtime 1742890069.460756
File C:\Users\HP\Desktop\easetalkproject\env\Lib\site-packages\django\template\loaders\filesystem.py first seen with mtime 1742890069.9008932
File C:\Users\HP\AppData\Local\Programs\Python\Python312\Lib\pprint.py first seen with mtime 1733288252.0
File C:\Users\HP\Desktop\easetalkproject\env\Lib\site-packages\openid\cryptutil.py first seen with mtime 1743156277.9255655
File C:\Users\HP\Desktop\easetalkproject\env\Lib\site-packages\django\utils\duration.py first seen with mtime 1742890069.9555154
File C:\Users\HP\Desktop\easetalkproject\env\Lib\site-packages\django\contrib\admin\utils.py first seen with mtime 1742890063.3104753
File C:\Users\HP\Desktop\easetalkproject\env\Lib\site-packages\cryptography\hazmat\bindings\openssl\_conditional.py first seen with mtime 1742980075.3344617
File C:\Users\HP\Desktop\easetalkproject\env\Lib\site-packages\django\forms\renderers.py first seen with mtime 1742890069.7073557
File C:\Users\HP\Desktop\easetalkproject\env\Lib\site-packages\cryptography\exceptions.py first seen with mtime 1742980075.3243146
File C:\Users\HP\Desktop\easetalkproject\env\Lib\site-packages\django\contrib\auth\management\__init__.py first seen with mtime 1742890065.2316997
File C:\Users\HP\Desktop\easetalkproject\env\Lib\site-packages\django\core\checks\compatibility\__init__.py first seen with mtime 1742890069.266476
File C:\Users\HP\Desktop\easetalkproject\env\Lib\site-packages\django\core\servers\basehttp.py first seen with mtime 1742890069.4197996
File C:\Users\HP\Desktop\easetalkproject\env\Lib\site-packages\django\db\models\deletion.py first seen with mtime 1742890069.6164992
File C:\Users\HP\Desktop\easetalkproject\env\Lib\site-packages\sqlparse\filters\right_margin.py first seen with mtime 1742890061.0207007
File C:\Users\HP\Desktop\easetalkproject\env\Lib\site-packages\urllib3\util\request.py first seen with mtime 1743156270.4455035
File C:\Users\HP\Desktop\easetalkproject\env\Lib\site-packages\twisted\__init__.py first seen with mtime 1742980031.3542075
File C:\Users\HP\AppData\Local\Programs\Python\Python312\DLLs\_uuid.pyd first seen with mtime 1733288284.0
File C:\Users\HP\Desktop\easetalkproject\env\Lib\site-packages\django\core\signals.py first seen with mtime 1742890069.2226439
File C:\Users\HP\Desktop\easetalkproject\env\Lib\site-packages\twisted\protocols\tls.py first seen with mtime 1742980032.614574
File C:\Users\HP\Desktop\easetalkproject\env\Lib\site-packages\daphne\utils.py first seen with mtime 1742980087.4094217
File C:\Users\HP\Desktop\easetalkproject\env\Lib\site-packages\django\utils\numberformat.py first seen with mtime 1742890069.9756703
File C:\Users\HP\Desktop\easetalkproject\env\Lib\site-packages\django\views\generic\detail.py first seen with mtime 1742890070.0208688
File C:\Users\HP\Desktop\easetalkproject\env\Lib\site-packages\urllib3\_collections.py first seen with mtime 1743156270.3885741
File C:\Users\HP\Desktop\easetalkproject\env\Lib\site-packages\django\conf\locale\__init__.py first seen with mtime 1742890062.435606
File C:\Users\HP\AppData\Local\Programs\Python\Python312\Lib\contextvars.py first seen with mtime 1733288252.0
File C:\Users\HP\Desktop\easetalkproject\env\Lib\site-packages\django\db\backends\utils.py first seen with mtime 1742890069.4356382
File C:\Users\HP\Desktop\easetalkproject\env\Lib\site-packages\django\views\decorators\cache.py first seen with mtime 1742890070.006719
File C:\Users\HP\AppData\Local\Programs\Python\Python312\Lib\email\quoprimime.py first seen with mtime 1733288252.0
File C:\Users\HP\Desktop\easetalkproject\env\Lib\site-packages\urllib3\util\proxy.py first seen with mtime 1743156270.4416444
File C:\Users\HP\AppData\Local\Programs\Python\Python312\Lib\importlib\readers.py first seen with mtime 1733288252.0
File C:\Users\HP\Desktop\easetalkproject\env\Lib\site-packages\django\views\decorators\__init__.py first seen with mtime 1742890070.0001237
File C:\Users\HP\AppData\Local\Programs\Python\Python312\Lib\calendar.py first seen with mtime 1733288252.0
File C:\Users\HP\Desktop\easetalkproject\env\Lib\site-packages\django\utils\module_loading.py first seen with mtime 1742890069.9701376
File C:\Users\HP\Desktop\easetalkproject\env\Lib\site-packages\django\contrib\contenttypes\fields.py first seen with mtime 1742890065.2660482
File C:\Users\HP\AppData\Local\Programs\Python\Python312\Lib\operator.py first seen with mtime 1733288252.0
 mtime 1742890069.326715
File C:\Users\HP\Desktop\easetalkproject\env\Lib\site-packages\django\contrib\admin\helpers.py first seen with mtime 1742890063.3008292
File C:\Users\HP\Desktop\easetalkproject\env\Lib\site-packages\django\db\backends\base\introspection.py first seen with mtime 1742890069.4524267
File C:\Users\HP\Desktop\easetalkproject\env\Lib\site-packages\urllib3\fields.py first seen with mtime 1743156270.4003367
File C:\Users\HP\Desktop\easetalkproject\env\Lib\site-packages\urllib3\util\ssl_match_hostname.py first seen with mtime 1743156270.4507854
File C:\Users\HP\Desktop\easetalkproject\env\Lib\site-packages\django\core\wsgi.py first seen with mtime 1742890069.2256587
File C:\Users\HP\AppData\Local\Programs\Python\Python312\Lib\email\errors.py first seen with mtime 1733288252.0
File C:\Users\HP\Desktop\easetalkproject\env\Lib\site-packages\twisted\python\util.py first seen with mtime 1742980032.7144184
File C:\Users\HP\Desktop\easetalkproject\env\Lib\site-packages\attr\_funcs.py first seen with mtime 1742980019.394051
File C:\Users\HP\Desktop\easetalkproject\env\Lib\site-packages\django\core\servers\__init__.py first seen with mtime 1742890069.418075
File C:\Users\HP\Desktop\easetalkproject\env\Lib\site-packages\_distutils_hack\__init__.py first seen with mtime 1742979999.2414362
File C:\Users\HP\Desktop\easetalkproject\env\Lib\site-packages\django\db\backends\ddl_references.py first seen with mtime 1742890069.4282622
File C:\Users\HP\Desktop\easetalkproject\env\Lib\site-packages\daphne\management\__init__.py first seen with mtime 1742980087.4119487
File C:\Users\HP\AppData\Local\Programs\Python\Python312\Lib\collections\__init__.py first seen with mtime 1733288252.0
File C:\Users\HP\Desktop\easetalkproject\env\Lib\site-packages\django\contrib\admin\templatetags\admin_list.py first seen with mtime 1742890064.3562531
File C:\Users\HP\AppData\Local\Programs\Python\Python312\Lib\importlib\metadata\_collections.py first seen with mtime 1733288252.0
File C:\Users\HP\Desktop\easetalkproject\env\Lib\site-packages\twisted\logger\_filter.py first seen with mtime 1742980032.2354991
File C:\Users\HP\Desktop\easetalkproject\env\Lib\site-packages\django\http\__init__.py first seen with mtime 1742890069.845488
69.686175
File C:\Users\HP\Desktop\easetalkproject\env\Lib\site-packages\urllib3\util\util.py first seen with mtime 1743156270.459257
File C:\Users\HP\Desktop\easetalkproject\env\Lib\site-packages\django\contrib\staticfiles\__init__.py first seen with mtime 1742890069.1811912
File C:\Users\HP\Desktop\easetalkproject\env\Lib\site-packages\django\contrib\staticfiles\utils.py first seen with mtime 1742890069.19672
File C:\Users\HP\Desktop\easetalkproject\env\Lib\site-packages\django\views\decorators\csrf.py first seen with mtime 1742890070.0107324
File C:\Users\HP\Desktop\easetalkproject\env\Lib\site-packages\django\db\backends\__init__.py first seen with mtime 1742890069.4282622
File C:\Users\HP\AppData\Local\Programs\Python\Python312\Lib\reprlib.py first seen with mtime 1733288252.0
File C:\Users\HP\Desktop\easetalkproject\env\Lib\site-packages\twisted\protocols\policies.py first seen with mtime 1742980032.6053727
File C:\Users\HP\Desktop\easetalkproject\env\Lib\site-packages\twisted\python\compat.py first seen with mtime 1742980032.6644902
File C:\Users\HP\Desktop\easetalkproject\env\Lib\site-packages\django\middleware\csrf.py first seen with mtime 1742890069.8580472
File C:\Users\HP\Desktop\easetalkproject\env\Lib\site-packages\django\contrib\contenttypes\views.py first seen with mtime 1742890065.2725563
File C:\Users\HP\Desktop\easetalkproject\env\Lib\site-packages\asgiref\__init__.py first seen with mtime 1742890061.931669
File C:\Users\HP\Desktop\easetalkproject\env\Lib\site-packages\asgiref\local.py first seen with mtime 1742890061.937279
File C:\Users\HP\Desktop\easetalkproject\env\Lib\site-packages\django\db\migrations\exceptions.py first seen with mtime 1742890069.5767798
File C:\Users\HP\AppData\Local\Programs\Python\Python312\Lib\json\__init__.py first seen with mtime 1733288252.0
File C:\Users\HP\Desktop\easetalkproject\env\Lib\site-packages\django\contrib\admin\checks.py first seen with mtime 1742890063.2942574
File C:\Users\HP\Desktop\easetalkproject\env\Lib\site-packages\twisted\internet\__init__.py first seen with mtime 1742980031.7379398
File C:\Users\HP\AppData\Local\Programs\Python\Python312\Lib\asyncio\runners.py first seen with mtime 1733288252.0
File C:\Users\HP\AppData\Local\Programs\Python\Python312\Lib\inspect.py first seen with mtime 1733288252.0
File C:\Users\HP\AppData\Local\Programs\Python\Python312\Lib\opcode.py first seen with mtime 1733288252.0
File C:\Users\HP\AppData\Local\Programs\Python\Python312\Lib\selectors.py first seen with mtime 1733288252.0
File C:\Users\HP\Desktop\easetalkproject\env\Lib\site-packages\django\core\files\uploadedfile.py first seen with mtime 1742890069.2865891
File C:\Users\HP\Desktop\easetalkproject\env\Lib\site-packages\django\contrib\contenttypes\forms.py first seen with mtime 1742890065.2683668
File C:\Users\HP\Desktop\easetalkproject\env\Lib\site-packages\pyasn1\codec\cer\decoder.py first seen with mtime 1742980016.0636413
File C:\Users\HP\Desktop\easetalkproject\env\Lib\site-packages\twisted\internet\_multicast.py first seen with mtime 1742980031.7523572
File C:\Users\HP\AppData\Local\Programs\Python\Python312\Lib\zipfile\_path\__init__.py first seen with mtime 1733288254.0
File C:\Users\HP\Desktop\easetalkproject\env\Lib\site-packages\urllib3\util\retry.py first seen with mtime 1743156270.4482162
File C:\Users\HP\Desktop\easetalkproject\env\Lib\site-packages\django\core\files\base.py first seen with mtime 1742890069.2768843
File C:\Users\HP\Desktop\easetalkproject\env\Lib\site-packages\django\contrib\contenttypes\views.py first seen with mtime 1742890065.2725563
File C:\Users\HP\Desktop\easetalkproject\env\Lib\site-packages\pyasn1\type\namedval.py first seen with mtime 1742980016.0946884
File C:\Users\HP\Desktop\easetalkproject\env\Lib\site-packages\django\core\management\base.py first seen with mtime 1742890069.326715
File C:\Users\HP\AppData\Local\Programs\Python\Python312\Lib\importlib\metadata\_text.py first seen with mtime 1733288252.0
File C:\Users\HP\AppData\Local\Programs\Python\Python312\Lib\importlib\resources\_legacy.py first seen with mtime 1733288252.0
6
File C:\Users\HP\Desktop\easetalkproject\env\Lib\site-packages\requests\cookies.py first seen with mtime 1743156277.107064
File C:\Users\HP\Desktop\easetalkproject\env\Lib\site-packages\django\core\files\storage\base.py first seen with mtime 1742890069.2913778
File C:\Users\HP\Desktop\easetalkproject\env\Lib\site-packages\django\utils\lorem_ipsum.py first seen with mtime 1742890069.9701376
File C:\Users\HP\AppData\Local\Programs\Python\Python312\Lib\asyncio\runners.py first seen with mtime 1733288252.0
File C:\Users\HP\Desktop\easetalkproject\env\Lib\site-packages\django\utils\datastructures.py first seen with mtime 1742890069.9482584
File C:\Users\HP\Desktop\easetalkproject\env\Lib\site-packages\twisted\python\runtime.py first seen with mtime 1742980032.699407
File C:\Users\HP\Desktop\easetalkproject\env\Lib\site-packages\django\utils\dates.py first seen with mtime 1742890069.9482584

File C:\Users\HP\Desktop\easetalkproject\env\Lib\site-packages\twisted\logger\_buffer.py first seen with mtime 1742980032.2300315
File C:\Users\HP\Desktop\easetalkproject\env\Lib\site-packages\django\template\context.py first seen with mtime 1742890069.869456
File C:\Users\HP\AppData\Local\Programs\Python\Python312\Lib\encodings\utf_8.py first seen with mtime 1733288252.0
File C:\Users\HP\Desktop\easetalkproject\env\Lib\site-packages\django\template\loaders\cached.py first seen with mtime 1742890069.9008932
File C:\Users\HP\AppData\Local\Programs\Python\Python312\Lib\heapq.py first seen with mtime 1733288252.0
File C:\Users\HP\AppData\Local\Programs\Python\Python312\Lib\getpass.py first seen with mtime 1733288252.0
980016.0432289
File C:\Users\HP\Desktop\easetalkproject\env\Lib\site-packages\defusedxml\ElementTree.py first seen with mtime 1743156275.725436
File C:\Users\HP\Desktop\easetalkproject\env\Lib\site-packages\attr\exceptions.py first seen with mtime 1742980019.4084277
\AppData\Local\Programs\Python\Python312\Lib\http\server.py first seen with mtime 1733288252.0
File C:\Users\HP\Desktop\easetalkproject\env\Lib\site-packages\social_core\backends\base.py first seen with mtime 1743156280.3686848
File C:\Users\HP\Desktop\easetalkproject\env\Lib\site-packages\django\forms\forms.py first seen with mtime 1742890069.6999483
File C:\Users\HP\Desktop\easetalkproject\env\Lib\site-packages\django\contrib\admin\templatetags\admin_modify.py first seen with mtime 1742890064.3610919
File C:\Users\HP\AppData\Local\Programs\Python\Python312\DLLs\_uuid.pyd first seen with mtime 1733288284.0
File C:\Users\HP\AppData\Local\Programs\Python\Python312\Lib\pathlib.py first seen with mtime 1733288252.0
File C:\Users\HP\AppData\Local\Programs\Python\Python312\Lib\asyncio\exceptions.py first seen with mtime 1733288252.0
File C:\Users\HP\AppData\Local\Programs\Python\Python312\Lib\asyncio\windows_utils.py first seen with mtime 1733288252.0
File C:\Users\HP\Desktop\easetalkproject\env\Lib\site-packages\autobahn\wamp\message.py first seen with mtime 1742980079.1417644
File C:\Users\HP\Desktop\easetalkproject\env\Lib\site-packages\twisted\internet\tcp.py first seen with mtime 1742980031.8374476
File C:\Users\HP\AppData\Local\Programs\Python\Python312\Lib\email\__init__.py first seen with mtime 1733288252.0
File C:\Users\HP\Desktop\easetalkproject\env\Lib\site-packages\charset_normalizer\api.py first seen with mtime 1743156276.1556082
File C:\Users\HP\Desktop\easetalkproject\env\Lib\site-packages\autobahn\wamp\uri.py first seen with mtime 1742980079.1575508

File C:\Users\HP\AppData\Local\Programs\Python\Python312\Lib\email\mime\base.py first seen with mtime 1733288252.0
File C:\Users\HP\Desktop\easetalkproject\env\Lib\site-packages\urllib3\_version.py first seen with mtime 1743156270.3931339
File C:\Users\HP\AppData\Local\Programs\Python\Python312\Lib\email\errors.py first seen with mtime 1733288252.0
File C:\Users\HP\Desktop\easetalkproject\env\Lib\site-packages\zope\interface\ro.py first seen with mtime 1742980020.2182808
File C:\Users\HP\AppData\Local\Programs\Python\Python312\Lib\gettext.py first seen with mtime 1733288252.0
File C:\Users\HP\AppData\Local\Programs\Python\Python312\Lib\re\__init__.py first seen with mtime 1733288252.0
File C:\Users\HP\Desktop\easetalkproject\env\Lib\site-packages\txaio\tx.py first seen with mtime 1742979998.8067944
File C:\Users\HP\Desktop\easetalkproject\env\Lib\site-packages\django\db\models\lookups.py first seen with mtime 1742890069.6255274
File C:\Users\HP\Desktop\easetalkproject\env\Lib\site-packages\autobahn\exception.py first seen with mtime 1742980079.0110643
File C:\Users\HP\Desktop\easetalkproject\env\Lib\site-packages\django\http\cookie.py first seen with mtime 1742890069.845488
File C:\Users\HP\Desktop\easetalkproject\env\Lib\site-packages\charset_normalizer\md.cp312-win_amd64.pyd first seen with mtime 1743156276.1657684
File C:\Users\HP\Desktop\easetalkproject\env\Lib\site-packages\sqlparse\engine\filter_stack.py first seen with mtime 1742890061.0105133
File C:\Users\HP\AppData\Local\Programs\Python\Python312\Lib\asyncio\threads.py first seen with mtime 1733288252.0
File C:\Users\HP\Desktop\easetalkproject\env\Lib\site-packages\django\forms\formsets.py first seen with mtime 1742890069.6999483
File C:\Users\HP\Desktop\easetalkproject\env\Lib\site-packages\django\db\migrations\operations\base.py first seen with mtime 1742890069.6008275
File C:\Users\HP\Desktop\easetalkproject\env\Lib\site-packages\autobahn\twisted\__init__.py first seen with mtime 1742980079.078125
File C:\Users\HP\Desktop\easetalkproject\env\Lib\site-packages\django\http\cookie.py first seen with mtime 1742890069.845488
File C:\Users\HP\AppData\Local\Programs\Python\Python312\Lib\email\message.py first seen with mtime 1733288252.0
File C:\Users\HP\AppData\Local\Programs\Python\Python312\Lib\opcode.py first seen with mtime 1733288252.0
File C:\Users\HP\Desktop\easetalkproject\env\Lib\site-packages\django\utils\cache.py first seen with mtime 1742890069.943614
File C:\Users\HP\Desktop\easetalkproject\env\Lib\site-packages\requests\hooks.py first seen with mtime 1743156277.107064
File C:\Users\HP\Desktop\easetalkproject\env\Lib\site-packages\cryptography\hazmat\primitives\ciphers\__init__.py first seen with mtime 1742980075.4371386
File C:\Users\HP\Desktop\easetalkproject\env\Lib\site-packages\django\core\files\uploadhandler.py first seen with mtime 1742890069.2890143
File C:\Users\HP\AppData\Local\Programs\Python\Python312\Lib\random.py first seen with mtime 1733288252.0
File C:\Users\HP\Desktop\easetalkproject\env\Lib\site-packages\twisted\web\__init__.py first seen with mtime 1742980033.2083437
File C:\Users\HP\Desktop\easetalkproject\env\Lib\site-packages\django\core\checks\__init__.py first seen with mtime 1742890069.2482364
File C:\Users\HP\Desktop\easetalkproject\env\Lib\site-packages\django\forms\fields.py first seen with mtime 1742890069.6999483
File C:\Users\HP\Desktop\easetalkproject\env\Lib\site-packages\charset_normalizer\md.cp312-win_amd64.pyd first seen with mtime 1743156276.1657684
File C:\Users\HP\Desktop\easetalkproject\env\Lib\site-packages\django\shortcuts.py first seen with mtime 1742890062.4197903
File C:\Users\HP\Desktop\easetalkproject\env\Lib\site-packages\django\utils\choices.py first seen with mtime 1742890069.9450557
File C:\Users\HP\Desktop\easetalkproject\env\Lib\site-packages\django\utils\module_loading.py first seen with mtime 1742890069.9701376
File C:\Users\HP\Desktop\easetalkproject\easetalkprojectapp\easetalk\__init__.py first seen with mtime 1742890230.3474534
File C:\Users\HP\Desktop\easetalkproject\env\Lib\site-packages\requests\adapters.py first seen with mtime 1743156277.1000042
File C:\Users\HP\AppData\Local\Programs\Python\Python312\Lib\asyncio\tasks.py first seen with mtime 1733288252.0
File C:\Users\HP\Desktop\easetalkproject\env\Lib\site-packages\cryptography\__about__.py first seen with mtime 1742980075.519401
File C:\Users\HP\Desktop\easetalkproject\env\Lib\site-packages\urllib3\_base_connection.py first seen with mtime 1743156270.3856516
File C:\Users\HP\Desktop\easetalkproject\env\Lib\site-packages\django\db\models\fields\reverse_related.py first seen with mtime 1742890069.6557422
File C:\Users\HP\Desktop\easetalkproject\env\Lib\site-packages\urllib3\exceptions.py first seen with mtime 1743156270.3953092
File C:\Users\HP\Desktop\easetalkproject\easetalkprojectapp\therapy\urls.py first seen with mtime 1743158450.973968
File C:\Users\HP\Desktop\easetalkproject\env\Lib\site-packages\django\core\mail\utils.py first seen with mtime 1742890069.3156023
File C:\Users\HP\Desktop\easetalkproject\env\Lib\site-packages\django\templatetags\cache.py first seen with mtime 1742890069.908404
File C:\Users\HP\Desktop\easetalkproject\env\Lib\site-packages\twisted\python\filepath.py first seen with mtime 1742980032.675932
File C:\Users\HP\Desktop\easetalkproject\env\Lib\site-packages\django\core\checks\security\sessions.py first seen with mtime 1742890069.270491
File C:\Users\HP\Desktop\easetalkproject\env\Lib\site-packages\autobahn\twisted\rawsocket.py first seen with mtime 1742980079.0877078
File C:\Users\HP\Desktop\easetalkproject\env\Lib\site-packages\service_identity\exceptions.py first seen with mtime 1742980078.419282
File C:\Users\HP\Desktop\easetalkproject\env\Lib\site-packages\attrs\exceptions.py first seen with mtime 1742980019.425982
File C:\Users\HP\Desktop\easetalkproject\env\Lib\site-packages\twisted\internet\_newtls.py first seen with mtime 1742980031.754372
File C:\Users\HP\Desktop\easetalkproject\env\Lib\site-packages\django\urls\__init__.py first seen with mtime 1742890069.9256015
File C:\Users\HP\AppData\Local\Programs\Python\Python312\Lib\importlib\metadata\_functools.py first seen with mtime 1733288252.0
File C:\Users\HP\Desktop\easetalkproject\env\Lib\site-packages\django\contrib\admin\views\main.py first seen with mtime 1742890064.3704815
File C:\Users\HP\Desktop\easetalkproject\env\Lib\site-packages\django\contrib\auth\validators.py first seen with mtime 1742890064.8436491
File C:\Users\HP\Desktop\easetalkproject\env\Lib\site-packages\MySQLdb\times.py first seen with mtime 1742891595.9410956
File C:\Users\HP\AppData\Local\Programs\Python\Python312\Lib\asyncio\format_helpers.py first seen with mtime 1733288252.0
File C:\Users\HP\AppData\Local\Programs\Python\Python312\Lib\http\cookiejar.py first seen with mtime 1733288252.0
File C:\Users\HP\Desktop\easetalkproject\env\Lib\site-packages\defusedxml\common.py first seen with mtime 1743156275.73034
File C:\Users\HP\AppData\Local\Programs\Python\Python312\Lib\asyncio\trsock.py first seen with mtime 1733288252.0
File C:\Users\HP\Desktop\easetalkproject\env\Lib\site-packages\django\contrib\contenttypes\__init__.py first seen with mtime 1742890065.2584233
File C:\Users\HP\Desktop\easetalkproject\env\Lib\site-packages\django\core\mail\utils.py first seen with mtime 1742890069.3156023
File C:\Users\HP\Desktop\easetalkproject\env\Lib\site-packages\django\contrib\admin\views\__init__.py first seen with mtime 1742890064.3654184
File C:\Users\HP\Desktop\easetalkproject\env\Lib\site-packages\django\contrib\contenttypes\checks.py first seen with mtime 1742890065.2639885
File C:\Users\HP\Desktop\easetalkproject\env\Lib\site-packages\urllib3\util\timeout.py first seen with mtime 1743156270.455409
File C:\Users\HP\AppData\Local\Programs\Python\Python312\Lib\struct.py first seen with mtime 1733288252.0
File C:\Users\HP\AppData\Local\Programs\Python\Python312\Lib\urllib\parse.py first seen with mtime 1733288254.0
File C:\Users\HP\AppData\Local\Programs\Python\Python312\Lib\http\__init__.py first seen with mtime 1733288252.0
File C:\Users\HP\Desktop\easetalkproject\env\Lib\site-packages\django\core\cache\backends\base.py first seen with mtime 1742890069.2354436
File C:\Users\HP\AppData\Local\Programs\Python\Python312\Lib\xml\__init__.py first seen with mtime 1733288254.0
File C:\Users\HP\Desktop\easetalkproject\env\Lib\site-packages\django\conf\urls\__init__.py first seen with mtime 1742890063.2841113
File C:\Users\HP\Desktop\easetalkproject\env\Lib\site-packages\django\views\decorators\debug.py first seen with mtime 1742890070.0107324
File C:\Users\HP\Desktop\easetalkproject\env\Lib\site-packages\cryptography\hazmat\bindings\openssl\__init__.py first seen with mtime 1742980075.335976
File C:\Users\HP\Desktop\easetalkproject\env\Lib\site-packages\openid\store\nonce.py first seen with mtime 1743156277.9767325
File C:\Users\HP\AppData\Local\Programs\Python\Python312\Lib\functools.py first seen with mtime 1733288252.0
File C:\Users\HP\Desktop\easetalkproject\easetalkprojectapp\manage.py first seen with mtime 1742890167.7817793
File C:\Users\HP\Desktop\easetalkproject\env\Lib\site-packages\twisted\internet\_multicast.py first seen with mtime 1742980031.7523572
File C:\Users\HP\Desktop\easetalkproject\env\Lib\site-packages\twisted\persisted\sob.py first seen with mtime 1742980032.5144217
File C:\Users\HP\Desktop\easetalkproject\env\Lib\site-packages\django\core\validators.py first seen with mtime 1742890069.2256587
File C:\Users\HP\Desktop\easetalkproject\env\Lib\site-packages\twisted\python\components.py first seen with mtime 1742980032.6659422
File C:\Users\HP\Desktop\easetalkproject\env\Lib\site-packages\django\utils\hashable.py first seen with mtime 1742890069.9625187
File C:\Users\HP\Desktop\easetalkproject\env\Lib\site-packages\sqlparse\cli.py first seen with mtime 1742890060.9988184
File C:\Users\HP\Desktop\easetalkproject\env\Lib\site-packages\autobahn\wamp\interfaces.py first seen with mtime 1742980079.1392477
File C:\Users\HP\AppData\Local\Programs\Python\Python312\Lib\uuid.py first seen with mtime 1733288254.0
File C:\Users\HP\Desktop\easetalkproject\env\Lib\site-packages\django\contrib\staticfiles\handlers.py first seen with mtime 1742890069.190853
File C:\Users\HP\AppData\Local\Programs\Python\Python312\Lib\asyncio\taskgroups.py first seen with mtime 1733288252.0
File C:\Users\HP\Desktop\easetalkproject\env\Lib\site-packages\twisted\logger\_levels.py first seen with mtime 1742980032.254624
File C:\Users\HP\Desktop\easetalkproject\env\Lib\site-packages\django\template\loaders\app_directories.py first seen with mtime 1742890069.9008932
File C:\Users\HP\AppData\Local\Programs\Python\Python312\Lib\dataclasses.py first seen with mtime 1733288252.0
File C:\Users\HP\Desktop\easetalkproject\env\Lib\site-packages\django\core\handlers\wsgi.py first seen with mtime 1742890069.3081071
File C:\Users\HP\Desktop\easetalkproject\env\Lib\site-packages\django\core\signing.py first seen with mtime 1742890069.2226439
File C:\Users\HP\Desktop\easetalkproject\env\Lib\site-packages\twisted\logger\_observer.py first seen with mtime 1742980032.2596793
File C:\Users\HP\Desktop\easetalkproject\env\Lib\site-packages\django\views\generic\edit.py first seen with mtime 1742890070.0208688
File C:\Users\HP\Desktop\easetalkproject\env\Lib\site-packages\social_django\utils.py first seen with mtime 1743156294.823061
File C:\Users\HP\Desktop\easetalkproject\env\Lib\site-packages\django\views\decorators\__init__.py first seen with mtime 1742890070.0001237
File C:\Users\HP\Desktop\easetalkproject\env\Lib\site-packages\autobahn\websocket\protocol.py first seen with mtime 1742980079.3464117
File C:\Users\HP\Desktop\easetalkproject\env\Lib\site-packages\urllib3\__init__.py first seen with mtime 1743156270.377216
.305546
File C:\Users\HP\AppData\Local\Programs\Python\Python312\Lib\urllib\__init__.py first seen with mtime 1733288254.0
53
File C:\Users\HP\Desktop\easetalkproject\env\Lib\site-packages\twisted\python\lockfile.py first seen with mtime 1742980032.6794543
File C:\Users\HP\Desktop\easetalkproject\env\Lib\site-packages\PIL\_deprecate.py first seen with mtime 1742893564.527159
File C:\Users\HP\Desktop\easetalkproject\env\Lib\site-packages\django\contrib\messages\api.py first seen with mtime 1742890067.2842252
File C:\Users\HP\Desktop\easetalkproject\env\Lib\site-packages\cryptography\hazmat\primitives\serialization\base.py first seen with mtime 1742980075.4745014
File C:\Users\HP\AppData\Local\Programs\Python\Python312\Lib\stringprep.py first seen with mtime 1733288252.0
File C:\Users\HP\Desktop\easetalkproject\env\Lib\site-packages\django\template\backends\django.py first seen with mtime 1742890069.8899124
File C:\Users\HP\Desktop\easetalkproject\env\Lib\site-packages\twisted\web\iweb.py first seen with mtime 1742980033.254395
File C:\Users\HP\Desktop\easetalkproject\env\Lib\site-packages\twisted\python\zippath.py first seen with mtime 1742980032.7220755
File C:\Users\HP\Desktop\easetalkproject\env\Lib\site-packages\cryptography\hazmat\primitives\asymmetric\x25519.py first seen with mtime 1742980075.4169142
File C:\Users\HP\AppData\Local\Programs\Python\Python312\Lib\ctypes\_endian.py first seen with mtime 1733288252.0
File C:\Users\HP\Desktop\easetalkproject\easetalkprojectapp\anonymous\__init__.py first seen with mtime 1742908934.6651933
File C:\Users\HP\Desktop\easetalkproject\env\Lib\site-packages\django\core\checks\security\base.py first seen with mtime 1742890069.270491
File C:\Users\HP\AppData\Local\Programs\Python\Python312\Lib\email\parser.py first seen with mtime 1733288252.0
File C:\Users\HP\Desktop\easetalkproject\env\Lib\site-packages\MySQLdb\constants\__init__.py first seen with mtime 1742891595.9560509
File C:\Users\HP\Desktop\easetalkproject\env\Lib\site-packages\twisted\python\zippath.py first seen with mtime 1742980032.7220755
File C:\Users\HP\AppData\Local\Programs\Python\Python312\Lib\http\cookiejar.py first seen with mtime 1733288252.0
File C:\Users\HP\Desktop\easetalkproject\env\Lib\site-packages\social_django\urls.py first seen with mtime 1743156294.8215008
File C:\Users\HP\Desktop\easetalkproject\env\Lib\site-packages\autobahn\twisted\wamp.py first seen with mtime 1742980079.0953524
File C:\Users\HP\AppData\Local\Programs\Python\Python312\Lib\asyncio\timeouts.py first seen with mtime 1733288252.0
File C:\Users\HP\Desktop\easetalkproject\env\Lib\site-packages\django\utils\asyncio.py first seen with mtime 1742890069.9374342
File C:\Users\HP\Desktop\easetalkproject\env\Lib\site-packages\attr\_funcs.py first seen with mtime 1742980019.394051
File C:\Users\HP\Desktop\easetalkproject\env\Lib\site-packages\MySQLdb\times.py first seen with mtime 1742891595.9410956
File C:\Users\HP\Desktop\easetalkproject\env\Lib\site-packages\django\db\models\constants.py first seen with mtime 1742890069.6120923
66356
File C:\Users\HP\Desktop\easetalkproject\env\Lib\site-packages\twisted\python\systemd.py first seen with mtime 1742980032.7045376
1
File C:\Users\HP\AppData\Local\Programs\Python\Python312\Lib\subprocess.py first seen with mtime 1733288252.0
890069.9966366
File C:\Users\HP\Desktop\easetalkproject\env\Lib\site-packages\django\contrib\sites\requests.py first seen with mtime 1742890068.7705667
File C:\Users\HP\AppData\Local\Programs\Python\Python312\Lib\pkgutil.py first seen with mtime 1733288252.0
File C:\Users\HP\Desktop\easetalkproject\env\Lib\site-packages\social_django\__init__.py first seen with mtime 1743156294.8000638
File C:\Users\HP\Desktop\easetalkproject\env\Lib\site-packages\django\db\utils.py first seen with mtime 1742890069.4267466
File C:\Users\HP\Desktop\easetalkproject\env\Lib\site-packages\django\utils\version.py first seen with mtime 1742890069.984234
File C:\Users\HP\AppData\Local\Programs\Python\Python312\Lib\weakref.py first seen with mtime 1733288254.0
File C:\Users\HP\AppData\Local\Programs\Python\Python312\Lib\email\mime\text.py first seen with mtime 1733288252.0
File C:\Users\HP\Desktop\easetalkproject\env\Lib\site-packages\django\core\serializers\json.py first seen with mtime 1742890069.4055307
File C:\Users\HP\AppData\Local\Programs\Python\Python312\DLLs\_asyncio.pyd first seen with mtime 1733288284.0
File C:\Users\HP\Desktop\easetalkproject\env\Lib\site-packages\django\core\checks\security\sessions.py first seen with mtime 1742890069.270491
File C:\Users\HP\Desktop\easetalkproject\env\Lib\site-packages\openid\message.py first seen with mtime 1743156277.9346669
File C:\Users\HP\Desktop\easetalkproject\env\Lib\site-packages\django\db\backends\base\features.py first seen with mtime 1742890069.445654
File C:\Users\HP\Desktop\easetalkproject\env\Lib\site-packages\django\db\backends\base\creation.py first seen with mtime 1742890069.4418547
File C:\Users\HP\Desktop\easetalkproject\env\Lib\site-packages\django\core\checks\__init__.py first seen with mtime 1742890069.2482364
File C:\Users\HP\Desktop\easetalkproject\env\Lib\site-packages\django\contrib\admin\exceptions.py first seen with mtime 1742890063.2963152
File C:\Users\HP\Desktop\easetalkproject\env\Lib\site-packages\twisted\python\threadpool.py first seen with mtime 1742980032.709554
File C:\Users\HP\Desktop\easetalkproject\env\Lib\site-packages\idna\package_data.py first seen with mtime 1742980017.5865622
File C:\Users\HP\Desktop\easetalkproject\env\Lib\site-packages\django\forms\boundfield.py first seen with mtime 1742890069.6978965
File C:\Users\HP\Desktop\easetalkproject\env\Lib\site-packages\urllib3\util\url.py first seen with mtime 1743156270.457236
t seen with mtime 1742980075.4814513
File C:\Users\HP\AppData\Local\Programs\Python\Python312\Lib\_markupbase.py first seen with mtime 1733288252.0
File C:\Users\HP\Desktop\easetalkproject\env\Lib\site-packages\txaio\__init__.py first seen with mtime 1742979998.7957358
File C:\Users\HP\Desktop\easetalkproject\env\Lib\site-packages\incremental\__init__.py first seen with mtime 1742980028.3945172
File C:\Users\HP\AppData\Local\Programs\Python\Python312\Lib\enum.py first seen with mtime 1733288252.0
File C:\Users\HP\Desktop\easetalkproject\env\Lib\site-packages\social_core\exceptions.py first seen with mtime 1743156280.3318834
File C:\Users\HP\Desktop\easetalkproject\env\Lib\site-packages\autobahn\websocket\compress_deflate.py first seen with mtime 1742980079.3385363
File C:\Users\HP\Desktop\easetalkproject\env\Lib\site-packages\txaio\_common.py first seen with mtime 1742979998.7957358
File C:\Users\HP\Desktop\easetalkproject\env\Lib\site-packages\django\core\files\locks.py first seen with mtime 1742890069.2804928
File C:\Users\HP\Desktop\easetalkproject\env\Lib\site-packages\django\core\cache\backends\filebased.py first seen with mtime 1742890069.2384543
File C:\Users\HP\Desktop\easetalkproject\env\Lib\site-packages\attrs\validators.py first seen with mtime 1742980019.4342968
File C:\Users\HP\Desktop\easetalkproject\env\Lib\site-packages\django\contrib\auth\admin.py first seen with mtime 1742890064.8205292
File C:\Users\HP\Desktop\easetalkproject\env\Lib\site-packages\django\db\models\fields\related_lookups.py first seen with mtime 1742890069.6557422
File C:\Users\HP\Desktop\easetalkproject\env\Lib\site-packages\pyasn1\type\namedtype.py first seen with mtime 1742980016.0946884
File C:\Users\HP\Desktop\easetalkproject\env\Lib\site-packages\autobahn\twisted\util.py first seen with mtime 1742980079.0877078
File C:\Users\HP\Desktop\easetalkproject\env\Lib\site-packages\django\db\models\constants.py first seen with mtime 1742890069.6120923
File C:\Users\HP\Desktop\easetalkproject\env\Lib\site-packages\django\db\models\query_utils.py first seen with mtime 1742890069.6281292
File C:\Users\HP\Desktop\easetalkproject\env\Lib\site-packages\twisted\internet\_resolver.py first seen with mtime 1742980031.7642772
File C:\Users\HP\AppData\Local\Programs\Python\Python312\Lib\threading.py first seen with mtime 1733288254.0
File C:\Users\HP\AppData\Local\Programs\Python\Python312\Lib\asyncio\sslproto.py first seen with mtime 1733288252.0
File C:\Users\HP\Desktop\easetalkproject\env\Lib\site-packages\django\urls\resolvers.py first seen with mtime 1742890069.9343617
File C:\Users\HP\Desktop\easetalkproject\env\Lib\site-packages\django\db\models\options.py first seen with mtime 1742890069.6281292
File C:\Users\HP\AppData\Local\Programs\Python\Python312\Lib\email\charset.py first seen with mtime 1733288252.0
File C:\Users\HP\Desktop\easetalkproject\env\Lib\site-packages\cryptography\x509\name.py first seen with mtime 1742980075.5092897
File C:\Users\HP\Desktop\easetalkproject\env\Lib\site-packages\django\db\migrations\operations\__init__.py first seen with mtime 1742890069.5988655
File C:\Users\HP\AppData\Local\Programs\Python\Python312\Lib\email\generator.py first seen with mtime 1733288252.0
File C:\Users\HP\Desktop\easetalkproject\env\Lib\site-packages\django\db\models\signals.py first seen with mtime 1742890069.6337762
File C:\Users\HP\AppData\Local\Programs\Python\Python312\Lib\email\feedparser.py first seen with mtime 1733288252.0
File C:\Users\HP\Desktop\easetalkproject\env\Lib\site-packages\django\core\management\commands\runserver.py first seen with mtime 1742890069.3654907
File C:\Users\HP\AppData\Local\Programs\Python\Python312\Lib\urllib\parse.py first seen with mtime 1733288254.0
File C:\Users\HP\Desktop\easetalkproject\env\Lib\site-packages\cryptography\hazmat\decrepit\ciphers\algorithms.py first seen with mtime 1742980075.38869
File C:\Users\HP\AppData\Local\Programs\Python\Python312\Lib\nturl2path.py first seen with mtime 1733288252.0
File C:\Users\HP\Desktop\easetalkproject\env\Lib\site-packages\django\contrib\contenttypes\apps.py first seen with mtime 1742890065.2629507
File C:\Users\HP\Desktop\easetalkproject\env\Lib\site-packages\cryptography\hazmat\primitives\_cipheralgorithm.py first seen with mtime 1742980075.492207
File C:\Users\HP\Desktop\easetalkproject\env\Lib\site-packages\django\db\backends\mysql\__init__.py first seen with mtime 1742890069.4786007
File C:\Users\HP\Desktop\easetalkproject\env\Lib\site-packages\twisted\protocols\__init__.py first seen with mtime 1742980032.5841992
File C:\Users\HP\Desktop\easetalkproject\env\Lib\site-packages\pyasn1\debug.py first seen with mtime 1742980016.0452592
File C:\Users\HP\Desktop\easetalkproject\env\Lib\site-packages\django\template\backends\base.py first seen with mtime 1742890069.8853796
File C:\Users\HP\Desktop\easetalkproject\env\Lib\site-packages\social_django\models.py first seen with mtime 1743156294.815537
File C:\Users\HP\AppData\Local\Programs\Python\Python312\Lib\urllib\request.py first seen with mtime 1733288254.0
File C:\Users\HP\Desktop\easetalkproject\env\Lib\site-packages\openid\store\__init__.py first seen with mtime 1743156277.965667
File C:\Users\HP\Desktop\easetalkproject\env\Lib\site-packages\twisted\internet\protocol.py first seen with mtime 1742980031.8196259
File C:\Users\HP\Desktop\easetalkproject\env\Lib\site-packages\autobahn\wamp\request.py first seen with mtime 1742980079.1496112
File C:\Users\HP\Desktop\easetalkproject\env\Lib\site-packages\django\contrib\admin\templatetags\base.py first seen with mtime 1742890064.3636343
File C:\Users\HP\AppData\Local\Programs\Python\Python312\Lib\importlib\readers.py first seen with mtime 1733288252.0
File C:\Users\HP\Desktop\easetalkproject\env\Lib\site-packages\autobahn\wamp\websocket.py first seen with mtime 1742980079.1588142
File C:\Users\HP\AppData\Local\Programs\Python\Python312\Lib\asyncio\protocols.py first seen with mtime 1733288252.0
File C:\Users\HP\AppData\Local\Programs\Python\Python312\Lib\random.py first seen with mtime 1733288252.0
File C:\Users\HP\Desktop\easetalkproject\env\Lib\site-packages\django\core\cache\backends\locmem.py first seen with mtime 1742890069.2446396
File C:\Users\HP\Desktop\easetalkproject\env\Lib\site-packages\sqlparse\filters\reindent.py first seen with mtime 1742890061.0207007
File C:\Users\HP\AppData\Local\Programs\Python\Python312\Lib\logging\__init__.py first seen with mtime 1733288252.0
File C:\Users\HP\Desktop\easetalkproject\env\Lib\site-packages\django\core\files\temp.py first seen with mtime 1742890069.2804928
File C:\Users\HP\Desktop\easetalkproject\env\Lib\site-packages\attr\validators.py first seen with mtime 1742980019.417847
File C:\Users\HP\Desktop\easetalkproject\env\Lib\site-packages\social_core\pipeline\__init__.py first seen with mtime 1743156280.7053638
File C:\Users\HP\Desktop\easetalkproject\env\Lib\site-packages\django\db\backends\mysql\__init__.py first seen with mtime 1742890069.4786007
File C:\Users\HP\Desktop\easetalkproject\env\Lib\site-packages\zope\interface\adapter.py first seen with mtime 1742980020.204896
File C:\Users\HP\Desktop\easetalkproject\env\Lib\site-packages\django\core\checks\translation.py first seen with mtime 1742890069.2643502
File C:\Users\HP\AppData\Local\Programs\Python\Python312\Lib\asyncio\tasks.py first seen with mtime 1733288252.0
File C:\Users\HP\Desktop\easetalkproject\env\Lib\site-packages\cryptography\hazmat\primitives\asymmetric\rsa.py first seen with mtime 1742980075.414535
File C:\Users\HP\Desktop\easetalkproject\env\Lib\site-packages\django\db\backends\mysql\schema.py first seen with mtime 1742890069.4982243
File C:\Users\HP\Desktop\easetalkproject\env\Lib\site-packages\defusedxml\ElementTree.py first seen with mtime 1743156275.725436
File C:\Users\HP\Desktop\easetalkproject\env\Lib\site-packages\django\db\backends\mysql\creation.py first seen with mtime 1742890069.485781
File C:\Users\HP\AppData\Local\Programs\Python\Python312\Lib\graphlib.py first seen with mtime 1733288252.0
File C:\Users\HP\Desktop\easetalkproject\env\Lib\site-packages\twisted\internet\task.py first seen with mtime 1742980031.8358624
File C:\Users\HP\Desktop\easetalkproject\env\Lib\site-packages\twisted\python\modules.py first seen with mtime 1742980032.684631
File C:\Users\HP\Desktop\easetalkproject\env\Lib\site-packages\django\middleware\cache.py first seen with mtime 1742890069.8525453
File C:\Users\HP\AppData\Local\Programs\Python\Python312\Lib\re\_parser.py first seen with mtime 1733288252.0
File C:\Users\HP\Desktop\easetalkproject\env\Lib\site-packages\requests\adapters.py first seen with mtime 1743156277.1000042
File C:\Users\HP\AppData\Local\Programs\Python\Python312\Lib\importlib\resources\abc.py first seen with mtime 1733288252.0
File C:\Users\HP\Desktop\easetalkproject\env\Lib\site-packages\django\db\models\enums.py first seen with mtime 1742890069.6164992
File C:\Users\HP\Desktop\easetalkproject\easetalkprojectapp\easetalk\apps.py first seen with mtime 1742890230.225285
367
File C:\Users\HP\Desktop\easetalkproject\env\Lib\site-packages\OpenSSL\version.py first seen with mtime 1742980078.6344938
File C:\Users\HP\Desktop\easetalkproject\env\Lib\site-packages\urllib3\contrib\__init__.py first seen with mtime 1743156270.4094439
File C:\Users\HP\AppData\Local\Programs\Python\Python312\DLLs\_socket.pyd first seen with mtime 1733288284.0
File C:\Users\HP\Desktop\easetalkproject\env\Lib\site-packages\cryptography\hazmat\primitives\asymmetric\ed448.py first seen with mtime 1742980075.4053528
File C:\Users\HP\AppData\Local\Programs\Python\Python312\Lib\html\__init__.py first seen with mtime 1733288252.0
File C:\Users\HP\Desktop\easetalkproject\env\Lib\site-packages\django\core\checks\model_checks.py first seen with mtime 1742890069.2592547
File C:\Users\HP\Desktop\easetalkproject\env\Lib\site-packages\django\template\base.py first seen with mtime 1742890069.868942
File C:\Users\HP\AppData\Local\Programs\Python\Python312\Lib\locale.py first seen with mtime 1733288252.0
File C:\Users\HP\Desktop\easetalkproject\env\Lib\site-packages\PIL\_binary.py first seen with mtime 1742893564.524873
File C:\Users\HP\Desktop\easetalkproject\env\Lib\site-packages\requests\status_codes.py first seen with mtime 1743156277.1195133
File C:\Users\HP\Desktop\easetalkproject\env\Lib\site-packages\autobahn\wamp\__init__.py first seen with mtime 1742980079.1270487
File C:\Users\HP\Desktop\easetalkproject\env\Lib\site-packages\requests\auth.py first seen with mtime 1743156277.107064
File C:\Users\HP\Desktop\easetalkproject\env\Lib\site-packages\django\core\files\storage\mixins.py first seen with mtime 1742890069.3024035
File C:\Users\HP\Desktop\easetalkproject\env\Lib\site-packages\django\template\backends\__init__.py first seen with mtime 1742890069.8853796
File C:\Users\HP\Desktop\easetalkproject\env\Lib\site-packages\twisted\internet\protocol.py first seen with mtime 1742980031.8196259
File C:\Users\HP\Desktop\easetalkproject\env\Lib\site-packages\django\templatetags\tz.py first seen with mtime 1742890069.908404
File C:\Users\HP\AppData\Local\Programs\Python\Python312\Lib\encodings\cp1252.py first seen with mtime 1733288252.0
File C:\Users\HP\Desktop\easetalkproject\env\Lib\site-packages\requests\certs.py first seen with mtime 1743156277.107064
File C:\Users\HP\Desktop\easetalkproject\env\Lib\site-packages\django\core\cache\backends\__init__.py first seen with mtime 1742890069.2354436
File C:\Users\HP\Desktop\easetalkproject\env\Lib\site-packages\twisted\python\deprecate.py first seen with mtime 1742980032.669809
File C:\Users\HP\AppData\Local\Programs\Python\Python312\Lib\hmac.py first seen with mtime 1733288252.0
File C:\Users\HP\Desktop\easetalkproject\env\Lib\site-packages\django\db\backends\base\base.py first seen with mtime 1742890069.4382825
File C:\Users\HP\Desktop\easetalkproject\env\Lib\site-packages\twisted\_threads\_convenience.py first seen with mtime 1742980031.3677068
File C:\Users\HP\Desktop\easetalkproject\env\Lib\site-packages\django\template\autoreload.py first seen with mtime 1742890069.866675
783
File C:\Users\HP\Desktop\easetalkproject\env\Lib\site-packages\django\templatetags\i18n.py first seen with mtime 1742890069.908404
File C:\Users\HP\Desktop\easetalkproject\env\Lib\site-packages\twisted\internet\ssl.py first seen with mtime 1742980031.8311522
File C:\Users\HP\AppData\Local\Programs\Python\Python312\Lib\asyncio\subprocess.py first seen with mtime 1733288252.0
File C:\Users\HP\AppData\Local\Programs\Python\Python312\Lib\_compression.py first seen with mtime 1733288252.0
File C:\Users\HP\AppData\Local\Programs\Python\Python312\Lib\base64.py first seen with mtime 1733288252.0
File C:\Users\HP\Desktop\easetalkproject\env\Lib\site-packages\requests\hooks.py first seen with mtime 1743156277.107064
File C:\Users\HP\Desktop\easetalkproject\env\Lib\site-packages\django\conf\__init__.py first seen with mtime 1742890062.427983
File C:\Users\HP\AppData\Local\Programs\Python\Python312\Lib\email\encoders.py first seen with mtime 1733288252.0
75.4977021
File C:\Users\HP\AppData\Local\Programs\Python\Python312\Lib\zoneinfo\_tzpath.py first seen with mtime 1733288254.0
File C:\Users\HP\Desktop\easetalkproject\env\Lib\site-packages\social_core\utils.py first seen with mtime 1743156280.340249
File C:\Users\HP\Desktop\easetalkproject\env\Lib\site-packages\autobahn\websocket\types.py first seen with mtime 1742980079.3484266
File C:\Users\HP\Desktop\easetalkproject\env\Lib\site-packages\autobahn\wamp\websocket.py first seen with mtime 1742980079.1588142
File C:\Users\HP\AppData\Local\Programs\Python\Python312\Lib\asyncio\mixins.py first seen with mtime 1733288252.0
File C:\Users\HP\Desktop\easetalkproject\env\Lib\site-packages\openid\oidutil.py first seen with mtime 1743156277.936249
File C:\Users\HP\AppData\Local\Programs\Python\Python312\Lib\keyword.py first seen with mtime 1733288252.0
File C:\Users\HP\AppData\Local\Programs\Python\Python312\Lib\copy.py first seen with mtime 1733288252.0
File C:\Users\HP\Desktop\easetalkproject\env\Lib\site-packages\social_django\urls.py first seen with mtime 1743156294.8215008
File C:\Users\HP\Desktop\easetalkproject\env\Lib\site-packages\PIL\_version.py first seen with mtime 1742893564.6248283
File C:\Users\HP\AppData\Local\Programs\Python\Python312\Lib\importlib\resources\__init__.py first seen with mtime 1733288252.0
File C:\Users\HP\Desktop\easetalkproject\env\Lib\site-packages\django\middleware\__init__.py first seen with mtime 1742890069.8525453
File C:\Users\HP\Desktop\easetalkproject\env\Lib\site-packages\sqlparse\tokens.py first seen with mtime 1742890061.0056193
File C:\Users\HP\AppData\Local\Programs\Python\Python312\Lib\zoneinfo\_common.py first seen with mtime 1733288254.0
69.2168183
File C:\Users\HP\Desktop\easetalkproject\easetalkprojectapp\therapy\views.py first seen with mtime 1742908809.4524307
File C:\Users\HP\Desktop\easetalkproject\env\Lib\site-packages\django\contrib\contenttypes\apps.py first seen with mtime 1742890065.2629507
File C:\Users\HP\Desktop\easetalkproject\env\Lib\site-packages\twisted\python\context.py first seen with mtime 1742980032.6672952
File C:\Users\HP\Desktop\easetalkproject\env\Lib\site-packages\txaio\_unframework.py first seen with mtime 1742979998.8013618
File C:\Users\HP\Desktop\easetalkproject\env\Lib\site-packages\social_django\storage.py first seen with mtime 1743156294.8167133
File C:\Users\HP\Desktop\easetalkproject\env\Lib\site-packages\django\core\checks\security\base.py first seen with mtime 1742890069.270491
File C:\Users\HP\Desktop\easetalkproject\env\Lib\site-packages\cryptography\hazmat\__init__.py first seen with mtime 1742980075.4977021
File C:\Users\HP\AppData\Local\Programs\Python\Python312\Lib\json\__init__.py first seen with mtime 1733288252.0
File C:\Users\HP\Desktop\easetalkproject\env\Lib\site-packages\requests\auth.py first seen with mtime 1743156277.107064
File C:\Users\HP\Desktop\easetalkproject\env\Lib\site-packages\django\db\models\functions\window.py first seen with mtime 1742890069.6721365
File C:\Users\HP\Desktop\easetalkproject\env\Lib\site-packages\django\contrib\auth\hashers.py first seen with mtime 1742890064.830599
File C:\Users\HP\AppData\Local\Programs\Python\Python312\Lib\pickle.py first seen with mtime 1733288252.0
File C:\Users\HP\Desktop\easetalkproject\env\Lib\site-packages\urllib3\util\response.py first seen with mtime 1743156270.4465487
File C:\Users\HP\Desktop\easetalkproject\env\Lib\site-packages\twisted\cred\credentials.py first seen with mtime 1742980031.7105012
File C:\Users\HP\Desktop\easetalkproject\env\Lib\site-packages\requests\models.py first seen with mtime 1743156277.1155307
File C:\Users\HP\Desktop\easetalkproject\env\Lib\site-packages\django\db\migrations\operations\base.py first seen with mtime 1742890069.6008275
File C:\Users\HP\AppData\Local\Programs\Python\Python312\Lib\zoneinfo\__init__.py first seen with mtime 1733288254.0
File C:\Users\HP\Desktop\easetalkproject\env\Lib\site-packages\twisted\internet\ssl.py first seen with mtime 1742980031.8311522
File C:\Users\HP\Desktop\easetalkproject\env\Lib\site-packages\django\contrib\sessions\models.py first seen with mtime 1742890068.2948487
File C:\Users\HP\Desktop\easetalkproject\env\Lib\site-packages\social_django\admin.py first seen with mtime 1743156294.800578
File C:\Users\HP\Desktop\easetalkproject\env\Lib\site-packages\twisted\internet\fdesc.py first seen with mtime 1742980031.799222
File C:\Users\HP\Desktop\easetalkproject\env\Lib\site-packages\service_identity\hazmat.py first seen with mtime 1742980078.419282
File C:\Users\HP\Desktop\easetalkproject\env\Lib\site-packages\django\db\backends\mysql\introspection.py first seen with mtime 1742890069.4928882
File C:\Users\HP\AppData\Local\Programs\Python\Python312\Lib\importlib\__init__.py first seen with mtime 1733288252.0
File C:\Users\HP\Desktop\easetalkproject\env\Lib\site-packages\twisted\application\service.py first seen with mtime 1742980031.4095004
File C:\Users\HP\Desktop\easetalkproject\env\Lib\site-packages\django\db\migrations\operations\special.py first seen with mtime 1742890069.6038377
File C:\Users\HP\Desktop\easetalkproject\env\Lib\site-packages\pyasn1\type\error.py first seen with mtime 1742980016.093176
File C:\Users\HP\Desktop\easetalkproject\env\Lib\site-packages\django\db\backends\base\features.py first seen with mtime 1742890069.445654
File C:\Users\HP\Desktop\easetalkproject\env\Lib\site-packages\django\contrib\admin\widgets.py first seen with mtime 1742890063.3104753
File C:\Users\HP\Desktop\easetalkproject\env\Lib\site-packages\django\contrib\auth\apps.py first seen with mtime 1742890064.8205292
File C:\Users\HP\AppData\Local\Programs\Python\Python312\Lib\argparse.py first seen with mtime 1733288252.0
File C:\Users\HP\Desktop\easetalkproject\env\Lib\site-packages\PIL\__init__.py first seen with mtime 1742893564.5194204
File C:\Users\HP\AppData\Local\Programs\Python\Python312\Lib\contextlib.py first seen with mtime 1733288252.0
File C:\Users\HP\AppData\Local\Programs\Python\Python312\Lib\asyncio\windows_events.py first seen with mtime 1733288252.0
File C:\Users\HP\Desktop\easetalkproject\env\Lib\site-packages\django\contrib\staticfiles\finders.py first seen with mtime 1742890069.1858404
File C:\Users\HP\Desktop\easetalkproject\env\Lib\site-packages\urllib3\util\wait.py first seen with mtime 1743156270.459257
File C:\Users\HP\Desktop\easetalkproject\env\Lib\site-packages\django\core\checks\caches.py first seen with mtime 1742890069.2522452
File C:\Users\HP\Desktop\easetalkproject\env\Lib\site-packages\service_identity\__init__.py first seen with mtime 1742980078.4142258
File C:\Users\HP\Desktop\easetalkproject\env\Lib\site-packages\django\templatetags\l10n.py first seen with mtime 1742890069.908404
File C:\Users\HP\Desktop\easetalkproject\easetalkprojectapp\easetalk\views.py first seen with mtime 1743087866.3126905
File C:\Users\HP\Desktop\easetalkproject\env\Lib\site-packages\autobahn\websocket\__init__.py first seen with mtime 1742980079.3326705
File C:\Users\HP\Desktop\easetalkproject\env\Lib\site-packages\django\apps\__init__.py first seen with mtime 1742890062.4224844
File C:\Users\HP\AppData\Local\Programs\Python\Python312\Lib\socket.py first seen with mtime 1733288252.0
File C:\Users\HP\Desktop\easetalkproject\env\Lib\site-packages\zope\interface\declarations.py first seen with mtime 1742980020.2109315
File C:\Users\HP\AppData\Local\Programs\Python\Python312\Lib\re\_constants.py first seen with mtime 1733288252.0
File C:\Users\HP\Desktop\easetalkproject\env\Lib\site-packages\requests\sessions.py first seen with mtime 1743156277.1195133
File C:\Users\HP\Desktop\easetalkproject\env\Lib\site-packages\django\utils\__init__.py first seen with mtime 1742890069.9364247
File C:\Users\HP\Desktop\easetalkproject\env\Lib\site-packages\django\contrib\auth\management\__init__.py first seen with mtime 1742890065.2316997
File C:\Users\HP\Desktop\easetalkproject\env\Lib\site-packages\urllib3\http2\probe.py first seen with mtime 1743156270.4354727
File C:\Users\HP\AppData\Local\Programs\Python\Python312\Lib\hmac.py first seen with mtime 1733288252.0
File C:\Users\HP\Desktop\easetalkproject\env\Lib\site-packages\django\contrib\admin\views\main.py first seen with mtime 1742890064.3704815
File C:\Users\HP\AppData\Local\Programs\Python\Python312\Lib\xml\etree\ElementPath.py first seen with mtime 1733288254.0
File C:\Users\HP\AppData\Local\Programs\Python\Python312\Lib\hashlib.py first seen with mtime 1733288252.0
File C:\Users\HP\AppData\Local\Programs\Python\Python312\Lib\importlib\__init__.py first seen with mtime 1733288252.0
File C:\Users\HP\AppData\Local\Programs\Python\Python312\DLLs\_zoneinfo.pyd first seen with mtime 1733288284.0
File C:\Users\HP\Desktop\easetalkproject\env\Lib\site-packages\social_core\strategy.py first seen with mtime 1743156280.340249
File C:\Users\HP\Desktop\easetalkproject\env\Lib\site-packages\django\views\i18n.py first seen with mtime 1742890070.0001237
File C:\Users\HP\Desktop\easetalkproject\env\Lib\site-packages\django\db\backends\base\operations.py first seen with mtime 1742890069.4556024
File C:\Users\HP\AppData\Local\Programs\Python\Python312\Lib\email\_encoded_words.py first seen with mtime 1733288252.0
File C:\Users\HP\Desktop\easetalkproject\env\Lib\site-packages\attr\filters.py first seen with mtime 1742980019.4107645
File C:\Users\HP\Desktop\easetalkproject\env\Lib\site-packages\pyasn1\type\useful.py first seen with mtime 1742980016.1047206
File C:\Users\HP\Desktop\easetalkproject\env\Lib\site-packages\django\core\handlers\asgi.py first seen with mtime 1742890069.305546
File C:\Users\HP\AppData\Local\Programs\Python\Python312\Lib\collections\__init__.py first seen with mtime 1733288252.0
File C:\Users\HP\Desktop\easetalkproject\env\Lib\site-packages\django\views\generic\list.py first seen with mtime 1742890070.0208688
File C:\Users\HP\AppData\Local\Programs\Python\Python312\Lib\zipfile\__init__.py first seen with mtime 1733288254.0
File C:\Users\HP\Desktop\easetalkproject\env\Lib\site-packages\django\contrib\admin\apps.py first seen with mtime 1742890063.2892303
File C:\Users\HP\Desktop\easetalkproject\env\Lib\site-packages\requests\structures.py first seen with mtime 1743156277.1220903
File C:\Users\HP\Desktop\easetalkproject\env\Lib\site-packages\django\db\models\fields\__init__.py first seen with mtime 1742890069.639991
File C:\Users\HP\Desktop\easetalkproject\env\Lib\site-packages\_distutils_hack\__init__.py first seen with mtime 1742979999.2414362
File C:\Users\HP\Desktop\easetalkproject\env\Lib\site-packages\service_identity\__init__.py first seen with mtime 1742980078.4142258
File C:\Users\HP\AppData\Local\Programs\Python\Python312\Lib\contextvars.py first seen with mtime 1733288252.0
File C:\Users\HP\Desktop\easetalkproject\env\Lib\site-packages\django\utils\decorators.py first seen with mtime 1742890069.9540057
File C:\Users\HP\Desktop\easetalkproject\env\Lib\site-packages\django\core\files\locks.py first seen with mtime 1742890069.2804928
File C:\Users\HP\AppData\Local\Programs\Python\Python312\Lib\wsgiref\headers.py first seen with mtime 1733288254.0
File C:\Users\HP\Desktop\easetalkproject\env\Lib\site-packages\django\urls\resolvers.py first seen with mtime 1742890069.9343617
File C:\Users\HP\Desktop\easetalkproject\env\Lib\site-packages\django\contrib\admin\checks.py first seen with mtime 1742890063.2942574
File C:\Users\HP\Desktop\easetalkproject\env\Lib\site-packages\attr\_make.py first seen with mtime 1742980019.3945723
File C:\Users\HP\Desktop\easetalkproject\env\Lib\site-packages\django\utils\translation\__init__.py first seen with mtime 1742890069.9858189
File C:\Users\HP\Desktop\easetalkproject\env\Lib\site-packages\django\core\exceptions.py first seen with mtime 1742890069.218633
File C:\Users\HP\Desktop\easetalkproject\env\Lib\site-packages\incremental\_version.py first seen with mtime 1742980028.3994713
File C:\Users\HP\Desktop\easetalkproject\env\Lib\site-packages\txaio\interfaces.py first seen with mtime 1742979998.8067944
File C:\Users\HP\Desktop\easetalkproject\env\Lib\site-packages\PIL\_binary.py first seen with mtime 1742893564.524873
me 1742890065.2683668
File C:\Users\HP\Desktop\easetalkproject\env\Lib\site-packages\autobahn\_version.py first seen with mtime 1742980079.0099816
83
File C:\Users\HP\Desktop\easetalkproject\env\Lib\site-packages\autobahn\twisted\choosereactor.py first seen with mtime 1742980079.078125
File C:\Users\HP\Desktop\easetalkproject\env\Lib\site-packages\django\utils\duration.py first seen with mtime 1742890069.9555154
File C:\Users\HP\Desktop\easetalkproject\env\Lib\site-packages\django\urls\converters.py first seen with mtime 1742890069.930666
File C:\Users\HP\AppData\Local\Programs\Python\Python312\Lib\asyncio\exceptions.py first seen with mtime 1733288252.0
File C:\Users\HP\AppData\Local\Programs\Python\Python312\Lib\collections\abc.py first seen with mtime 1733288252.0
File C:\Users\HP\Desktop\easetalkproject\env\Lib\site-packages\attrs\converters.py first seen with mtime 1742980019.425982
een with mtime 1742980075.4259295
File C:\Users\HP\Desktop\easetalkproject\env\Lib\site-packages\openid\cryptutil.py first seen with mtime 1743156277.9255655
File C:\Users\HP\Desktop\easetalkproject\env\Lib\site-packages\django\utils\connection.py first seen with mtime 1742890069.9455798
File C:\Users\HP\AppData\Local\Programs\Python\Python312\Lib\asyncio\futures.py first seen with mtime 1733288252.0
File C:\Users\HP\Desktop\easetalkproject\env\Lib\site-packages\requests\__init__.py first seen with mtime 1743156277.0984554
File C:\Users\HP\Desktop\easetalkproject\env\Lib\site-packages\django\contrib\auth\password_validation.py first seen with mtime 1742890064.8381755
File C:\Users\HP\Desktop\easetalkproject\env\Lib\site-packages\zope\interface\exceptions.py first seen with mtime 1742980020.2142231
File C:\Users\HP\AppData\Local\Programs\Python\Python312\Lib\concurrent\futures\__init__.py first seen with mtime 1733288252.0
File C:\Users\HP\Desktop\easetalkproject\env\Lib\site-packages\django\template\loaders\base.py first seen with mtime 1742890069.9008932
File C:\Users\HP\Desktop\easetalkproject\env\Lib\site-packages\cryptography\hazmat\primitives\_asymmetric.py first seen with mtime 1742980075.4909368
File C:\Users\HP\Desktop\easetalkproject\env\Lib\site-packages\daphne\server.py first seen with mtime 1742980087.4044018
File C:\Users\HP\Desktop\easetalkproject\env\Lib\site-packages\incremental\__init__.py first seen with mtime 1742980028.3945172
File C:\Users\HP\Desktop\easetalkproject\env\Lib\site-packages\django\middleware\__init__.py first seen with mtime 1742890069.8525453
File C:\Users\HP\AppData\Local\Programs\Python\Python312\Lib\encodings\aliases.py first seen with mtime 1733288252.0
File C:\Users\HP\Desktop\easetalkproject\env\Lib\site-packages\django\db\backends\mysql\creation.py first seen with mtime 1742890069.485781
File C:\Users\HP\Desktop\easetalkproject\env\Lib\site-packages\django\utils\regex_helper.py first seen with mtime 1742890069.9756703
File C:\Users\HP\Desktop\easetalkproject\env\Lib\site-packages\django\template\__init__.py first seen with mtime 1742890069.866675
File C:\Users\HP\AppData\Local\Programs\Python\Python312\Lib\platform.py first seen with mtime 1733288252.0
File C:\Users\HP\Desktop\easetalkproject\env\Lib\site-packages\pyasn1\type\tag.py first seen with mtime 1742980016.099758
File C:\Users\HP\AppData\Local\Programs\Python\Python312\Lib\xml\etree\ElementPath.py first seen with mtime 1733288254.0
File C:\Users\HP\Desktop\easetalkproject\env\Lib\site-packages\autobahn\rawsocket\util.py first seen with mtime 1742980079.064098
File C:\Users\HP\Desktop\easetalkproject\env\Lib\site-packages\django\core\exceptions.py first seen with mtime 1742890069.218633
File C:\Users\HP\AppData\Local\Programs\Python\Python312\Lib\pickle.py first seen with mtime 1733288252.0
File C:\Users\HP\Desktop\easetalkproject\easetalkprojectapp\anonymous\__init__.py first seen with mtime 1742908934.6651933
File C:\Users\HP\AppData\Local\Programs\Python\Python312\Lib\importlib\metadata\_adapters.py first seen with mtime 1733288252.0
File C:\Users\HP\AppData\Local\Programs\Python\Python312\Lib\zoneinfo\__init__.py first seen with mtime 1733288254.0
File C:\Users\HP\AppData\Local\Programs\Python\Python312\Lib\importlib\resources\abc.py first seen with mtime 1733288252.0
File C:\Users\HP\AppData\Local\Programs\Python\Python312\Lib\bisect.py first seen with mtime 1733288252.0
File C:\Users\HP\Desktop\easetalkproject\env\Lib\site-packages\attr\setters.py first seen with mtime 1742980019.4153304
File C:\Users\HP\AppData\Local\Programs\Python\Python312\Lib\string.py first seen with mtime 1733288252.0
File C:\Users\HP\Desktop\easetalkproject\env\Lib\site-packages\twisted\_threads\_ithreads.py first seen with mtime 1742980031.3713324
File C:\Users\HP\Desktop\easetalkproject\env\Lib\site-packages\social_core\actions.py first seen with mtime 1743156280.3318834
File C:\Users\HP\AppData\Local\Programs\Python\Python312\Lib\asyncio\queues.py first seen with mtime 1733288252.0
File C:\Users\HP\AppData\Local\Programs\Python\Python312\Lib\asyncio\log.py first seen with mtime 1733288252.0
File C:\Users\HP\Desktop\easetalkproject\env\Lib\site-packages\django\forms\formsets.py first seen with mtime 1742890069.6999483
File C:\Users\HP\Desktop\easetalkproject\env\Lib\site-packages\sqlparse\filters\tokens.py first seen with mtime 1742890061.0207007
File C:\Users\HP\Desktop\easetalkproject\env\Lib\site-packages\autobahn\rawsocket\__init__.py first seen with mtime 1742980079.064098
File C:\Users\HP\Desktop\easetalkproject\env\Lib\site-packages\pyasn1\codec\__init__.py first seen with mtime 1742980016.049613
File C:\Users\HP\AppData\Local\Programs\Python\Python312\Lib\asyncio\coroutines.py first seen with mtime 1733288252.0
File C:\Users\HP\Desktop\easetalkproject\env\Lib\site-packages\django\db\migrations\migration.py first seen with mtime 1742890069.5843596
File C:\Users\HP\AppData\Local\Programs\Python\Python312\Lib\copy.py first seen with mtime 1733288252.0
File C:\Users\HP\Desktop\easetalkproject\env\Lib\site-packages\django\core\cache\__init__.py first seen with mtime 1742890069.2256587
File C:\Users\HP\Desktop\easetalkproject\env\Lib\site-packages\cryptography\hazmat\bindings\openssl\_conditional.py first seen with mtime 1742980075.3344617
File C:\Users\HP\Desktop\easetalkproject\env\Lib\site-packages\django\db\models\functions\comparison.py first seen with mtime 1742890069.6607976
File C:\Users\HP\Desktop\easetalkproject\env\Lib\site-packages\django\db\migrations\migration.py first seen with mtime 1742890069.5843596
File C:\Users\HP\Desktop\easetalkproject\env\Lib\site-packages\daphne\ws_protocol.py first seen with mtime 1742980087.4094217
File C:\Users\HP\Desktop\easetalkproject\env\Lib\site-packages\autobahn\twisted\websocket.py first seen with mtime 1742980079.0973468
File C:\Users\HP\Desktop\easetalkproject\env\Lib\site-packages\django\db\migrations\__init__.py first seen with mtime 1742890069.5736916
File C:\Users\HP\AppData\Local\Programs\Python\Python312\Lib\datetime.py first seen with mtime 1733288252.0
File C:\Users\HP\AppData\Local\Programs\Python\Python312\Lib\asyncio\base_events.py first seen with mtime 1733288252.0
File C:\Users\HP\Desktop\easetalkproject\env\Lib\site-packages\cryptography\__about__.py first seen with mtime 1742980075.519401
File C:\Users\HP\AppData\Local\Programs\Python\Python312\Lib\importlib\metadata\_text.py first seen with mtime 1733288252.0
File C:\Users\HP\Desktop\easetalkproject\env\Lib\site-packages\attr\filters.py first seen with mtime 1742980019.4107645
File C:\Users\HP\Desktop\easetalkproject\env\Lib\site-packages\django\core\cache\utils.py first seen with mtime 1742890069.2329063
File C:\Users\HP\Desktop\easetalkproject\env\Lib\site-packages\django\db\models\functions\__init__.py first seen with mtime 1742890069.6557422
File C:\Users\HP\Desktop\easetalkproject\env\Lib\site-packages\MySQLdb\constants\CLIENT.py first seen with mtime 1742891595.9447386
File C:\Users\HP\Desktop\easetalkproject\easetalkprojectapp\easetalk\views.py first seen with mtime 1743087866.3126905
th mtime 1742890069.5988655
File C:\Users\HP\Desktop\easetalkproject\env\Lib\site-packages\django\db\__init__.py first seen with mtime 1742890069.4215353
File C:\Users\HP\AppData\Local\Programs\Python\Python312\Lib\encodings\utf_8_sig.py first seen with mtime 1733288252.0
File C:\Users\HP\Desktop\easetalkproject\env\Lib\site-packages\social_django\admin.py first seen with mtime 1743156294.800578
File C:\Users\HP\Desktop\easetalkproject\env\Lib\site-packages\MySQLdb\release.py first seen with mtime 1742891595.9382126
File C:\Users\HP\Desktop\easetalkproject\env\Lib\site-packages\twisted\internet\interfaces.py first seen with mtime 1742980031.809546
File C:\Users\HP\Desktop\easetalkproject\env\Lib\site-packages\autobahn\wamp\exception.py first seen with mtime 1742980079.1375737
File C:\Users\HP\Desktop\easetalkproject\env\Lib\site-packages\PIL\_deprecate.py first seen with mtime 1742893564.527159
16.0646558
File C:\Users\HP\Desktop\easetalkproject\env\Lib\site-packages\requests\api.py first seen with mtime 1743156277.1055183
File C:\Users\HP\Desktop\easetalkproject\env\Lib\site-packages\django\db\migrations\operations\models.py first seen with mtime 1742890069.6008275
File C:\Users\HP\AppData\Local\Programs\Python\Python312\Lib\asyncio\timeouts.py first seen with mtime 1733288252.0
File C:\Users\HP\AppData\Local\Programs\Python\Python312\Lib\secrets.py first seen with mtime 1733288252.0
File C:\Users\HP\AppData\Local\Programs\Python\Python312\Lib\asyncio\transports.py first seen with mtime 1733288252.0
File C:\Users\HP\Desktop\easetalkproject\env\Lib\site-packages\django\utils\connection.py first seen with mtime 1742890069.9455798
File C:\Users\HP\Desktop\easetalkproject\env\Lib\site-packages\django\contrib\sessions\__init__.py first seen with mtime 1742890068.281884
File C:\Users\HP\Desktop\easetalkproject\env\Lib\site-packages\django\contrib\admin\models.py first seen with mtime 1742890063.3008292
File C:\Users\HP\Desktop\easetalkproject\env\Lib\site-packages\django\template\library.py first seen with mtime 1742890069.8783696
File C:\Users\HP\Desktop\easetalkproject\env\Lib\site-packages\cryptography\hazmat\primitives\asymmetric\rsa.py first seen with mtime 1742980075.414535
File C:\Users\HP\Desktop\easetalkproject\env\Lib\site-packages\social_core\pipeline\utils.py first seen with mtime 1743156280.7178936
File C:\Users\HP\Desktop\easetalkproject\env\Lib\site-packages\django\core\files\base.py first seen with mtime 1742890069.2768843
File C:\Users\HP\Desktop\easetalkproject\env\Lib\site-packages\daphne\management\commands\runserver.py first seen with mtime 1742980087.4145253
File C:\Users\HP\Desktop\easetalkproject\env\Lib\site-packages\django\middleware\cache.py first seen with mtime 1742890069.8525453
File C:\Users\HP\Desktop\easetalkproject\env\Lib\site-packages\cryptography\x509\verification.py first seen with mtime 1742980075.5143783
File C:\Users\HP\AppData\Local\Programs\Python\Python312\Lib\asyncio\base_tasks.py first seen with mtime 1733288252.0
File C:\Users\HP\Desktop\easetalkproject\env\Lib\site-packages\django\utils\hashable.py first seen with mtime 1742890069.9625187
File C:\Users\HP\Desktop\easetalkproject\env\Lib\site-packages\django\db\migrations\utils.py first seen with mtime 1742890069.5956254
File C:\Users\HP\Desktop\easetalkproject\env\Lib\site-packages\cryptography\hazmat\primitives\asymmetric\x25519.py first seen with mtime 1742980075.4169142
File C:\Users\HP\AppData\Local\Programs\Python\Python312\Lib\heapq.py first seen with mtime 1733288252.0
File C:\Users\HP\Desktop\easetalkproject\env\Lib\site-packages\txaio\tx.py first seen with mtime 1742979998.8067944
File C:\Users\HP\Desktop\easetalkproject\env\Lib\site-packages\django\utils\autoreload.py first seen with mtime 1742890069.941933
File C:\Users\HP\Desktop\easetalkproject\env\Lib\site-packages\django\core\servers\basehttp.py first seen with mtime 1742890069.4197996
File C:\Users\HP\Desktop\easetalkproject\env\Lib\site-packages\django\core\wsgi.py first seen with mtime 1742890069.2256587
File C:\Users\HP\Desktop\easetalkproject\env\Lib\site-packages\django\utils\lorem_ipsum.py first seen with mtime 1742890069.9701376
File C:\Users\HP\AppData\Local\Programs\Python\Python312\DLLs\_overlapped.pyd first seen with mtime 1733288284.0
File C:\Users\HP\Desktop\easetalkproject\env\Lib\site-packages\django\apps\registry.py first seen with mtime 1742890062.4259677
File C:\Users\HP\AppData\Local\Programs\Python\Python312\Lib\email\base64mime.py first seen with mtime 1733288252.0
File C:\Users\HP\Desktop\easetalkproject\env\Lib\site-packages\twisted\_threads\_pool.py first seen with mtime 1742980031.3779044
File C:\Users\HP\Desktop\easetalkproject\env\Lib\site-packages\django\contrib\contenttypes\checks.py first seen with mtime 1742890065.2639885
File C:\Users\HP\Desktop\easetalkproject\env\Lib\site-packages\django\contrib\admin\__init__.py first seen with mtime 1742890063.2892303
File C:\Users\HP\Desktop\easetalkproject\env\Lib\site-packages\attr\_version_info.py first seen with mtime 1742980019.401235
File C:\Users\HP\Desktop\easetalkproject\env\Lib\site-packages\django\contrib\auth\apps.py first seen with mtime 1742890064.8205292
File C:\Users\HP\Desktop\easetalkproject\env\Lib\site-packages\cryptography\x509\__init__.py first seen with mtime 1742980075.519401
File C:\Users\HP\Desktop\easetalkproject\env\Lib\site-packages\django\db\models\options.py first seen with mtime 1742890069.6281292
File C:\Users\HP\AppData\Local\Programs\Python\Python312\Lib\importlib\abc.py first seen with mtime 1733288252.0
File C:\Users\HP\Desktop\easetalkproject\env\Lib\site-packages\django\utils\dates.py first seen with mtime 1742890069.9482584
File C:\Users\HP\AppData\Local\Programs\Python\Python312\Lib\xml\parsers\expat.py first seen with mtime 1733288254.0
File C:\Users\HP\Desktop\easetalkproject\env\Lib\site-packages\social_core\__init__.py first seen with mtime 1743156280.330356
File C:\Users\HP\AppData\Local\Programs\Python\Python312\Lib\email\_policybase.py first seen with mtime 1733288252.0
t seen with mtime 1742890065.7357838
File C:\Users\HP\Desktop\easetalkproject\easetalkprojectapp\easetalkprojectapp\__init__.py first seen with mtime 1742890167.8972917
File C:\Users\HP\Desktop\easetalkproject\env\Lib\site-packages\OpenSSL\__init__.py first seen with mtime 1742980078.6240933
File C:\Users\HP\AppData\Local\Programs\Python\Python312\Lib\tempfile.py first seen with mtime 1733288252.0
File C:\Users\HP\AppData\Local\Programs\Python\Python312\Lib\zipfile\_path\glob.py first seen with mtime 1733288254.0
File C:\Users\HP\Desktop\easetalkproject\env\Lib\site-packages\autobahn\rawsocket\util.py first seen with mtime 1742980079.064098
File C:\Users\HP\AppData\Local\Programs\Python\Python312\Lib\encodings\__init__.py first seen with mtime 1733288252.0
File C:\Users\HP\Desktop\easetalkproject\env\Lib\site-packages\zope\interface\interface.py first seen with mtime 1742980020.2152638
File C:\Users\HP\Desktop\easetalkproject\env\Lib\site-packages\django\core\validators.py first seen with mtime 1742890069.2256587
File C:\Users\HP\Desktop\easetalkproject\env\Lib\site-packages\django\core\files\storage\memory.py first seen with mtime 1742890069.299452
File C:\Users\HP\Desktop\easetalkproject\env\Lib\site-packages\twisted\cred\__init__.py first seen with mtime 1742980031.702387
File C:\Users\HP\Desktop\easetalkproject\env\Lib\site-packages\pyasn1\type\base.py first seen with mtime 1742980016.084437
File C:\Users\HP\Desktop\easetalkproject\env\Lib\site-packages\django\template\backends\django.py first seen with mtime 1742890069.8899124
File C:\Users\HP\AppData\Local\Programs\Python\Python312\DLLs\_bz2.pyd first seen with mtime 1733288284.0
File C:\Users\HP\Desktop\easetalkproject\env\Lib\site-packages\twisted\web\_abnf.py first seen with mtime 1742980033.2083437
File C:\Users\HP\Desktop\easetalkproject\env\Lib\site-packages\social_core\strategy.py first seen with mtime 1743156280.340249
File C:\Users\HP\AppData\Local\Programs\Python\Python312\Lib\re\_casefix.py first seen with mtime 1733288252.0
File C:\Users\HP\AppData\Local\Programs\Python\Python312\Lib\pkgutil.py first seen with mtime 1733288252.0
File C:\Users\HP\AppData\Local\Programs\Python\Python312\Lib\wsgiref\util.py first seen with mtime 1733288254.0
1742890069.9528701
File C:\Users\HP\Desktop\easetalkproject\env\Lib\site-packages\twisted\logger\_io.py first seen with mtime 1742980032.2505999
File C:\Users\HP\Desktop\easetalkproject\env\Lib\site-packages\django\utils\encoding.py first seen with mtime 1742890069.9555154
File C:\Users\HP\Desktop\easetalkproject\env\Lib\site-packages\OpenSSL\SSL.py first seen with mtime 1742980078.6210752
File C:\Users\HP\Desktop\easetalkproject\env\Lib\site-packages\django\urls\base.py first seen with mtime 1742890069.9256015
File C:\Users\HP\AppData\Local\Programs\Python\Python312\Lib\json\decoder.py first seen with mtime 1733288252.0
File C:\Users\HP\Desktop\easetalkproject\env\Lib\site-packages\service_identity\cryptography.py first seen with mtime 1742980078.4142258
File C:\Users\HP\Desktop\easetalkproject\env\Lib\site-packages\django\core\checks\messages.py first seen with mtime 1742890069.2568643
File C:\Users\HP\Desktop\easetalkproject\env\Lib\site-packages\urllib3\response.py first seen with mtime 1743156270.4070313
605846
File C:\Users\HP\Desktop\easetalkproject\env\Lib\site-packages\twisted\web\http.py first seen with mtime 1742980033.2463837
54727
File C:\Users\HP\Desktop\easetalkproject\env\Lib\site-packages\django\views\decorators\common.py first seen with mtime 1742890070.006719
File C:\Users\HP\Desktop\easetalkproject\env\Lib\site-packages\django\utils\safestring.py first seen with mtime 1742890069.9756703
File C:\Users\HP\Desktop\easetalkproject\env\Lib\site-packages\django\contrib\auth\validators.py first seen with mtime 1742890064.8436491
File C:\Users\HP\Desktop\easetalkproject\env\Lib\site-packages\django\utils\log.py first seen with mtime 1742890069.9701376
File C:\Users\HP\AppData\Local\Programs\Python\Python312\Lib\email\mime\nonmultipart.py first seen with mtime 1733288252.0
File C:\Users\HP\Desktop\easetalkproject\env\Lib\site-packages\pyasn1\type\tagmap.py first seen with mtime 1742980016.103125
File C:\Users\HP\Desktop\easetalkproject\env\Lib\site-packages\social_django\storage.py first seen with mtime 1743156294.8167133
File C:\Users\HP\Desktop\easetalkproject\env\Lib\site-packages\pyasn1\type\base.py first seen with mtime 1742980016.084437
File C:\Users\HP\AppData\Local\Programs\Python\Python312\Lib\calendar.py first seen with mtime 1733288252.0
File C:\Users\HP\Desktop\easetalkproject\env\Lib\site-packages\django\core\management\__init__.py first seen with mtime 1742890069.326715
File C:\Users\HP\Desktop\easetalkproject\env\Lib\site-packages\django\template\defaultfilters.py first seen with mtime 1742890069.869456
File C:\Users\HP\Desktop\easetalkproject\env\Lib\site-packages\django\utils\timesince.py first seen with mtime 1742890069.980724
File C:\Users\HP\Desktop\easetalkproject\env\Lib\site-packages\django\db\migrations\operations\fields.py first seen with mtime 1742890069.6008275
File C:\Users\HP\Desktop\easetalkproject\env\Lib\site-packages\django\views\decorators\cache.py first seen with mtime 1742890070.006719
File C:\Users\HP\Desktop\easetalkproject\env\Lib\site-packages\django\contrib\contenttypes\admin.py first seen with mtime 1742890065.2602584
File C:\Users\HP\Desktop\easetalkproject\env\Lib\site-packages\django\core\checks\templates.py first seen with mtime 1742890069.2592547
File C:\Users\HP\Desktop\easetalkproject\env\Lib\site-packages\urllib3\util\timeout.py first seen with mtime 1743156270.455409
File C:\Users\HP\AppData\Local\Programs\Python\Python312\Lib\concurrent\__init__.py first seen with mtime 1733288252.0
File C:\Users\HP\Desktop\easetalkproject\env\Lib\site-packages\twisted\internet\asyncioreactor.py first seen with mtime 1742980031.7810366
File C:\Users\HP\Desktop\easetalkproject\env\Lib\site-packages\django\contrib\contenttypes\models.py first seen with mtime 1742890065.2683668
File C:\Users\HP\Desktop\easetalkproject\env\Lib\site-packages\twisted\logger\_interfaces.py first seen with mtime 1742980032.2505999
File C:\Users\HP\AppData\Local\Programs\Python\Python312\Lib\typing.py first seen with mtime 1733288254.0
File C:\Users\HP\Desktop\easetalkproject\env\Lib\site-packages\django\db\backends\base\validation.py first seen with mtime 1742890069.460756
File C:\Users\HP\AppData\Local\Programs\Python\Python312\Lib\email\__init__.py first seen with mtime 1733288252.0
File C:\Users\HP\AppData\Local\Programs\Python\Python312\DLLs\_queue.pyd first seen with mtime 1733288284.0
File C:\Users\HP\Desktop\easetalkproject\env\Lib\site-packages\attr\__init__.py first seen with mtime 1742980019.3843892
File C:\Users\HP\Desktop\easetalkproject\env\Lib\site-packages\autobahn\twisted\wamp.py first seen with mtime 1742980079.0953524
File C:\Users\HP\Desktop\easetalkproject\env\Lib\site-packages\django\utils\tree.py first seen with mtime 1742890069.980724
File C:\Users\HP\Desktop\easetalkproject\env\Lib\site-packages\autobahn\websocket\utf8validator.py first seen with mtime 1742980079.3484266
File C:\Users\HP\Desktop\easetalkproject\env\Lib\site-packages\twisted\web\_responses.py first seen with mtime 1742980033.2189026
File C:\Users\HP\Desktop\easetalkproject\easetalkprojectapp\therapy\__init__.py first seen with mtime 1742892334.1457758
File C:\Users\HP\Desktop\easetalkproject\env\Lib\site-packages\django\utils\tree.py first seen with mtime 1742890069.980724
File C:\Users\HP\Desktop\easetalkproject\env\Lib\site-packages\django\core\serializers\base.py first seen with mtime 1742890069.4000168
File C:\Users\HP\Desktop\easetalkproject\env\Lib\site-packages\django\views\generic\edit.py first seen with mtime 1742890070.0208688
File C:\Users\HP\AppData\Local\Programs\Python\Python312\Lib\hashlib.py first seen with mtime 1733288252.0
File C:\Users\HP\Desktop\easetalkproject\env\Lib\site-packages\django\core\checks\urls.py first seen with mtime 1742890069.2653625
File C:\Users\HP\AppData\Local\Programs\Python\Python312\Lib\re\_constants.py first seen with mtime 1733288252.0
File C:\Users\HP\Desktop\easetalkproject\env\Lib\site-packages\defusedxml\__init__.py first seen with mtime 1743156275.72742
File C:\Users\HP\Desktop\easetalkproject\env\Lib\site-packages\autobahn\websocket\compress_bzip2.py first seen with mtime 1742980079.3366356
File C:\Users\HP\Desktop\easetalkproject\env\Lib\site-packages\social_django\strategy.py first seen with mtime 1743156294.8192298
File C:\Users\HP\AppData\Local\Programs\Python\Python312\Lib\encodings\utf_8.py first seen with mtime 1733288252.0
File C:\Users\HP\Desktop\easetalkproject\env\Lib\site-packages\django\utils\__init__.py first seen with mtime 1742890069.9364247
File C:\Users\HP\Desktop\easetalkproject\env\Lib\site-packages\urllib3\filepost.py first seen with mtime 1743156270.4003367
File C:\Users\HP\AppData\Local\Programs\Python\Python312\Lib\fnmatch.py first seen with mtime 1733288252.0
File C:\Users\HP\Desktop\easetalkproject\env\Lib\site-packages\attrs\exceptions.py first seen with mtime 1742980019.425982
File C:\Users\HP\Desktop\easetalkproject\env\Lib\site-packages\attr\_next_gen.py first seen with mtime 1742980019.3990242
File C:\Users\HP\Desktop\easetalkproject\env\Lib\site-packages\twisted\logger\_format.py first seen with mtime 1742980032.2414665
File C:\Users\HP\Desktop\easetalkproject\easetalkprojectapp\anonymous\urls.py first seen with mtime 1743175224.2730927
File C:\Users\HP\Desktop\easetalkproject\env\Lib\site-packages\django\http\response.py first seen with mtime 1742890069.8505368
File C:\Users\HP\AppData\Local\Programs\Python\Python312\Lib\http\server.py first seen with mtime 1733288252.0
File C:\Users\HP\Desktop\easetalkproject\env\Lib\site-packages\django\core\cache\backends\base.py first seen with mtime 1742890069.2354436
File C:\Users\HP\Desktop\easetalkproject\env\Lib\site-packages\django\views\defaults.py first seen with mtime 1742890070.0001237
File C:\Users\HP\Desktop\easetalkproject\env\Lib\site-packages\MySQLdb\constants\CLIENT.py first seen with mtime 1742891595.9447386
File C:\Users\HP\AppData\Local\Programs\Python\Python312\Lib\importlib\metadata\_itertools.py first seen with mtime 1733288252.0
File C:\Users\HP\Desktop\easetalkproject\env\Lib\site-packages\cryptography\hazmat\primitives\__init__.py first seen with mtime 1742980075.495536
File C:\Users\HP\Desktop\easetalkproject\easetalkprojectapp\anonymous\admin.py first seen with mtime 1742908934.6553054
File C:\Users\HP\Desktop\easetalkproject\easetalkprojectapp\therapy\models.py first seen with mtime 1742978372.7688317
File C:\Users\HP\Desktop\easetalkproject\env\Lib\site-packages\django\db\models\sql\query.py first seen with mtime 1742890069.6834986
File C:\Users\HP\Desktop\easetalkproject\env\Lib\site-packages\django\db\models\functions\window.py first seen with mtime 1742890069.6721365
File C:\Users\HP\Desktop\easetalkproject\env\Lib\site-packages\twisted\internet\endpoints.py first seen with mtime 1742980031.794503
File C:\Users\HP\AppData\Local\Programs\Python\Python312\Lib\email\_policybase.py first seen with mtime 1733288252.0
File C:\Users\HP\Desktop\easetalkproject\env\Lib\site-packages\django\utils\dateformat.py first seen with mtime 1742890069.9482584
File C:\Users\HP\Desktop\easetalkproject\env\Lib\site-packages\attr\_config.py first seen with mtime 1742980019.3919616
File C:\Users\HP\Desktop\easetalkproject\env\Lib\site-packages\OpenSSL\version.py first seen with mtime 1742980078.6344938
File C:\Users\HP\AppData\Local\Programs\Python\Python312\Lib\encodings\charmap.py first seen with mtime 1733288252.0
File C:\Users\HP\Desktop\easetalkproject\env\Lib\site-packages\attrs\setters.py first seen with mtime 1742980019.430941
File C:\Users\HP\Desktop\easetalkproject\env\Lib\site-packages\autobahn\__init__.py first seen with mtime 1742980079.0041625
File C:\Users\HP\Desktop\easetalkproject\env\Lib\site-packages\requests\utils.py first seen with mtime 1743156277.1241524
File C:\Users\HP\Desktop\easetalkproject\env\Lib\site-packages\django\db\models\fields\__init__.py first seen with mtime 1742890069.639991
File C:\Users\HP\Desktop\easetalkproject\env\Lib\site-packages\twisted\logger\_legacy.py first seen with mtime 1742980032.254624
File C:\Users\HP\AppData\Local\Programs\Python\Python312\Lib\html\entities.py first seen with mtime 1733288252.0
File C:\Users\HP\Desktop\easetalkproject\env\Lib\site-packages\django\db\models\manager.py first seen with mtime 1742890069.6266122
File C:\Users\HP\Desktop\easetalkproject\env\Lib\site-packages\twisted\logger\_file.py first seen with mtime 1742980032.2354991
File C:\Users\HP\Desktop\easetalkproject\easetalkprojectapp\easetalk\models.py first seen with mtime 1742986172.5194561
File C:\Users\HP\Desktop\easetalkproject\env\Lib\site-packages\pyasn1\type\useful.py first seen with mtime 1742980016.1047206
File C:\Users\HP\Desktop\easetalkproject\env\Lib\site-packages\django\utils\choices.py first seen with mtime 1742890069.9450557
File C:\Users\HP\Desktop\easetalkproject\env\Lib\site-packages\cryptography\hazmat\bindings\__init__.py first seen with mtime 1742980075.3844774
File C:\Users\HP\Desktop\easetalkproject\env\Lib\site-packages\django\contrib\admin\decorators.py first seen with mtime 1742890063.2957706
File C:\Users\HP\Desktop\easetalkproject\env\Lib\site-packages\django\db\models\fields\mixins.py first seen with mtime 1742890069.6462638
File C:\Users\HP\Desktop\easetalkproject\env\Lib\site-packages\django\contrib\admin\sites.py first seen with mtime 1742890063.3059254
File C:\Users\HP\Desktop\easetalkproject\env\Lib\site-packages\django\db\models\sql\datastructures.py first seen with mtime 1742890069.676671
File C:\Users\HP\Desktop\easetalkproject\env\Lib\site-packages\social_core\pipeline\utils.py first seen with mtime 1743156280.7178936
File C:\Users\HP\Desktop\easetalkproject\env\Lib\site-packages\PIL\_imaging.cp312-win_amd64.pyd first seen with mtime 1742893564.5603378
File C:\Users\HP\AppData\Local\Programs\Python\Python312\Lib\importlib\resources\readers.py first seen with mtime 1733288252.0
File C:\Users\HP\AppData\Local\Programs\Python\Python312\DLLs\_elementtree.pyd first seen with mtime 1733288284.0
File C:\Users\HP\Desktop\easetalkproject\env\Lib\site-packages\cryptography\hazmat\primitives\asymmetric\utils.py first seen with mtime 1742980075.4169142
File C:\Users\HP\Desktop\easetalkproject\env\Lib\site-packages\cryptography\x509\certificate_transparency.py first seen with mtime 1742980075.5042224
File C:\Users\HP\Desktop\easetalkproject\easetalkprojectapp\therapy\forms.py first seen with mtime 1742894264.5979803
File C:\Users\HP\Desktop\easetalkproject\env\Lib\site-packages\twisted\persisted\__init__.py first seen with mtime 1742980032.4963331
File C:\Users\HP\Desktop\easetalkproject\env\Lib\site-packages\django\core\checks\registry.py first seen with mtime 1742890069.2592547
File C:\Users\HP\AppData\Local\Programs\Python\Python312\DLLs\_elementtree.pyd first seen with mtime 1733288284.0
File C:\Users\HP\Desktop\easetalkproject\env\Lib\site-packages\twisted\python\log.py first seen with mtime 1742980032.6794543
File C:\Users\HP\Desktop\easetalkproject\env\Lib\site-packages\django\db\migrations\utils.py first seen with mtime 1742890069.5956254
File C:\Users\HP\AppData\Local\Programs\Python\Python312\Lib\encodings\__init__.py first seen with mtime 1733288252.0
File C:\Users\HP\AppData\Local\Programs\Python\Python312\Lib\email\mime\text.py first seen with mtime 1733288252.0
File C:\Users\HP\Desktop\easetalkproject\env\Lib\site-packages\daphne\ws_protocol.py first seen with mtime 1742980087.4094217
File C:\Users\HP\Desktop\easetalkproject\env\Lib\site-packages\twisted\python\threadpool.py first seen with mtime 1742980032.709554
File C:\Users\HP\AppData\Local\Programs\Python\Python312\Lib\pathlib.py first seen with mtime 1733288252.0
File C:\Users\HP\Desktop\easetalkproject\env\Lib\site-packages\daphne\apps.py first seen with mtime 1742980087.3963048
File C:\Users\HP\Desktop\easetalkproject\env\Lib\site-packages\twisted\internet\posixbase.py first seen with mtime 1742980031.8178408
File C:\Users\HP\Desktop\easetalkproject\env\Lib\site-packages\social_core\storage.py first seen with mtime 1743156280.3354535
File C:\Users\HP\Desktop\easetalkproject\env\Lib\site-packages\service_identity\pyopenssl.py first seen with mtime 1742980078.424848
File C:\Users\HP\Desktop\easetalkproject\env\Lib\site-packages\sqlparse\exceptions.py first seen with mtime 1742890060.999081
File C:\Users\HP\Desktop\easetalkproject\env\Lib\site-packages\twisted\logger\_flatten.py first seen with mtime 1742980032.2395146
File C:\Users\HP\Desktop\easetalkproject\env\Lib\site-packages\twisted\application\__init__.py first seen with mtime 1742980031.4010193
File C:\Users\HP\Desktop\easetalkproject\env\Lib\site-packages\cryptography\hazmat\primitives\serialization\ssh.py first seen with mtime 1742980075.4814513
File C:\Users\HP\Desktop\easetalkproject\env\Lib\site-packages\social_core\store.py first seen with mtime 1743156280.3354535
File C:\Users\HP\Desktop\easetalkproject\env\Lib\site-packages\django\db\models\functions\datetime.py first seen with mtime 1742890069.664276
File C:\Users\HP\Desktop\easetalkproject\env\Lib\site-packages\twisted\python\components.py first seen with mtime 1742980032.6659422
File C:\Users\HP\Desktop\easetalkproject\env\Lib\site-packages\twisted\logger\_global.py first seen with mtime 1742980032.2426414
File C:\Users\HP\Desktop\easetalkproject\env\Lib\site-packages\urllib3\poolmanager.py first seen with mtime 1743156270.4028492
File C:\Users\HP\AppData\Local\Programs\Python\Python312\Lib\ssl.py first seen with mtime 1733288252.0
File C:\Users\HP\Desktop\easetalkproject\env\Lib\site-packages\social_core\utils.py first seen with mtime 1743156280.340249
File C:\Users\HP\AppData\Local\Programs\Python\Python312\DLLs\_overlapped.pyd first seen with mtime 1733288284.0
File C:\Users\HP\Desktop\easetalkproject\env\Lib\site-packages\django\db\backends\utils.py first seen with mtime 1742890069.4356382
File C:\Users\HP\Desktop\easetalkproject\env\Lib\site-packages\django\core\files\storage\filesystem.py first seen with mtime 1742890069.2966352
File C:\Users\HP\Desktop\easetalkproject\env\Lib\site-packages\defusedxml\__init__.py first seen with mtime 1743156275.72742
File C:\Users\HP\Desktop\easetalkproject\env\Lib\site-packages\django\contrib\admin\utils.py first seen with mtime 1742890063.3104753
File C:\Users\HP\Desktop\easetalkproject\env\Lib\site-packages\django\core\files\storage\memory.py first seen with mtime 1742890069.299452
File C:\Users\HP\Desktop\easetalkproject\easetalkprojectapp\easetalk\models.py first seen with mtime 1742986172.5194561
File C:\Users\HP\Desktop\easetalkproject\env\Lib\site-packages\django\db\models\fields\related.py first seen with mtime 1742890069.6508932
File C:\Users\HP\Desktop\easetalkproject\env\Lib\site-packages\PIL\_typing.py first seen with mtime 1742893564.6204753
File C:\Users\HP\Desktop\easetalkproject\env\Lib\site-packages\django\template\loaders\app_directories.py first seen with mtime 1742890069.9008932
File C:\Users\HP\Desktop\easetalkproject\env\Lib\site-packages\twisted\web\http_headers.py first seen with mtime 1742980033.2463837
File C:\Users\HP\Desktop\easetalkproject\env\Lib\site-packages\django\db\models\indexes.py first seen with mtime 1742890069.6223838
File C:\Users\HP\Desktop\easetalkproject\env\Lib\site-packages\django\template\loader.py first seen with mtime 1742890069.8783696
File C:\Users\HP\Desktop\easetalkproject\env\Lib\site-packages\django\contrib\sessions\models.py first seen with mtime 1742890068.2948487
File C:\Users\HP\Desktop\easetalkproject\env\Lib\site-packages\attr\converters.py first seen with mtime 1742980019.4053156
File C:\Users\HP\Desktop\easetalkproject\env\Lib\site-packages\django\db\backends\base\client.py first seen with mtime 1742890069.4382825
File C:\Users\HP\AppData\Local\Programs\Python\Python312\Lib\operator.py first seen with mtime 1733288252.0
File C:\Users\HP\Desktop\easetalkproject\env\Lib\site-packages\sqlparse\__init__.py first seen with mtime 1742890060.9865844
File C:\Users\HP\AppData\Local\Programs\Python\Python312\Lib\asyncio\queues.py first seen with mtime 1733288252.0
 1742890069.2592547
File C:\Users\HP\Desktop\easetalkproject\env\Lib\site-packages\django\db\models\fields\reverse_related.py first seen with mtime 1742890069.6557422
File C:\Users\HP\AppData\Local\Programs\Python\Python312\DLLs\_zoneinfo.pyd first seen with mtime 1733288284.0
File C:\Users\HP\Desktop\easetalkproject\env\Lib\site-packages\txaio\_unframework.py first seen with mtime 1742979998.8013618
File C:\Users\HP\Desktop\easetalkproject\env\Lib\site-packages\pyasn1\codec\cer\__init__.py first seen with mtime 1742980016.055255
File C:\Users\HP\Desktop\easetalkproject\env\Lib\site-packages\django\core\checks\files.py first seen with mtime 1742890069.255818
File C:\Users\HP\Desktop\easetalkproject\env\Lib\site-packages\django\core\handlers\__init__.py first seen with mtime 1742890069.3024035
File C:\Users\HP\Desktop\easetalkproject\env\Lib\site-packages\django\contrib\messages\apps.py first seen with mtime 1742890067.2857223
File C:\Users\HP\Desktop\easetalkproject\env\Lib\site-packages\django\core\mail\__init__.py first seen with mtime 1742890069.310292
File C:\Users\HP\Desktop\easetalkproject\easetalkprojectapp\easetalk\admin.py first seen with mtime 1742911562.7651763
File C:\Users\HP\Desktop\easetalkproject\env\Lib\site-packages\twisted\python\__init__.py first seen with mtime 1742980032.6494431
File C:\Users\HP\Desktop\easetalkproject\env\Lib\site-packages\urllib3\util\__init__.py first seen with mtime 1743156270.4354727
File C:\Users\HP\Desktop\easetalkproject\env\Lib\site-packages\django\__init__.py first seen with mtime 1742890062.418586
File C:\Users\HP\Desktop\easetalkproject\env\Lib\site-packages\django\core\checks\database.py first seen with mtime 1742890069.2543008
File C:\Users\HP\AppData\Local\Programs\Python\Python312\Lib\html\__init__.py first seen with mtime 1733288252.0
File C:\Users\HP\AppData\Local\Programs\Python\Python312\Lib\encodings\cp1252.py first seen with mtime 1733288252.0
File C:\Users\HP\Desktop\easetalkproject\env\Lib\site-packages\django\views\i18n.py first seen with mtime 1742890070.0001237
File C:\Users\HP\Desktop\easetalkproject\easetalkprojectapp\therapy\apps.py first seen with mtime 1742892334.13446
File C:\Users\HP\Desktop\easetalkproject\env\Lib\site-packages\twisted\python\modules.py first seen with mtime 1742980032.684631
File C:\Users\HP\Desktop\easetalkproject\env\Lib\site-packages\django\contrib\auth\checks.py first seen with mtime 1742890064.8255453
File C:\Users\HP\Desktop\easetalkproject\env\Lib\site-packages\requests\exceptions.py first seen with mtime 1743156277.107064
File C:\Users\HP\AppData\Local\Programs\Python\Python312\Lib\decimal.py first seen with mtime 1733288252.0
File C:\Users\HP\Desktop\easetalkproject\env\Lib\site-packages\daphne\management\__init__.py first seen with mtime 1742980087.4119487
File C:\Users\HP\Desktop\easetalkproject\env\Lib\site-packages\autobahn\websocket\compress.py first seen with mtime 1742980079.3341827
File C:\Users\HP\AppData\Local\Programs\Python\Python312\Lib\ctypes\wintypes.py first seen with mtime 1733288252.0
File C:\Users\HP\Desktop\easetalkproject\env\Lib\site-packages\cryptography\hazmat\primitives\asymmetric\dsa.py first seen with mtime 1742980075.3996599
File C:\Users\HP\Desktop\easetalkproject\env\Lib\site-packages\daphne\http_protocol.py first seen with mtime 1742980087.4007623
File C:\Users\HP\Desktop\easetalkproject\env\Lib\site-packages\django\middleware\csrf.py first seen with mtime 1742890069.8580472
File C:\Users\HP\Desktop\easetalkproject\env\Lib\site-packages\django\db\models\functions\mixins.py first seen with mtime 1742890069.6684878
File C:\Users\HP\Desktop\easetalkproject\env\Lib\site-packages\django\utils\translation\trans_real.py first seen with mtime 1742890069.9943316
File C:\Users\HP\Desktop\easetalkproject\env\Lib\site-packages\sqlparse\filters\tokens.py first seen with mtime 1742890061.0207007
File C:\Users\HP\Desktop\easetalkproject\env\Lib\site-packages\sqlparse\cli.py first seen with mtime 1742890060.9988184
File C:\Users\HP\Desktop\easetalkproject\env\Lib\site-packages\django\template\__init__.py first seen with mtime 1742890069.866675
File C:\Users\HP\Desktop\easetalkproject\env\Lib\site-packages\urllib3\util\ssl_match_hostname.py first seen with mtime 1743156270.4507854
File C:\Users\HP\Desktop\easetalkproject\env\Lib\site-packages\cryptography\hazmat\bindings\__init__.py first seen with mtime 1742980075.3844774
File C:\Users\HP\Desktop\easetalkproject\env\Lib\site-packages\twisted\python\win32.py first seen with mtime 1742980032.7220755
File C:\Users\HP\AppData\Local\Programs\Python\Python312\Lib\textwrap.py first seen with mtime 1733288254.0
File C:\Users\HP\Desktop\easetalkproject\env\Lib\site-packages\django\apps\__init__.py first seen with mtime 1742890062.4224844

File C:\Users\HP\Desktop\easetalkproject\env\Lib\site-packages\cryptography\hazmat\primitives\kdf\pbkdf2.py first seen with mtime 1742980075.4578474
File C:\Users\HP\Desktop\easetalkproject\env\Lib\site-packages\MySQLdb\constants\__init__.py first seen with mtime 1742891595.9560509
File C:\Users\HP\AppData\Local\Programs\Python\Python312\Lib\encodings\idna.py first seen with mtime 1733288252.0
File C:\Users\HP\Desktop\easetalkproject\env\Lib\site-packages\PIL\_version.py first seen with mtime 1742893564.6248283
File C:\Users\HP\AppData\Local\Programs\Python\Python312\Lib\http\client.py first seen with mtime 1733288252.0
File C:\Users\HP\Desktop\easetalkproject\env\Lib\site-packages\django\template\utils.py first seen with mtime 1742890069.8853796
File C:\Users\HP\Desktop\easetalkproject\env\Lib\site-packages\urllib3\exceptions.py first seen with mtime 1743156270.3953092
File C:\Users\HP\Desktop\easetalkproject\env\Lib\site-packages\django\contrib\auth\base_user.py first seen with mtime 1742890064.8255453
File C:\Users\HP\Desktop\easetalkproject\env\Lib\site-packages\MySQLdb\_mysql.cp312-win_amd64.pyd first seen with mtime 1742891595.9209893
File C:\Users\HP\Desktop\easetalkproject\env\Lib\site-packages\twisted\internet\posixbase.py first seen with mtime 1742980031.8178408
File C:\Users\HP\AppData\Local\Programs\Python\Python312\Lib\email\mime\message.py first seen with mtime 1733288252.0
File C:\Users\HP\AppData\Local\Programs\Python\Python312\DLLs\_wmi.pyd first seen with mtime 1733288284.0
File C:\Users\HP\Desktop\easetalkproject\env\Lib\site-packages\django\template\utils.py first seen with mtime 1742890069.8853796
0069.4954014
File C:\Users\HP\Desktop\easetalkproject\env\Lib\site-packages\django\core\checks\async_checks.py first seen with mtime 1742890069.2482364
File C:\Users\HP\AppData\Local\Programs\Python\Python312\Lib\json\scanner.py first seen with mtime 1733288252.0
File C:\Users\HP\Desktop\easetalkproject\env\Lib\site-packages\django\db\models\fields\generated.py first seen with mtime 1742890069.6441803
File C:\Users\HP\Desktop\easetalkproject\env\Lib\site-packages\urllib3\util\ssltransport.py first seen with mtime 1743156270.4507854
File C:\Users\HP\AppData\Local\Programs\Python\Python312\Lib\_compression.py first seen with mtime 1733288252.0
252.0
File C:\Users\HP\AppData\Local\Programs\Python\Python312\Lib\re\_casefix.py first seen with mtime 1733288252.0
File C:\Users\HP\AppData\Local\Programs\Python\Python312\Lib\stringprep.py first seen with mtime 1733288252.0
File C:\Users\HP\AppData\Local\Programs\Python\Python312\Lib\nturl2path.py first seen with mtime 1733288252.0
File C:\Users\HP\Desktop\easetalkproject\env\Lib\site-packages\pyasn1\compat\__init__.py first seen with mtime 1742980016.0776155
File C:\Users\HP\AppData\Local\Programs\Python\Python312\Lib\queue.py first seen with mtime 1733288252.0
File C:\Users\HP\Desktop\easetalkproject\env\Lib\site-packages\pyasn1\type\__init__.py first seen with mtime 1742980016.0829186
File C:\Users\HP\Desktop\easetalkproject\env\Lib\site-packages\hyperlink\_url.py first seen with mtime 1742980028.7317135
File C:\Users\HP\AppData\Local\Programs\Python\Python312\Lib\reprlib.py first seen with mtime 1733288252.0
File C:\Users\HP\AppData\Local\Programs\Python\Python312\Lib\functools.py first seen with mtime 1733288252.0
File C:\Users\HP\Desktop\easetalkproject\env\Lib\site-packages\django\template\loader_tags.py first seen with mtime 1742890069.8783696
File C:\Users\HP\Desktop\easetalkproject\env\Lib\site-packages\django\utils\html.py first seen with mtime 1742890069.9625187
File C:\Users\HP\Desktop\easetalkproject\env\Lib\site-packages\urllib3\_request_methods.py first seen with mtime 1743156270.3907733
File C:\Users\HP\Desktop\easetalkproject\env\Lib\site-packages\charset_normalizer\md__mypyc.cp312-win_amd64.pyd first seen with mtime 1743156276.1727798
File C:\Users\HP\Desktop\easetalkproject\env\Lib\site-packages\txaio\_iotype.py first seen with mtime 1742979998.798948
File C:\Users\HP\Desktop\easetalkproject\env\Lib\site-packages\PIL\Image.py first seen with mtime 1742893564.4144306
File C:\Users\HP\Desktop\easetalkproject\env\Lib\site-packages\autobahn\websocket\compress_base.py first seen with mtime 1742980079.3341827
File C:\Users\HP\Desktop\easetalkproject\env\Lib\site-packages\django\core\checks\async_checks.py first seen with mtime 1742890069.2482364
File C:\Users\HP\Desktop\easetalkproject\env\Lib\site-packages\autobahn\websocket\__init__.py first seen with mtime 1742980079.3326705
File C:\Users\HP\Desktop\easetalkproject\env\Lib\site-packages\urllib3\util\ssl_.py first seen with mtime 1743156270.4507854
File C:\Users\HP\Desktop\easetalkproject\env\Lib\site-packages\django\db\backends\base\validation.py first seen with mtime 1742890069.460756
File C:\Users\HP\Desktop\easetalkproject\env\Lib\site-packages\requests\packages.py first seen with mtime 1743156277.1155307
File C:\Users\HP\Desktop\easetalkproject\env\Lib\site-packages\django\views\generic\__init__.py first seen with mtime 1742890070.0158582
File C:\Users\HP\Desktop\easetalkproject\env\Lib\site-packages\twisted\internet\main.py first seen with mtime 1742980031.815319
File C:\Users\HP\Desktop\easetalkproject\env\Lib\site-packages\cryptography\hazmat\primitives\asymmetric\padding.py first seen with mtime 1742980075.4107306
File C:\Users\HP\Desktop\easetalkproject\env\Lib\site-packages\twisted\_threads\_pool.py first seen with mtime 1742980031.3779044
File C:\Users\HP\AppData\Local\Programs\Python\Python312\Lib\logging\handlers.py first seen with mtime 1733288252.0
File C:\Users\HP\Desktop\easetalkproject\env\Lib\site-packages\django\middleware\http.py first seen with mtime 1742890069.8585582
File C:\Users\HP\Desktop\easetalkproject\env\Lib\site-packages\django\core\checks\security\__init__.py first seen with mtime 1742890069.266476
File C:\Users\HP\Desktop\easetalkproject\env\Lib\site-packages\autobahn\wamp\interfaces.py first seen with mtime 1742980079.1392477
File C:\Users\HP\Desktop\easetalkproject\env\Lib\site-packages\PIL\ImageMode.py first seen with mtime 1742893564.4383762
File C:\Users\HP\Desktop\easetalkproject\env\Lib\site-packages\django\utils\_os.py first seen with mtime 1742890069.9374342
File C:\Users\HP\Desktop\easetalkproject\env\Lib\site-packages\pyasn1\type\__init__.py first seen with mtime 1742980016.0829186
File C:\Users\HP\Desktop\easetalkproject\env\Lib\site-packages\django\contrib\staticfiles\checks.py first seen with mtime 1742890069.1858404
File C:\Users\HP\Desktop\easetalkproject\env\Lib\site-packages\service_identity\hazmat.py first seen with mtime 1742980078.419282
File C:\Users\HP\Desktop\easetalkproject\env\Lib\site-packages\django\forms\boundfield.py first seen with mtime 1742890069.6978965
File C:\Users\HP\Desktop\easetalkproject\env\Lib\site-packages\django\template\engine.py first seen with mtime 1742890069.8755434
File C:\Users\HP\Desktop\easetalkproject\env\Lib\site-packages\sqlparse\filters\__init__.py first seen with mtime 1742890061.0156372
File C:\Users\HP\Desktop\easetalkproject\env\Lib\site-packages\django\db\backends\mysql\introspection.py first seen with mtime 1742890069.4928882
File C:\Users\HP\Desktop\easetalkproject\env\Lib\site-packages\twisted\logger\_stdlib.py first seen with mtime 1742980032.2606966
File C:\Users\HP\Desktop\easetalkproject\env\Lib\site-packages\django\template\autoreload.py first seen with mtime 1742890069.866675
File C:\Users\HP\Desktop\easetalkproject\env\Lib\site-packages\django\contrib\auth\admin.py first seen with mtime 1742890064.8205292
File C:\Users\HP\Desktop\easetalkproject\env\Lib\site-packages\django\core\management\commands\__init__.py first seen with mtime 1742890069.335487
File C:\Users\HP\Desktop\easetalkproject\env\Lib\site-packages\cryptography\hazmat\bindings\openssl\__init__.py first seen with mtime 1742980075.335976
File C:\Users\HP\Desktop\easetalkproject\env\Lib\site-packages\autobahn\websocket\compress_base.py first seen with mtime 1742980079.3341827
File C:\Users\HP\AppData\Local\Programs\Python\Python312\Lib\asyncio\trsock.py first seen with mtime 1733288252.0
e 1742890064.815476
File C:\Users\HP\Desktop\easetalkproject\env\Lib\site-packages\django\db\models\enums.py first seen with mtime 1742890069.6164992
File C:\Users\HP\Desktop\easetalkproject\env\Lib\site-packages\cryptography\utils.py first seen with mtime 1742980075.4977021
File C:\Users\HP\Desktop\easetalkproject\env\Lib\site-packages\django\db\models\sql\datastructures.py first seen with mtime 1742890069.676671
File C:\Users\HP\Desktop\easetalkproject\easetalkprojectapp\easetalk\apps.py first seen with mtime 1742890230.225285
9966366
File C:\Users\HP\AppData\Local\Programs\Python\Python312\Lib\email\contentmanager.py first seen with mtime 1733288252.0
File C:\Users\HP\Desktop\easetalkproject\easetalkprojectapp\anonymous\admin.py first seen with mtime 1742908934.6553054
File C:\Users\HP\AppData\Local\Programs\Python\Python312\Lib\email\mime\multipart.py first seen with mtime 1733288252.0
File C:\Users\HP\Desktop\easetalkproject\env\Lib\site-packages\sqlparse\tokens.py first seen with mtime 1742890061.0056193
File C:\Users\HP\Desktop\easetalkproject\env\Lib\site-packages\social_django\managers.py first seen with mtime 1743156294.811048
File C:\Users\HP\Desktop\easetalkproject\env\Lib\site-packages\twisted\_threads\__init__.py first seen with mtime 1742980031.3677068
File C:\Users\HP\Desktop\easetalkproject\env\Lib\site-packages\django\core\serializers\python.py first seen with mtime 1742890069.4125164
File C:\Users\HP\Desktop\easetalkproject\env\Lib\site-packages\django\contrib\auth\models.py first seen with mtime 1742890064.8366544
File C:\Users\HP\Desktop\easetalkproject\env\Lib\site-packages\urllib3\util\proxy.py first seen with mtime 1743156270.4416444
File C:\Users\HP\Desktop\easetalkproject\env\Lib\site-packages\requests\certs.py first seen with mtime 1743156277.107064
File C:\Users\HP\Desktop\easetalkproject\env\Lib\site-packages\social_django\strategy.py first seen with mtime 1743156294.8192298
File C:\Users\HP\Desktop\easetalkproject\env\Lib\site-packages\cryptography\__init__.py first seen with mtime 1742980075.5222201
File C:\Users\HP\Desktop\easetalkproject\env\Lib\site-packages\zope\interface\adapter.py first seen with mtime 1742980020.204896
File C:\Users\HP\Desktop\easetalkproject\env\Lib\site-packages\django\contrib\admin\actions.py first seen with mtime 1742890063.2892303
File C:\Users\HP\Desktop\easetalkproject\env\Lib\site-packages\sqlparse\exceptions.py first seen with mtime 1742890060.999081
File C:\Users\HP\AppData\Local\Programs\Python\Python312\Lib\email\parser.py first seen with mtime 1733288252.0
File C:\Users\HP\Desktop\easetalkproject\env\Lib\site-packages\django\core\mail\message.py first seen with mtime 1742890069.3135905
File C:\Users\HP\Desktop\easetalkproject\env\Lib\site-packages\social_core\backends\utils.py first seen with mtime 1743156280.679819
File C:\Users\HP\Desktop\easetalkproject\env\Lib\site-packages\pyasn1\codec\ber\eoo.py first seen with mtime 1742980016.055255
42980075.4457672
File C:\Users\HP\Desktop\easetalkproject\env\Lib\site-packages\django\core\files\storage\filesystem.py first seen with mtime 1742890069.2966352
File C:\Users\HP\Desktop\easetalkproject\env\Lib\site-packages\django\forms\models.py first seen with mtime 1742890069.705463
File C:\Users\HP\Desktop\easetalkproject\env\Lib\site-packages\django\forms\__init__.py first seen with mtime 1742890069.6965477
File C:\Users\HP\Desktop\easetalkproject\env\Lib\site-packages\django\db\models\fields\files.py first seen with mtime 1742890069.640977
802
File C:\Users\HP\Desktop\easetalkproject\env\Lib\site-packages\charset_normalizer\cd.py first seen with mtime 1743156276.1606302
File C:\Users\HP\Desktop\easetalkproject\env\Lib\site-packages\django\http\request.py first seen with mtime 1742890069.8505368
File C:\Users\HP\Desktop\easetalkproject\env\Lib\site-packages\sqlparse\engine\grouping.py first seen with mtime 1742890061.0105133
File C:\Users\HP\AppData\Local\Programs\Python\Python312\Lib\ctypes\__init__.py first seen with mtime 1733288252.0
File C:\Users\HP\Desktop\easetalkproject\env\Lib\site-packages\django\forms\__init__.py first seen with mtime 1742890069.6965477
File C:\Users\HP\Desktop\easetalkproject\env\Lib\site-packages\cryptography\hazmat\decrepit\ciphers\__init__.py first seen with mtime 1742980075.38869
File C:\Users\HP\Desktop\easetalkproject\env\Lib\site-packages\django\db\backends\mysql\base.py first seen with mtime 1742890069.4786007
File C:\Users\HP\Desktop\easetalkproject\env\Lib\site-packages\django\forms\forms.py first seen with mtime 1742890069.6999483
File C:\Users\HP\AppData\Local\Programs\Python\Python312\Lib\_markupbase.py first seen with mtime 1733288252.0
File C:\Users\HP\Desktop\easetalkproject\env\Lib\site-packages\django\core\files\move.py first seen with mtime 1742890069.2804928
File C:\Users\HP\Desktop\easetalkproject\env\Lib\site-packages\django\templatetags\static.py first seen with mtime 1742890069.908404
File C:\Users\HP\Desktop\easetalkproject\env\Lib\site-packages\idna\core.py first seen with mtime 1742980017.5814147
File C:\Users\HP\Desktop\easetalkproject\env\Lib\site-packages\twisted\internet\endpoints.py first seen with mtime 1742980031.794503
File C:\Users\HP\AppData\Local\Programs\Python\Python312\Lib\email\utils.py first seen with mtime 1733288252.0
File C:\Users\HP\Desktop\easetalkproject\env\Lib\site-packages\twisted\application\service.py first seen with mtime 1742980031.4095004
File C:\Users\HP\Desktop\easetalkproject\env\Lib\site-packages\requests\__version__.py first seen with mtime 1743156277.1000042
File C:\Users\HP\Desktop\easetalkproject\env\Lib\site-packages\twisted\internet\address.py first seen with mtime 1742980031.779811
File C:\Users\HP\Desktop\easetalkproject\env\Lib\site-packages\twisted\python\lockfile.py first seen with mtime 1742980032.6794543
File C:\Users\HP\Desktop\easetalkproject\env\Lib\site-packages\django\db\models\signals.py first seen with mtime 1742890069.6337762
File C:\Users\HP\Desktop\easetalkproject\env\Lib\site-packages\django\utils\numberformat.py first seen with mtime 1742890069.9756703
File C:\Users\HP\AppData\Local\Programs\Python\Python312\Lib\logging\config.py first seen with mtime 1733288252.0
File C:\Users\HP\Desktop\easetalkproject\env\Lib\site-packages\twisted\persisted\__init__.py first seen with mtime 1742980032.4963331
File C:\Users\HP\Desktop\easetalkproject\env\Lib\site-packages\django\utils\version.py first seen with mtime 1742890069.984234
File C:\Users\HP\Desktop\easetalkproject\env\Lib\site-packages\constantly\_constants.py first seen with mtime 1742980018.1845937
File C:\Users\HP\Desktop\easetalkproject\env\Lib\site-packages\autobahn\wamp\role.py first seen with mtime 1742980079.1496112
File C:\Users\HP\Desktop\easetalkproject\env\Lib\site-packages\pyasn1\type\constraint.py first seen with mtime 1742980016.0900483
File C:\Users\HP\Desktop\easetalkproject\env\Lib\site-packages\autobahn\wamp\message.py first seen with mtime 1742980079.1417644
File C:\Users\HP\Desktop\easetalkproject\env\Lib\site-packages\twisted\logger\_flatten.py first seen with mtime 1742980032.2395146
File C:\Users\HP\Desktop\easetalkproject\env\Lib\site-packages\django\contrib\messages\utils.py first seen with mtime 1742890067.2926059
File C:\Users\HP\Desktop\easetalkproject\env\Lib\site-packages\OpenSSL\SSL.py first seen with mtime 1742980078.6210752
File C:\Users\HP\Desktop\easetalkproject\env\Lib\site-packages\twisted\internet\fdesc.py first seen with mtime 1742980031.799222
File C:\Users\HP\Desktop\easetalkproject\env\Lib\site-packages\defusedxml\common.py first seen with mtime 1743156275.73034
File C:\Users\HP\AppData\Local\Programs\Python\Python312\Lib\email\headerregistry.py first seen with mtime 1733288252.0
File C:\Users\HP\Desktop\easetalkproject\env\Lib\site-packages\django\template\response.py first seen with mtime 1742890069.8783696
File C:\Users\HP\Desktop\easetalkproject\env\Lib\site-packages\cryptography\hazmat\primitives\hashes.py first seen with mtime 1742980075.4457672
File C:\Users\HP\Desktop\easetalkproject\env\Lib\site-packages\twisted\web\iweb.py first seen with mtime 1742980033.254395
File C:\Users\HP\Desktop\easetalkproject\env\Lib\site-packages\django\__init__.py first seen with mtime 1742890062.418586
File C:\Users\HP\Desktop\easetalkproject\env\Lib\site-packages\django\db\models\sql\query.py first seen with mtime 1742890069.6834986
File C:\Users\HP\AppData\Local\Programs\Python\Python312\DLLs\_bz2.pyd first seen with mtime 1733288284.0
File C:\Users\HP\Desktop\easetalkproject\env\Lib\site-packages\cryptography\x509\general_name.py first seen with mtime 1742980075.5092897
File C:\Users\HP\Desktop\easetalkproject\env\Lib\site-packages\daphne\apps.py first seen with mtime 1742980087.3963048
File C:\Users\HP\AppData\Local\Programs\Python\Python312\Lib\_weakrefset.py first seen with mtime 1733288252.0
File C:\Users\HP\Desktop\easetalkproject\env\Lib\site-packages\cryptography\hazmat\primitives\asymmetric\dsa.py first seen with mtime 1742980075.3996599
File C:\Users\HP\Desktop\easetalkproject\env\Lib\site-packages\django\core\management\commands\__init__.py first seen with mtime 1742890069.335487
File C:\Users\HP\Desktop\easetalkproject\env\Lib\site-packages\django\db\models\query.py first seen with mtime 1742890069.6281292
File C:\Users\HP\Desktop\easetalkproject\env\Lib\site-packages\attrs\filters.py first seen with mtime 1742980019.4284267
File C:\Users\HP\Desktop\easetalkproject\env\Lib\site-packages\twisted\python\runtime.py first seen with mtime 1742980032.699407
File C:\Users\HP\Desktop\easetalkproject\env\Lib\site-packages\django\contrib\staticfiles\views.py first seen with mtime 1742890069.2003417
File C:\Users\HP\Desktop\easetalkproject\env\Lib\site-packages\PIL\_imaging.cp312-win_amd64.pyd first seen with mtime 1742893564.5603378
File C:\Users\HP\Desktop\easetalkproject\env\Lib\site-packages\sqlparse\filters\right_margin.py first seen with mtime 1742890061.0207007
File C:\Users\HP\Desktop\easetalkproject\env\Lib\site-packages\sqlparse\engine\grouping.py first seen with mtime 1742890061.0105133
File C:\Users\HP\Desktop\easetalkproject\env\Lib\site-packages\django\contrib\staticfiles\apps.py first seen with mtime 1742890069.1858404
File C:\Users\HP\Desktop\easetalkproject\env\Lib\site-packages\django\contrib\contenttypes\management\__init__.py first seen with mtime 1742890065.7357838
File C:\Users\HP\Desktop\easetalkproject\env\Lib\site-packages\django\contrib\contenttypes\fields.py first seen with mtime 1742890065.2660482
File C:\Users\HP\Desktop\easetalkproject\env\Lib\site-packages\django\utils\crypto.py first seen with mtime 1742890069.9455798
File C:\Users\HP\Desktop\easetalkproject\env\Lib\site-packages\sqlparse\keywords.py first seen with mtime 1742890060.999081
File C:\Users\HP\Desktop\easetalkproject\env\Lib\site-packages\pyasn1\type\univ.py first seen with mtime 1742980016.1047206
File C:\Users\HP\Desktop\easetalkproject\env\Lib\site-packages\social_django\views.py first seen with mtime 1743156294.8253589
File C:\Users\HP\Desktop\easetalkproject\env\Lib\site-packages\twisted\_threads\_memory.py first seen with mtime 1742980031.3745573
File C:\Users\HP\Desktop\easetalkproject\env\Lib\site-packages\django\core\checks\urls.py first seen with mtime 1742890069.2653625
File C:\Users\HP\AppData\Local\Programs\Python\Python312\Lib\traceback.py first seen with mtime 1733288254.0
File C:\Users\HP\AppData\Local\Programs\Python\Python312\DLLs\_ctypes.pyd first seen with mtime 1733288284.0
File C:\Users\HP\Desktop\easetalkproject\easetalkprojectapp\anonymous\forms.py first seen with mtime 1743128463.2311375
File C:\Users\HP\Desktop\easetalkproject\env\Lib\site-packages\django\contrib\auth\forms.py first seen with mtime 1742890064.830599
File C:\Users\HP\Desktop\easetalkproject\env\Lib\site-packages\asgiref\local.py first seen with mtime 1742890061.937279
File C:\Users\HP\Desktop\easetalkproject\env\Lib\site-packages\twisted\python\versions.py first seen with mtime 1742980032.7204902
File C:\Users\HP\Desktop\easetalkproject\env\Lib\site-packages\django\utils\datastructures.py first seen with mtime 1742890069.9482584
File C:\Users\HP\AppData\Local\Programs\Python\Python312\Lib\asyncio\base_subprocess.py first seen with mtime 1733288252.0
File C:\Users\HP\Desktop\easetalkproject\env\Lib\site-packages\cryptography\hazmat\primitives\__init__.py first seen with mtime 1742980075.495536
File C:\Users\HP\Desktop\easetalkproject\env\Lib\site-packages\django\views\decorators\csrf.py first seen with mtime 1742890070.0107324
File C:\Users\HP\Desktop\easetalkproject\env\Lib\site-packages\twisted\logger\_stdlib.py first seen with mtime 1742980032.2606966
File C:\Users\HP\AppData\Local\Programs\Python\Python312\Lib\shutil.py first seen with mtime 1733288252.0
File C:\Users\HP\Desktop\easetalkproject\env\Lib\site-packages\twisted\python\_tzhelper.py first seen with mtime 1742980032.6595373
File C:\Users\HP\Desktop\easetalkproject\env\Lib\site-packages\django\shortcuts.py first seen with mtime 1742890062.4197903
File C:\Users\HP\AppData\Local\Programs\Python\Python312\Lib\asyncio\base_tasks.py first seen with mtime 1733288252.0
File C:\Users\HP\Desktop\easetalkproject\env\Lib\site-packages\django\contrib\sessions\apps.py first seen with mtime 1742890068.2853968
File C:\Users\HP\Desktop\easetalkproject\env\Lib\site-packages\social_core\exceptions.py first seen with mtime 1743156280.3318834
File C:\Users\HP\Desktop\easetalkproject\env\Lib\site-packages\django\core\cache\__init__.py first seen with mtime 1742890069.2256587
File C:\Users\HP\Desktop\easetalkproject\env\Lib\site-packages\social_django\models.py first seen with mtime 1743156294.815537
File C:\Users\HP\Desktop\easetalkproject\env\Lib\site-packages\autobahn\wamp\auth.py first seen with mtime 1742980079.1270487
File C:\Users\HP\AppData\Local\Programs\Python\Python312\Lib\email\mime\message.py first seen with mtime 1733288252.0
File C:\Users\HP\Desktop\easetalkproject\env\Lib\site-packages\PIL\ImageMode.py first seen with mtime 1742893564.4383762
File C:\Users\HP\AppData\Local\Programs\Python\Python312\Lib\wsgiref\util.py first seen with mtime 1733288254.0
File C:\Users\HP\Desktop\easetalkproject\easetalkprojectapp\anonymous\apps.py first seen with mtime 1742908934.656465
File C:\Users\HP\Desktop\easetalkproject\env\Lib\site-packages\autobahn\websocket\compress_deflate.py first seen with mtime 1742980079.3385363
File C:\Users\HP\AppData\Local\Programs\Python\Python312\Lib\email\charset.py first seen with mtime 1733288252.0
File C:\Users\HP\AppData\Local\Programs\Python\Python312\Lib\difflib.py first seen with mtime 1733288252.0
File C:\Users\HP\Desktop\easetalkproject\env\Lib\site-packages\MySQLdb\__init__.py first seen with mtime 1742891595.910877
File C:\Users\HP\Desktop\easetalkproject\env\Lib\site-packages\django\forms\widgets.py first seen with mtime 1742890069.7100978
File C:\Users\HP\Desktop\easetalkproject\env\Lib\site-packages\django\core\management\color.py first seen with mtime 1742890069.333474
File C:\Users\HP\Desktop\easetalkproject\env\Lib\site-packages\twisted\python\failure.py first seen with mtime 1742980032.669809

File C:\Users\HP\Desktop\easetalkproject\env\Lib\site-packages\attr\exceptions.py first seen with mtime 1742980019.4084277
File C:\Users\HP\Desktop\easetalkproject\env\Lib\site-packages\OpenSSL\__init__.py first seen with mtime 1742980078.6240933
File C:\Users\HP\Desktop\easetalkproject\env\Lib\site-packages\django\utils\safestring.py first seen with mtime 1742890069.9756703
File C:\Users\HP\Desktop\easetalkproject\easetalkprojectapp\therapy\__init__.py first seen with mtime 1742892334.1457758
File C:\Users\HP\Desktop\easetalkproject\env\Lib\site-packages\django\contrib\auth\models.py first seen with mtime 1742890064.8366544
File C:\Users\HP\Desktop\easetalkproject\env\Lib\site-packages\daphne\checks.py first seen with mtime 1742980087.396817
File C:\Users\HP\Desktop\easetalkproject\env\Lib\site-packages\twisted\internet\__init__.py first seen with mtime 1742980031.7379398
File C:\Users\HP\Desktop\easetalkproject\env\Lib\site-packages\urllib3\filepost.py first seen with mtime 1743156270.4003367
File C:\Users\HP\Desktop\easetalkproject\env\Lib\site-packages\django\forms\utils.py first seen with mtime 1742890069.7100978
File C:\Users\HP\Desktop\easetalkproject\env\Lib\site-packages\cryptography\x509\__init__.py first seen with mtime 1742980075.519401
File C:\Users\HP\AppData\Local\Programs\Python\Python312\Lib\token.py first seen with mtime 1733288254.0
File C:\Users\HP\AppData\Local\Programs\Python\Python312\Lib\urllib\error.py first seen with mtime 1733288254.0
File C:\Users\HP\Desktop\easetalkproject\env\Lib\site-packages\django\core\files\utils.py first seen with mtime 1742890069.2895243
File C:\Users\HP\Desktop\easetalkproject\env\Lib\site-packages\service_identity\cryptography.py first seen with mtime 1742980078.4142258
File C:\Users\HP\AppData\Local\Programs\Python\Python312\Lib\xml\etree\ElementTree.py first seen with mtime 1733288254.0
File C:\Users\HP\Desktop\easetalkproject\env\Lib\site-packages\django\db\models\fields\proxy.py first seen with mtime 1742890069.648737
File C:\Users\HP\Desktop\easetalkproject\env\Lib\site-packages\django\template\library.py first seen with mtime 1742890069.8783696
File C:\Users\HP\AppData\Local\Programs\Python\Python312\Lib\fnmatch.py first seen with mtime 1733288252.0
File C:\Users\HP\Desktop\easetalkproject\env\Lib\site-packages\django\contrib\sessions\apps.py first seen with mtime 1742890068.2853968
File C:\Users\HP\Desktop\easetalkproject\env\Lib\site-packages\cryptography\hazmat\bindings\openssl\binding.py first seen with mtime 1742980075.333099
File C:\Users\HP\Desktop\easetalkproject\env\Lib\site-packages\autobahn\twisted\__init__.py first seen with mtime 1742980079.078125
File C:\Users\HP\AppData\Local\Programs\Python\Python312\Lib\importlib\resources\readers.py first seen with mtime 1733288252.0
0069.4868426
File C:\Users\HP\Desktop\easetalkproject\easetalkprojectapp\easetalk\urls.py first seen with mtime 1742989273.8232784
File C:\Users\HP\AppData\Local\Programs\Python\Python312\Lib\concurrent\futures\_base.py first seen with mtime 1733288252.0
File C:\Users\HP\Desktop\easetalkproject\env\Lib\site-packages\cryptography\hazmat\primitives\_serialization.py first seen with mtime 1742980075.4932237
File C:\Users\HP\Desktop\easetalkproject\env\Lib\site-packages\django\contrib\contenttypes\admin.py first seen with mtime 1742890065.2602584
File C:\Users\HP\Desktop\easetalkproject\env\Lib\site-packages\social_django\apps.py first seen with mtime 1743156294.8025918
File C:\Users\HP\Desktop\easetalkproject\env\Lib\site-packages\django\core\cache\backends\__init__.py first seen with mtime 1742890069.2354436
File C:\Users\HP\AppData\Local\Programs\Python\Python312\Lib\_compat_pickle.py first seen with mtime 1733288252.0
File C:\Users\HP\Desktop\easetalkproject\env\Lib\site-packages\twisted\web\http_headers.py first seen with mtime 1742980033.2463837
File C:\Users\HP\Desktop\easetalkproject\env\Lib\site-packages\cryptography\hazmat\primitives\_serialization.py first seen with mtime 1742980075.4932237
File C:\Users\HP\Desktop\easetalkproject\env\Lib\site-packages\django\core\checks\files.py first seen with mtime 1742890069.255818
File C:\Users\HP\Desktop\easetalkproject\env\Lib\site-packages\django\db\backends\mysql\operations.py first seen with mtime 1742890069.4954014
File C:\Users\HP\Desktop\easetalkproject\env\Lib\site-packages\PIL\TiffTags.py first seen with mtime 1742893564.5069377
File C:\Users\HP\AppData\Local\Programs\Python\Python312\Lib\zoneinfo\_tzpath.py first seen with mtime 1733288254.0
File C:\Users\HP\AppData\Local\Programs\Python\Python312\Lib\uuid.py first seen with mtime 1733288254.0
File C:\Users\HP\Desktop\easetalkproject\env\Lib\site-packages\django\db\models\sql\subqueries.py first seen with mtime 1742890069.686175
File C:\Users\HP\Desktop\easetalkproject\env\Lib\site-packages\django\db\models\expressions.py first seen with mtime 1742890069.6214762
File C:\Users\HP\Desktop\easetalkproject\env\Lib\site-packages\django\db\models\aggregates.py first seen with mtime 1742890069.605846
File C:\Users\HP\Desktop\easetalkproject\env\Lib\site-packages\django\views\defaults.py first seen with mtime 1742890070.0001237
File C:\Users\HP\AppData\Local\Programs\Python\Python312\Lib\asyncio\log.py first seen with mtime 1733288252.0
File C:\Users\HP\Desktop\easetalkproject\env\Lib\site-packages\django\core\signals.py first seen with mtime 1742890069.2226439
File C:\Users\HP\Desktop\easetalkproject\env\Lib\site-packages\django\template\loaders\cached.py first seen with mtime 1742890069.9008932
File C:\Users\HP\AppData\Local\Programs\Python\Python312\Lib\email\_parseaddr.py first seen with mtime 1733288252.0
File C:\Users\HP\Desktop\easetalkproject\env\Lib\site-packages\twisted\internet\abstract.py first seen with mtime 1742980031.7773812
File C:\Users\HP\Desktop\easetalkproject\env\Lib\site-packages\autobahn\wamp\exception.py first seen with mtime 1742980079.1375737
File C:\Users\HP\Desktop\easetalkproject\env\Lib\site-packages\twisted\logger\__init__.py first seen with mtime 1742980032.2273417
File C:\Users\HP\Desktop\easetalkproject\env\Lib\site-packages\django\db\backends\mysql\base.py first seen with mtime 1742890069.4786007
File C:\Users\HP\Desktop\easetalkproject\env\Lib\site-packages\django\db\models\functions\math.py first seen with mtime 1742890069.6657956
File C:\Users\HP\AppData\Local\Programs\Python\Python312\Lib\ipaddress.py first seen with mtime 1733288252.0
File C:\Users\HP\Desktop\easetalkproject\env\Lib\site-packages\requests\models.py first seen with mtime 1743156277.1155307
File C:\Users\HP\Desktop\easetalkproject\env\Lib\site-packages\pyasn1\codec\der\decoder.py first seen with mtime 1742980016.0691304
File C:\Users\HP\AppData\Local\Programs\Python\Python312\Lib\sysconfig.py first seen with mtime 1733288252.0
File C:\Users\HP\Desktop\easetalkproject\env\Lib\site-packages\django\utils\text.py first seen with mtime 1742890069.9756703
File C:\Users\HP\Desktop\easetalkproject\env\Lib\site-packages\twisted\internet\interfaces.py first seen with mtime 1742980031.809546
File C:\Users\HP\Desktop\easetalkproject\env\Lib\site-packages\requests\_internal_utils.py first seen with mtime 1743156277.1000042
File C:\Users\HP\Desktop\easetalkproject\env\Lib\site-packages\charset_normalizer\utils.py first seen with mtime 1743156276.1753623
File C:\Users\HP\Desktop\easetalkproject\env\Lib\site-packages\pyasn1\error.py first seen with mtime 1742980016.0473018
File C:\Users\HP\AppData\Local\Programs\Python\Python312\Lib\_compat_pickle.py first seen with mtime 1733288252.0
42980032.690357
File C:\Users\HP\AppData\Local\Programs\Python\Python312\Lib\email\quoprimime.py first seen with mtime 1733288252.0
File C:\Users\HP\Desktop\easetalkproject\env\Lib\site-packages\txaio\_common.py first seen with mtime 1742979998.7957358
File C:\Users\HP\Desktop\easetalkproject\env\Lib\site-packages\urllib3\util\request.py first seen with mtime 1743156270.4455035
File C:\Users\HP\AppData\Local\Programs\Python\Python312\Lib\wsgiref\simple_server.py first seen with mtime 1733288254.0
File C:\Users\HP\AppData\Local\Programs\Python\Python312\Lib\email\generator.py first seen with mtime 1733288252.0
File C:\Users\HP\Desktop\easetalkproject\env\Lib\site-packages\django\contrib\admin\filters.py first seen with mtime 1742890063.2963152
File C:\Users\HP\Desktop\easetalkproject\easetalkprojectapp\therapy\admin.py first seen with mtime 1742892334.131786
File C:\Users\HP\Desktop\easetalkproject\env\Lib\site-packages\zope\interface\exceptions.py first seen with mtime 1742980020.2142231

File C:\Users\HP\Desktop\easetalkproject\env\Lib\site-packages\django\contrib\admin\templatetags\base.py first seen with mtime 1742890064.3636343
File C:\Users\HP\Desktop\easetalkproject\env\Lib\site-packages\django\contrib\messages\api.py first seen with mtime 1742890067.2842252
File C:\Users\HP\AppData\Local\Programs\Python\Python312\DLLs\_lzma.pyd first seen with mtime 1733288284.0
File C:\Users\HP\AppData\Local\Programs\Python\Python312\Lib\importlib\metadata\_adapters.py first seen with mtime 1733288252.0
File C:\Users\HP\Desktop\easetalkproject\env\Lib\site-packages\social_core\backends\base.py first seen with mtime 1743156280.3686848
File C:\Users\HP\Desktop\easetalkproject\env\Lib\site-packages\django\core\servers\__init__.py first seen with mtime 1742890069.418075
File C:\Users\HP\Desktop\easetalkproject\env\Lib\site-packages\daphne\endpoints.py first seen with mtime 1742980087.4007623
File C:\Users\HP\Desktop\easetalkproject\env\Lib\site-packages\openid\store\nonce.py first seen with mtime 1743156277.9767325
File C:\Users\HP\Desktop\easetalkproject\easetalkprojectapp\anonymous\views.py first seen with mtime 1742909236.3925617
File C:\Users\HP\Desktop\easetalkproject\env\Lib\site-packages\twisted\python\deprecate.py first seen with mtime 1742980032.669809
File C:\Users\HP\AppData\Local\Programs\Python\Python312\Lib\html\entities.py first seen with mtime 1733288252.0
File C:\Users\HP\Desktop\easetalkproject\env\Lib\site-packages\sqlparse\engine\statement_splitter.py first seen with mtime 1742890061.012108
File C:\Users\HP\Desktop\easetalkproject\env\Lib\site-packages\autobahn\twisted\choosereactor.py first seen with mtime 1742980079.078125
File C:\Users\HP\AppData\Local\Programs\Python\Python312\DLLs\unicodedata.pyd first seen with mtime 1733288284.0
90069.7100978
File C:\Users\HP\Desktop\easetalkproject\env\Lib\site-packages\django\contrib\admin\templatetags\__init__.py first seen with mtime 1742890064.3562531
File C:\Users\HP\Desktop\easetalkproject\env\Lib\site-packages\OpenSSL\_util.py first seen with mtime 1742980078.625583
69.6875741
File C:\Users\HP\Desktop\easetalkproject\env\Lib\site-packages\django\contrib\messages\__init__.py first seen with mtime 1742890067.2827764
File C:\Users\HP\AppData\Local\Programs\Python\Python312\DLLs\_wmi.pyd first seen with mtime 1733288284.0
File C:\Users\HP\Desktop\easetalkproject\env\Lib\site-packages\django\views\static.py first seen with mtime 1742890070.0001237
File C:\Users\HP\Desktop\easetalkproject\env\Lib\site-packages\django\core\checks\model_checks.py first seen with mtime 1742890069.2592547
File C:\Users\HP\Desktop\easetalkproject\env\Lib\site-packages\django\views\decorators\debug.py first seen with mtime 1742890070.0107324
File C:\Users\HP\Desktop\easetalkproject\env\Lib\site-packages\django\contrib\messages\utils.py first seen with mtime 1742890067.2926059
File C:\Users\HP\Desktop\easetalkproject\env\Lib\site-packages\twisted\logger\_capture.py first seen with mtime 1742980032.2344532
File C:\Users\HP\Desktop\easetalkproject\env\Lib\site-packages\django\urls\exceptions.py first seen with mtime 1742890069.9324648
File C:\Users\HP\Desktop\easetalkproject\env\Lib\site-packages\pyasn1\type\char.py first seen with mtime 1742980016.0864804
File C:\Users\HP\Desktop\easetalkproject\env\Lib\site-packages\autobahn\rawsocket\__init__.py first seen with mtime 1742980079.064098
File C:\Users\HP\Desktop\easetalkproject\env\Lib\site-packages\django\utils\encoding.py first seen with mtime 1742890069.9555154
File C:\Users\HP\Desktop\easetalkproject\env\Lib\site-packages\cryptography\x509\extensions.py first seen with mtime 1742980075.5042224
File C:\Users\HP\AppData\Local\Programs\Python\Python312\Lib\json\scanner.py first seen with mtime 1733288252.0
File C:\Users\HP\AppData\Local\Programs\Python\Python312\Lib\asyncio\staggered.py first seen with mtime 1733288252.0
File C:\Users\HP\Desktop\easetalkproject\env\Lib\site-packages\openid\association.py first seen with mtime 1743156277.92205
File C:\Users\HP\Desktop\easetalkproject\env\Lib\site-packages\twisted\internet\threads.py first seen with mtime 1742980031.8424675
File C:\Users\HP\Desktop\easetalkproject\env\Lib\site-packages\twisted\internet\base.py first seen with mtime 1742980031.7846086
File C:\Users\HP\AppData\Local\Programs\Python\Python312\Lib\wsgiref\simple_server.py first seen with mtime 1733288254.0
File C:\Users\HP\Desktop\easetalkproject\env\Lib\site-packages\twisted\logger\_interfaces.py first seen with mtime 1742980032.2505999
File C:\Users\HP\Desktop\easetalkproject\env\Lib\site-packages\django\db\models\sql\where.py first seen with mtime 1742890069.6875741
File C:\Users\HP\Desktop\easetalkproject\env\Lib\site-packages\django\core\checks\caches.py first seen with mtime 1742890069.2522452
File C:\Users\HP\Desktop\easetalkproject\env\Lib\site-packages\attr\_cmp.py first seen with mtime 1742980019.3843892
File C:\Users\HP\AppData\Local\Programs\Python\Python312\Lib\email\mime\nonmultipart.py first seen with mtime 1733288252.0
File C:\Users\HP\Desktop\easetalkproject\env\Lib\site-packages\idna\__init__.py first seen with mtime 1742980017.5742898
File C:\Users\HP\Desktop\easetalkproject\env\Lib\site-packages\twisted\logger\_filter.py first seen with mtime 1742980032.2354991
File C:\Users\HP\Desktop\easetalkproject\env\Lib\site-packages\twisted\internet\defer.py first seen with mtime 1742980031.7914689
File C:\Users\HP\AppData\Local\Programs\Python\Python312\Lib\urllib\request.py first seen with mtime 1733288254.0
File C:\Users\HP\Desktop\easetalkproject\env\Lib\site-packages\django\core\files\storage\handler.py first seen with mtime 1742890069.2980802
File C:\Users\HP\Desktop\easetalkproject\env\Lib\site-packages\attr\__init__.py first seen with mtime 1742980019.3843892
File C:\Users\HP\AppData\Local\Programs\Python\Python312\Lib\importlib\resources\_itertools.py first seen with mtime 1733288252.0
File C:\Users\HP\Desktop\easetalkproject\env\Lib\site-packages\twisted\internet\_sslverify.py first seen with mtime 1742980031.7698421
File C:\Users\HP\Desktop\easetalkproject\env\Lib\site-packages\twisted\internet\error.py first seen with mtime 1742980031.7964897
 1742980075.4334288
File C:\Users\HP\Desktop\easetalkproject\easetalkprojectapp\anonymous\models.py first seen with mtime 1742908934.6600065
File C:\Users\HP\Desktop\easetalkproject\env\Lib\site-packages\django\contrib\contenttypes\__init__.py first seen with mtime 1742890065.2584233
File C:\Users\HP\Desktop\easetalkproject\env\Lib\site-packages\autobahn\wamp\auth.py first seen with mtime 1742980079.1270487
File C:\Users\HP\Desktop\easetalkproject\env\Lib\site-packages\django\views\generic\base.py first seen with mtime 1742890070.0158582
File C:\Users\HP\Desktop\easetalkproject\env\Lib\site-packages\twisted\plugin.py first seen with mtime 1742980031.3636327
File C:\Users\HP\Desktop\easetalkproject\env\Lib\site-packages\pyasn1\error.py first seen with mtime 1742980016.0473018
File C:\Users\HP\Desktop\easetalkproject\env\Lib\site-packages\django\utils\crypto.py first seen with mtime 1742890069.9455798
File C:\Users\HP\Desktop\easetalkproject\env\Lib\site-packages\autobahn\websocket\interfaces.py first seen with mtime 1742980079.3385363
File C:\Users\HP\Desktop\easetalkproject\env\Lib\site-packages\django\db\models\constraints.py first seen with mtime 1742890069.6148925
File C:\Users\HP\Desktop\easetalkproject\env\Lib\site-packages\django\core\files\__init__.py first seen with mtime 1742890069.270491
File C:\Users\HP\AppData\Local\Programs\Python\Python312\Lib\types.py first seen with mtime 1733288254.0
File C:\Users\HP\Desktop\easetalkproject\env\Lib\site-packages\django\urls\utils.py first seen with mtime 1742890069.935372
File C:\Users\HP\AppData\Local\Programs\Python\Python312\Lib\email\feedparser.py first seen with mtime 1733288252.0
File C:\Users\HP\Desktop\easetalkproject\env\Lib\site-packages\PIL\Image.py first seen with mtime 1742893564.4144306
File C:\Users\HP\Desktop\easetalkproject\env\Lib\site-packages\django\core\management\color.py first seen with mtime 1742890069.333474
File C:\Users\HP\AppData\Local\Programs\Python\Python312\Lib\importlib\resources\_legacy.py first seen with mtime 1733288252.0
File C:\Users\HP\Desktop\easetalkproject\env\Lib\site-packages\pyasn1\type\namedtype.py first seen with mtime 1742980016.0946884
File C:\Users\HP\Desktop\easetalkproject\env\Lib\site-packages\cryptography\hazmat\primitives\ciphers\base.py first seen with mtime 1742980075.4334288
File C:\Users\HP\Desktop\easetalkproject\env\Lib\site-packages\cryptography\hazmat\primitives\asymmetric\utils.py first seen with mtime 1742980075.4169142
File C:\Users\HP\Desktop\easetalkproject\env\Lib\site-packages\social_core\__init__.py first seen with mtime 1743156280.330356
File C:\Users\HP\Desktop\easetalkproject\env\Lib\site-packages\cryptography\hazmat\primitives\asymmetric\ed25519.py first seen with mtime 1742980075.4041789
File C:\Users\HP\AppData\Local\Programs\Python\Python312\Lib\signal.py first seen with mtime 1733288252.0
File C:\Users\HP\Desktop\easetalkproject\env\Lib\site-packages\django\contrib\admin\widgets.py first seen with mtime 1742890063.3104753
File C:\Users\HP\Desktop\easetalkproject\env\Lib\site-packages\autobahn\twisted\websocket.py first seen with mtime 1742980079.0973468
File C:\Users\HP\Desktop\easetalkproject\env\Lib\site-packages\certifi\core.py first seen with mtime 1743156276.986536
File C:\Users\HP\Desktop\easetalkproject\env\Lib\site-packages\django\db\backends\mysql\features.py first seen with mtime 1742890069.4868426
File C:\Users\HP\Desktop\easetalkproject\env\Lib\site-packages\social_django\views.py first seen with mtime 1743156294.8253589
File C:\Users\HP\Desktop\easetalkproject\env\Lib\site-packages\openid\store\interface.py first seen with mtime 1743156277.9716494
File C:\Users\HP\Desktop\easetalkproject\env\Lib\site-packages\django\db\models\fields\files.py first seen with mtime 1742890069.640977
File C:\Users\HP\Desktop\easetalkproject\env\Lib\site-packages\django\core\handlers\__init__.py first seen with mtime 1742890069.3024035
File C:\Users\HP\AppData\Local\Programs\Python\Python312\Lib\struct.py first seen with mtime 1733288252.0
File C:\Users\HP\AppData\Local\Programs\Python\Python312\Lib\wsgiref\handlers.py first seen with mtime 1733288254.0
File C:\Users\HP\Desktop\easetalkproject\env\Lib\site-packages\cryptography\hazmat\bindings\_rust.pyd first seen with mtime 1742980075.6593447
File C:\Users\HP\Desktop\easetalkproject\env\Lib\site-packages\urllib3\util\url.py first seen with mtime 1743156270.457236
File C:\Users\HP\Desktop\easetalkproject\env\Lib\site-packages\django\db\backends\mysql\client.py first seen with mtime 1742890069.4786007
File C:\Users\HP\Desktop\easetalkproject\env\Lib\site-packages\django\utils\translation\trans_real.py first seen with mtime 1742890069.9943316
File C:\Users\HP\Desktop\easetalkproject\env\Lib\site-packages\autobahn\websocket\utf8validator.py first seen with mtime 1742980079.3484266
File C:\Users\HP\Desktop\easetalkproject\env\Lib\site-packages\django\core\checks\database.py first seen with mtime 1742890069.2543008
File C:\Users\HP\Desktop\easetalkproject\env\Lib\site-packages\django\template\response.py first seen with mtime 1742890069.8783696
File C:\Users\HP\Desktop\easetalkproject\env\Lib\site-packages\charset_normalizer\__init__.py first seen with mtime 1743156276.1469748
File C:\Users\HP\Desktop\easetalkproject\env\Lib\site-packages\cryptography\hazmat\primitives\constant_time.py first seen with mtime 1742980075.4442537
File C:\Users\HP\Desktop\easetalkproject\env\Lib\site-packages\django\contrib\admin\apps.py first seen with mtime 1742890063.2892303
File C:\Users\HP\Desktop\easetalkproject\env\Lib\site-packages\django\core\checks\compatibility\django_4_0.py first seen with mtime 1742890069.266476
File C:\Users\HP\Desktop\easetalkproject\env\Lib\site-packages\cryptography\x509\extensions.py first seen with mtime 1742980075.5042224
File C:\Users\HP\Desktop\easetalkproject\env\Lib\site-packages\django\db\backends\signals.py first seen with mtime 1742890069.4282622
File C:\Users\HP\Desktop\easetalkproject\env\Lib\site-packages\twisted\python\systemd.py first seen with mtime 1742980032.7045376
File C:\Users\HP\AppData\Local\Programs\Python\Python312\DLLs\select.pyd first seen with mtime 1733288284.0
File C:\Users\HP\Desktop\easetalkproject\env\Lib\site-packages\sqlparse\filters\aligned_indent.py first seen with mtime 1742890061.0171895
File C:\Users\HP\Desktop\easetalkproject\env\Lib\site-packages\django\db\models\utils.py first seen with mtime 1742890069.635569
File C:\Users\HP\Desktop\easetalkproject\env\Lib\site-packages\django\template\engine.py first seen with mtime 1742890069.8755434
File C:\Users\HP\Desktop\easetalkproject\env\Lib\site-packages\charset_normalizer\legacy.py first seen with mtime 1743156276.1657684
File C:\Users\HP\Desktop\easetalkproject\env\Lib\site-packages\django\db\models\__init__.py first seen with mtime 1742890069.605846
File C:\Users\HP\Desktop\easetalkproject\env\Lib\site-packages\django\core\files\uploadedfile.py first seen with mtime 1742890069.2865891
File C:\Users\HP\Desktop\easetalkproject\env\Lib\site-packages\django\conf\global_settings.py first seen with mtime 1742890062.4291527
File C:\Users\HP\Desktop\easetalkproject\env\Lib\site-packages\txaio\interfaces.py first seen with mtime 1742979998.8067944
File C:\Users\HP\AppData\Local\Programs\Python\Python312\DLLs\_decimal.pyd first seen with mtime 1733288284.0
File C:\Users\HP\Desktop\easetalkproject\easetalkprojectapp\therapy\admin.py first seen with mtime 1742892334.131786
File C:\Users\HP\Desktop\easetalkproject\env\Lib\site-packages\cryptography\hazmat\primitives\asymmetric\ed25519.py first seen with mtime 1742980075.4041789
File C:\Users\HP\Desktop\easetalkproject\env\Lib\site-packages\django\template\defaultfilters.py first seen with mtime 1742890069.869456
File C:\Users\HP\AppData\Local\Programs\Python\Python312\Lib\json\encoder.py first seen with mtime 1733288252.0
File C:\Users\HP\Desktop\easetalkproject\env\Lib\site-packages\django\utils\dateparse.py first seen with mtime 1742890069.9482584
File C:\Users\HP\Desktop\easetalkproject\env\Lib\site-packages\pyasn1\type\namedval.py first seen with mtime 1742980016.0946884
File C:\Users\HP\Desktop\easetalkproject\env\Lib\site-packages\django\template\exceptions.py first seen with mtime 1742890069.8755434
File C:\Users\HP\Desktop\easetalkproject\env\Lib\site-packages\django\core\serializers\base.py first seen with mtime 1742890069.4000168
File C:\Users\HP\Desktop\easetalkproject\env\Lib\site-packages\attrs\__init__.py first seen with mtime 1742980019.4229193
File C:\Users\HP\AppData\Local\Programs\Python\Python312\Lib\traceback.py first seen with mtime 1733288254.0
File C:\Users\HP\Desktop\easetalkproject\easetalkprojectapp\therapy\urls.py first seen with mtime 1743158450.973968
File C:\Users\HP\Desktop\easetalkproject\env\Lib\site-packages\incremental\_version.py first seen with mtime 1742980028.3994713
File C:\Users\HP\Desktop\easetalkproject\env\Lib\site-packages\constantly\__init__.py first seen with mtime 1742980018.1845937
File C:\Users\HP\Desktop\easetalkproject\env\Lib\site-packages\OpenSSL\_util.py first seen with mtime 1742980078.625583
File C:\Users\HP\Desktop\easetalkproject\env\Lib\site-packages\twisted\_threads\__init__.py first seen with mtime 1742980031.3677068
File C:\Users\HP\Desktop\easetalkproject\env\Lib\site-packages\requests\_internal_utils.py first seen with mtime 1743156277.1000042
File C:\Users\HP\Desktop\easetalkproject\env\Lib\site-packages\PIL\_util.py first seen with mtime 1742893564.6248283
File C:\Users\HP\Desktop\easetalkproject\env\Lib\site-packages\twisted\python\reflect.py first seen with mtime 1742980032.6943715
File C:\Users\HP\Desktop\easetalkproject\env\Lib\site-packages\django\core\handlers\wsgi.py first seen with mtime 1742890069.3081071
File C:\Users\HP\AppData\Local\Programs\Python\Python312\Lib\dis.py first seen with mtime 1733288252.0
File C:\Users\HP\Desktop\easetalkproject\env\Lib\site-packages\twisted\internet\udp.py first seen with mtime 1742980031.8446386
File C:\Users\HP\AppData\Local\Programs\Python\Python312\Lib\xml\__init__.py first seen with mtime 1733288254.0
File C:\Users\HP\Desktop\easetalkproject\env\Lib\site-packages\twisted\plugin.py first seen with mtime 1742980031.3636327
File C:\Users\HP\Desktop\easetalkproject\env\Lib\site-packages\django\db\migrations\exceptions.py first seen with mtime 1742890069.5767798
File C:\Users\HP\Desktop\easetalkproject\env\Lib\site-packages\pyasn1\codec\der\decoder.py first seen with mtime 1742980016.0691304
File C:\Users\HP\AppData\Local\Programs\Python\Python312\Lib\xml\parsers\expat.py first seen with mtime 1733288254.0
File C:\Users\HP\Desktop\easetalkproject\env\Lib\site-packages\twisted\_version.py first seen with mtime 1742980031.3595293
File C:\Users\HP\Desktop\easetalkproject\env\Lib\site-packages\pyasn1\type\error.py first seen with mtime 1742980016.093176
File C:\Users\HP\Desktop\easetalkproject\env\Lib\site-packages\channels\apps.py first seen with mtime 1742980029.4212842
5
File C:\Users\HP\Desktop\easetalkproject\env\Lib\site-packages\django\db\migrations\operations\models.py first seen with mtime 1742890069.6008275
File C:\Users\HP\Desktop\easetalkproject\env\Lib\site-packages\requests\sessions.py first seen with mtime 1743156277.1195133
File C:\Users\HP\AppData\Local\Programs\Python\Python312\Lib\asyncio\taskgroups.py first seen with mtime 1733288252.0
File C:\Users\HP\Desktop\easetalkproject\env\Lib\site-packages\django\contrib\sites\requests.py first seen with mtime 1742890068.7705667
File C:\Users\HP\AppData\Local\Programs\Python\Python312\DLLs\_ssl.pyd first seen with mtime 1733288284.0
File C:\Users\HP\Desktop\easetalkproject\env\Lib\site-packages\django\core\signing.py first seen with mtime 1742890069.2226439
File C:\Users\HP\AppData\Local\Programs\Python\Python312\Lib\email\utils.py first seen with mtime 1733288252.0
File C:\Users\HP\Desktop\easetalkproject\env\Lib\site-packages\django\contrib\messages\constants.py first seen with mtime 1742890067.2873077
File C:\Users\HP\Desktop\easetalkproject\env\Lib\site-packages\cryptography\__init__.py first seen with mtime 1742980075.5222201
File C:\Users\HP\Desktop\easetalkproject\env\Lib\site-packages\cryptography\hazmat\bindings\_rust.pyd first seen with mtime 1742980075.6593447
File C:\Users\HP\AppData\Local\Programs\Python\Python312\Lib\contextlib.py first seen with mtime 1733288252.0
File C:\Users\HP\Desktop\easetalkproject\env\Lib\site-packages\django\core\serializers\python.py first seen with mtime 1742890069.4125164
File C:\Users\HP\Desktop\easetalkproject\env\Lib\site-packages\urllib3\_version.py first seen with mtime 1743156270.3931339
File C:\Users\HP\Desktop\easetalkproject\env\Lib\site-packages\twisted\_version.py first seen with mtime 1742980031.3595293
File C:\Users\HP\Desktop\easetalkproject\env\Lib\site-packages\django\db\models\query_utils.py first seen with mtime 1742890069.6281292
File C:\Users\HP\AppData\Local\Programs\Python\Python312\Lib\http\cookies.py first seen with mtime 1733288252.0
File C:\Users\HP\Desktop\easetalkproject\env\Lib\site-packages\django\utils\text.py first seen with mtime 1742890069.9756703
File C:\Users\HP\Desktop\easetalkproject\env\Lib\site-packages\pyasn1\type\constraint.py first seen with mtime 1742980016.0900483
File C:\Users\HP\Desktop\easetalkproject\env\Lib\site-packages\django\contrib\admin\exceptions.py first seen with mtime 1742890063.2963152
File C:\Users\HP\AppData\Local\Programs\Python\Python312\Lib\asyncio\threads.py first seen with mtime 1733288252.0
File C:\Users\HP\Desktop\easetalkproject\env\Lib\site-packages\charset_normalizer\constant.py first seen with mtime 1743156276.1606302
File C:\Users\HP\Desktop\easetalkproject\env\Lib\site-packages\django\core\checks\security\__init__.py first seen with mtime 1742890069.266476
File C:\Users\HP\Desktop\easetalkproject\env\Lib\site-packages\sqlparse\formatter.py first seen with mtime 1742890060.999081
File C:\Users\HP\Desktop\easetalkproject\env\Lib\site-packages\django\templatetags\static.py first seen with mtime 1742890069.908404
File C:\Users\HP\Desktop\easetalkproject\env\Lib\site-packages\urllib3\http2\probe.py first seen with mtime 1743156270.4354727
File C:\Users\HP\Desktop\easetalkproject\env\Lib\site-packages\django\urls\converters.py first seen with mtime 1742890069.930666
File C:\Users\HP\Desktop\easetalkproject\env\Lib\site-packages\zope\interface\__init__.py first seen with mtime 1742980020.1894417
File C:\Users\HP\Desktop\easetalkproject\env\Lib\site-packages\urllib3\util\util.py first seen with mtime 1743156270.459257
File C:\Users\HP\Desktop\easetalkproject\env\Lib\site-packages\django\contrib\admin\templatetags\admin_urls.py first seen with mtime 1742890064.3623512
File C:\Users\HP\Desktop\easetalkproject\env\Lib\site-packages\django\contrib\staticfiles\checks.py first seen with mtime 1742890069.1858404
File C:\Users\HP\Desktop\easetalkproject\env\Lib\site-packages\django\forms\utils.py first seen with mtime 1742890069.7100978
File C:\Users\HP\Desktop\easetalkproject\easetalkprojectapp\therapy\models.py first seen with mtime 1742978372.7688317
File C:\Users\HP\Desktop\easetalkproject\env\Lib\site-packages\django\core\paginator.py first seen with mtime 1742890069.218633
File C:\Users\HP\Desktop\easetalkproject\env\Lib\site-packages\django\http\request.py first seen with mtime 1742890069.8505368
File C:\Users\HP\Desktop\easetalkproject\env\Lib\site-packages\django\template\loader_tags.py first seen with mtime 1742890069.8783696
File C:\Users\HP\Desktop\easetalkproject\env\Lib\site-packages\django\utils\translation\__init__.py first seen with mtime 1742890069.9858189
File C:\Users\HP\AppData\Local\Programs\Python\Python312\Lib\socketserver.py first seen with mtime 1733288252.0
File C:\Users\HP\Desktop\easetalkproject\env\Lib\site-packages\attrs\converters.py first seen with mtime 1742980019.425982
File C:\Users\HP\Desktop\easetalkproject\env\Lib\site-packages\zope\interface\_compat.py first seen with mtime 1742980020.1950378
File C:\Users\HP\Desktop\easetalkproject\env\Lib\site-packages\pyasn1\compat\integer.py first seen with mtime 1742980016.0789776
File C:\Users\HP\Desktop\easetalkproject\env\Lib\site-packages\attr\converters.py first seen with mtime 1742980019.4053156
File C:\Users\HP\AppData\Local\Programs\Python\Python312\Lib\email\_parseaddr.py first seen with mtime 1733288252.0
File C:\Users\HP\Desktop\easetalkproject\env\Lib\site-packages\django\templatetags\__init__.py first seen with mtime 1742890069.9069638
File C:\Users\HP\Desktop\easetalkproject\env\Lib\site-packages\attr\_compat.py first seen with mtime 1742980019.389448
File C:\Users\HP\Desktop\easetalkproject\env\Lib\site-packages\attr\_config.py first seen with mtime 1742980019.3919616
File C:\Users\HP\Desktop\easetalkproject\env\Lib\site-packages\twisted\python\filepath.py first seen with mtime 1742980032.675932
File C:\Users\HP\Desktop\easetalkproject\env\Lib\site-packages\django\db\utils.py first seen with mtime 1742890069.4267466
File C:\Users\HP\Desktop\easetalkproject\env\Lib\site-packages\django\db\models\fields\mixins.py first seen with mtime 1742890069.6462638
File C:\Users\HP\Desktop\easetalkproject\env\Lib\site-packages\twisted\internet\asyncioreactor.py first seen with mtime 1742980031.7810366
File C:\Users\HP\Desktop\easetalkproject\env\Lib\site-packages\cryptography\hazmat\primitives\serialization\ssh.py first seen with mtime 1742980075.4814513
File C:\Users\HP\AppData\Local\Programs\Python\Python312\Lib\asyncio\sslproto.py first seen with mtime 1733288252.0
File C:\Users\HP\Desktop\easetalkproject\env\Lib\site-packages\django\views\generic\detail.py first seen with mtime 1742890070.0208688
File C:\Users\HP\Desktop\easetalkproject\env\Lib\site-packages\django\db\backends\base\operations.py first seen with mtime 1742890069.4556024
File C:\Users\HP\Desktop\easetalkproject\env\Lib\site-packages\urllib3\util\wait.py first seen with mtime 1743156270.459257
File C:\Users\HP\Desktop\easetalkproject\env\Lib\site-packages\django\core\files\storage\__init__.py first seen with mtime 1742890069.2913778
File C:\Users\HP\Desktop\easetalkproject\env\Lib\site-packages\hyperlink\_url.py first seen with mtime 1742980028.7317135
File C:\Users\HP\AppData\Local\Programs\Python\Python312\Lib\urllib\response.py first seen with mtime 1733288254.0
File C:\Users\HP\AppData\Local\Programs\Python\Python312\Lib\xml\etree\__init__.py first seen with mtime 1733288254.0
File C:\Users\HP\Desktop\easetalkproject\env\Lib\site-packages\django\core\files\temp.py first seen with mtime 1742890069.2804928
File C:\Users\HP\AppData\Local\Programs\Python\Python312\Lib\types.py first seen with mtime 1733288254.0
File C:\Users\HP\AppData\Local\Programs\Python\Python312\Lib\locale.py first seen with mtime 1733288252.0
File C:\Users\HP\Desktop\easetalkproject\env\Lib\site-packages\certifi\core.py first seen with mtime 1743156276.986536
File C:\Users\HP\Desktop\easetalkproject\env\Lib\site-packages\cryptography\hazmat\primitives\asymmetric\dh.py first seen with mtime 1742980075.397123
File C:\Users\HP\AppData\Local\Programs\Python\Python312\Lib\inspect.py first seen with mtime 1733288252.0
File C:\Users\HP\Desktop\easetalkproject\env\Lib\site-packages\urllib3\_collections.py first seen with mtime 1743156270.3885741
File C:\Users\HP\Desktop\easetalkproject\env\Lib\site-packages\twisted\internet\_signals.py first seen with mtime 1742980031.7677708
File C:\Users\HP\Desktop\easetalkproject\env\Lib\site-packages\django\db\migrations\state.py first seen with mtime 1742890069.5931041
File C:\Users\HP\Desktop\easetalkproject\env\Lib\site-packages\django\utils\timezone.py first seen with mtime 1742890069.980724
File C:\Users\HP\AppData\Local\Programs\Python\Python312\Lib\datetime.py first seen with mtime 1733288252.0
File C:\Users\HP\Desktop\easetalkproject\env\Lib\site-packages\django\core\handlers\base.py first seen with mtime 1742890069.305546
File C:\Users\HP\Desktop\easetalkproject\env\Lib\site-packages\cryptography\hazmat\backends\__init__.py first seen with mtime 1742980075.3316038
File C:\Users\HP\Desktop\easetalkproject\env\Lib\site-packages\django\views\decorators\http.py first seen with mtime 1742890070.0107324
File C:\Users\HP\Desktop\easetalkproject\env\Lib\site-packages\django\db\models\functions\text.py first seen with mtime 1742890069.6695576
File C:\Users\HP\Desktop\easetalkproject\env\Lib\site-packages\django\db\transaction.py first seen with mtime 1742890069.4241867
File C:\Users\HP\AppData\Local\Programs\Python\Python312\DLLs\_hashlib.pyd first seen with mtime 1733288284.0
File C:\Users\HP\Desktop\easetalkproject\env\Lib\site-packages\MySQLdb\__init__.py first seen with mtime 1742891595.910877
File C:\Users\HP\Desktop\easetalkproject\env\Lib\site-packages\django\contrib\auth\decorators.py first seen with mtime 1742890064.830599
File C:\Users\HP\Desktop\easetalkproject\env\Lib\site-packages\django\urls\utils.py first seen with mtime 1742890069.935372
File C:\Users\HP\Desktop\easetalkproject\env\Lib\site-packages\pyasn1\codec\ber\decoder.py first seen with mtime 1742980016.055255
File C:\Users\HP\Desktop\easetalkproject\env\Lib\site-packages\django\core\handlers\exception.py first seen with mtime 1742890069.3081071
File C:\Users\HP\Desktop\easetalkproject\env\Lib\site-packages\django\contrib\messages\storage\__init__.py first seen with mtime 1742890067.298851
File C:\Users\HP\Desktop\easetalkproject\env\Lib\site-packages\zope\interface\interfaces.py first seen with mtime 1742980020.2182808
File C:\Users\HP\Desktop\easetalkproject\env\Lib\site-packages\django\core\files\storage\mixins.py first seen with mtime 1742890069.3024035
File C:\Users\HP\Desktop\easetalkproject\env\Lib\site-packages\autobahn\util.py first seen with mtime 1742980079.0170574
File C:\Users\HP\AppData\Local\Programs\Python\Python312\Lib\urllib\response.py first seen with mtime 1733288254.0
File C:\Users\HP\Desktop\easetalkproject\env\Lib\site-packages\django\contrib\auth\__init__.py first seen with mtime 1742890064.815476
File C:\Users\HP\Desktop\easetalkproject\env\Lib\site-packages\sqlparse\utils.py first seen with mtime 1742890061.0056193
File C:\Users\HP\Desktop\easetalkproject\env\Lib\site-packages\twisted\_threads\_threadworker.py first seen with mtime 1742980031.3853717
File C:\Users\HP\Desktop\easetalkproject\env\Lib\site-packages\pyasn1\codec\cer\__init__.py first seen with mtime 1742980016.055255
File C:\Users\HP\AppData\Local\Programs\Python\Python312\Lib\importlib\abc.py first seen with mtime 1733288252.0
File C:\Users\HP\Desktop\easetalkproject\env\Lib\site-packages\django\views\static.py first seen with mtime 1742890070.0001237
File C:\Users\HP\Desktop\easetalkproject\env\Lib\site-packages\pyasn1\codec\cer\decoder.py first seen with mtime 1742980016.0636413
File C:\Users\HP\AppData\Local\Programs\Python\Python312\Lib\warnings.py first seen with mtime 1733288254.0
File C:\Users\HP\Desktop\easetalkproject\env\Lib\site-packages\daphne\server.py first seen with mtime 1742980087.4044018
File C:\Users\HP\Desktop\easetalkproject\easetalkprojectapp\easetalkprojectapp\urls.py first seen with mtime 1743175407.4445956
File C:\Users\HP\Desktop\easetalkproject\env\Lib\site-packages\twisted\protocols\basic.py first seen with mtime 1742980032.5871956
File C:\Users\HP\Desktop\easetalkproject\env\Lib\site-packages\zope\interface\ro.py first seen with mtime 1742980020.2182808
File C:\Users\HP\AppData\Local\Programs\Python\Python312\Lib\numbers.py first seen with mtime 1733288252.0
File C:\Users\HP\Desktop\easetalkproject\env\Lib\site-packages\django\template\defaulttags.py first seen with mtime 1742890069.869456
File C:\Users\HP\Desktop\easetalkproject\env\Lib\site-packages\twisted\_threads\_threadworker.py first seen with mtime 1742980031.3853717
File C:\Users\HP\Desktop\easetalkproject\env\Lib\site-packages\autobahn\__init__.py first seen with mtime 1742980079.0041625
File C:\Users\HP\Desktop\easetalkproject\env\Lib\site-packages\django\db\transaction.py first seen with mtime 1742890069.4241867
File C:\Users\HP\AppData\Local\Programs\Python\Python312\Lib\secrets.py first seen with mtime 1733288252.0
File C:\Users\HP\Desktop\easetalkproject\env\Lib\site-packages\django\utils\functional.py first seen with mtime 1742890069.9611692
File C:\Users\HP\Desktop\easetalkproject\easetalkprojectapp\anonymous\models.py first seen with mtime 1742908934.6600065
File C:\Users\HP\Desktop\easetalkproject\env\Lib\site-packages\charset_normalizer\utils.py first seen with mtime 1743156276.1753623
File C:\Users\HP\Desktop\easetalkproject\env\Lib\site-packages\django\template\exceptions.py first seen with mtime 1742890069.8755434
File C:\Users\HP\Desktop\easetalkproject\env\Lib\site-packages\django\db\backends\mysql\validation.py first seen with mtime 1742890069.4982243
File C:\Users\HP\AppData\Local\Programs\Python\Python312\Lib\asyncio\base_futures.py first seen with mtime 1733288252.0
File C:\Users\HP\Desktop\easetalkproject\env\Lib\site-packages\social_django\managers.py first seen with mtime 1743156294.811048
File C:\Users\HP\Desktop\easetalkproject\env\Lib\site-packages\pyasn1\codec\streaming.py first seen with mtime 1742980016.049613
File C:\Users\HP\AppData\Local\Programs\Python\Python312\Lib\quopri.py first seen with mtime 1733288252.0
File C:\Users\HP\Desktop\easetalkproject\env\Lib\site-packages\twisted\persisted\styles.py first seen with mtime 1742980032.5177617
File C:\Users\HP\Desktop\easetalkproject\env\Lib\site-packages\twisted\internet\_resolver.py first seen with mtime 1742980031.7642772
File C:\Users\HP\Desktop\easetalkproject\easetalkprojectapp\easetalkprojectapp\settings.py first seen with mtime 1743178644.3266602
File C:\Users\HP\Desktop\easetalkproject\env\Lib\site-packages\openid\association.py first seen with mtime 1743156277.92205
File C:\Users\HP\AppData\Local\Programs\Python\Python312\Lib\asyncio\mixins.py first seen with mtime 1733288252.0
File C:\Users\HP\AppData\Local\Programs\Python\Python312\Lib\xml\parsers\__init__.py first seen with mtime 1733288254.0
File C:\Users\HP\AppData\Local\Programs\Python\Python312\Lib\csv.py first seen with mtime 1733288252.0
File C:\Users\HP\Desktop\easetalkproject\env\Lib\site-packages\django\contrib\auth\password_validation.py first seen with mtime 1742890064.8381755
File C:\Users\HP\Desktop\easetalkproject\env\Lib\site-packages\django\utils\ipv6.py first seen with mtime 1742890069.9655373
File C:\Users\HP\AppData\Local\Programs\Python\Python312\Lib\asyncio\base_subprocess.py first seen with mtime 1733288252.0
File C:\Users\HP\Desktop\easetalkproject\env\Lib\site-packages\urllib3\util\retry.py first seen with mtime 1743156270.4482162
File C:\Users\HP\Desktop\easetalkproject\env\Lib\site-packages\cryptography\hazmat\primitives\constant_time.py first seen with mtime 1742980075.4442537
File C:\Users\HP\Desktop\easetalkproject\env\Lib\site-packages\django\contrib\admin\templatetags\admin_modify.py first seen with mtime 1742890064.3610919
File C:\Users\HP\Desktop\easetalkproject\env\Lib\site-packages\daphne\__init__.py first seen with mtime 1742980087.3873472
File C:\Users\HP\Desktop\easetalkproject\env\Lib\site-packages\django\utils\http.py first seen with mtime 1742890069.9655373
File C:\Users\HP\Desktop\easetalkproject\env\Lib\site-packages\sqlparse\sql.py first seen with mtime 1742890060.999081
File C:\Users\HP\Desktop\easetalkproject\env\Lib\site-packages\django\db\models\query.py first seen with mtime 1742890069.6281292
File C:\Users\HP\AppData\Local\Programs\Python\Python312\Lib\asyncio\base_futures.py first seen with mtime 1733288252.0
42890068.7705667
File C:\Users\HP\Desktop\easetalkproject\env\Lib\site-packages\urllib3\http2\__init__.py first seen with mtime 1743156270.4309103
File C:\Users\HP\Desktop\easetalkproject\env\Lib\site-packages\django\contrib\admin\templatetags\admin_list.py first seen with mtime 1742890064.3562531
File C:\Users\HP\Desktop\easetalkproject\env\Lib\site-packages\django\contrib\sites\__init__.py first seen with mtime 1742890068.7589579
File C:\Users\HP\Desktop\easetalkproject\env\Lib\site-packages\PIL\__init__.py first seen with mtime 1742893564.5194204
File C:\Users\HP\Desktop\easetalkproject\env\Lib\site-packages\django\contrib\admin\__init__.py first seen with mtime 1742890063.2892303
File C:\Users\HP\Desktop\easetalkproject\env\Lib\site-packages\sqlparse\filters\others.py first seen with mtime 1742890061.0171895
File C:\Users\HP\Desktop\easetalkproject\env\Lib\site-packages\asgiref\sync.py first seen with mtime 1742890061.937279
File C:\Users\HP\Desktop\easetalkproject\env\Lib\site-packages\sqlparse\lexer.py first seen with mtime 1742890060.999081
254624
File C:\Users\HP\Desktop\easetalkproject\env\Lib\site-packages\twisted\python\compat.py first seen with mtime 1742980032.6644902
File C:\Users\HP\AppData\Local\Programs\Python\Python312\Lib\concurrent\futures\thread.py first seen with mtime 1733288252.0
File C:\Users\HP\Desktop\easetalkproject\env\Lib\site-packages\django\core\files\storage\__init__.py first seen with mtime 1742890069.2913778
File C:\Users\HP\AppData\Local\Programs\Python\Python312\Lib\logging\__init__.py first seen with mtime 1733288252.0
File C:\Users\HP\AppData\Local\Programs\Python\Python312\Lib\asyncio\selector_events.py first seen with mtime 1733288252.0
File C:\Users\HP\Desktop\easetalkproject\env\Lib\site-packages\django\contrib\auth\signals.py first seen with mtime 1742890064.8381755
File C:\Users\HP\Desktop\easetalkproject\env\Lib\site-packages\django\contrib\sites\__init__.py first seen with mtime 1742890068.7589579
File C:\Users\HP\AppData\Local\Programs\Python\Python312\Lib\encodings\utf_8_sig.py first seen with mtime 1733288252.0
File C:\Users\HP\Desktop\easetalkproject\env\Lib\site-packages\django\urls\base.py first seen with mtime 1742890069.9256015
File C:\Users\HP\Desktop\easetalkproject\env\Lib\site-packages\pyasn1\codec\der\__init__.py first seen with mtime 1742980016.0646558
File C:\Users\HP\Desktop\easetalkproject\easetalkprojectapp\easetalkprojectapp\settings.py first seen with mtime 1743178644.3266602
File C:\Users\HP\AppData\Local\Programs\Python\Python312\Lib\asyncio\futures.py first seen with mtime 1733288252.0
File C:\Users\HP\Desktop\easetalkproject\env\Lib\site-packages\twisted\cred\credentials.py first seen with mtime 1742980031.7105012
File C:\Users\HP\Desktop\easetalkproject\env\Lib\site-packages\twisted\logger\_json.py first seen with mtime 1742980032.2505999
File C:\Users\HP\Desktop\easetalkproject\env\Lib\site-packages\django\db\models\base.py first seen with mtime 1742890069.6107955
File C:\Users\HP\AppData\Local\Programs\Python\Python312\Lib\asyncio\__init__.py first seen with mtime 1733288252.0
File C:\Users\HP\Desktop\easetalkproject\env\Lib\site-packages\cryptography\hazmat\bindings\openssl\binding.py first seen with mtime 1742980075.333099
File C:\Users\HP\Desktop\easetalkproject\env\Lib\site-packages\cryptography\hazmat\primitives\_asymmetric.py first seen with mtime 1742980075.4909368
File C:\Users\HP\AppData\Local\Programs\Python\Python312\Lib\lzma.py first seen with mtime 1733288252.0
File C:\Users\HP\Desktop\easetalkproject\env\Lib\site-packages\twisted\persisted\styles.py first seen with mtime 1742980032.5177617
File C:\Users\HP\Desktop\easetalkproject\env\Lib\site-packages\urllib3\connectionpool.py first seen with mtime 1743156270.3953092
File C:\Users\HP\Desktop\easetalkproject\env\Lib\site-packages\twisted\python\win32.py first seen with mtime 1742980032.7220755
File C:\Users\HP\Desktop\easetalkproject\env\Lib\site-packages\django\core\checks\compatibility\__init__.py first seen with mtime 1742890069.266476
File C:\Users\HP\Desktop\easetalkproject\env\Lib\site-packages\twisted\logger\_io.py first seen with mtime 1742980032.2505999
File C:\Users\HP\Desktop\easetalkproject\env\Lib\site-packages\openid\oidutil.py first seen with mtime 1743156277.936249
File C:\Users\HP\AppData\Local\Programs\Python\Python312\Lib\wsgiref\__init__.py first seen with mtime 1733288254.0
File C:\Users\HP\AppData\Local\Programs\Python\Python312\Lib\graphlib.py first seen with mtime 1733288252.0
with mtime 1742890061.937279
File C:\Users\HP\Desktop\easetalkproject\env\Lib\site-packages\django\template\defaulttags.py first seen with mtime 1742890069.869456
File C:\Users\HP\Desktop\easetalkproject\env\Lib\site-packages\django\templatetags\i18n.py first seen with mtime 1742890069.908404
File C:\Users\HP\AppData\Local\Programs\Python\Python312\Lib\email\contentmanager.py first seen with mtime 1733288252.0
File C:\Users\HP\Desktop\easetalkproject\env\Lib\site-packages\requests\packages.py first seen with mtime 1743156277.1155307
File C:\Users\HP\Desktop\easetalkproject\env\Lib\site-packages\zope\interface\interfaces.py first seen with mtime 1742980020.2182808
File C:\Users\HP\Desktop\easetalkproject\env\Lib\site-packages\social_core\pipeline\__init__.py first seen with mtime 1743156280.7053638
File C:\Users\HP\Desktop\easetalkproject\env\Lib\site-packages\twisted\logger\__init__.py first seen with mtime 1742980032.2273417
File C:\Users\HP\Desktop\easetalkproject\env\Lib\site-packages\cryptography\hazmat\_oid.py first seen with mtime 1742980075.4977021
File C:\Users\HP\AppData\Local\Programs\Python\Python312\Lib\re\__init__.py first seen with mtime 1733288252.0
File C:\Users\HP\Desktop\easetalkproject\env\Lib\site-packages\django\views\decorators\http.py first seen with mtime 1742890070.0107324
File C:\Users\HP\Desktop\easetalkproject\env\Lib\site-packages\django\db\backends\__init__.py first seen with mtime 1742890069.4282622
File C:\Users\HP\Desktop\easetalkproject\env\Lib\site-packages\pyasn1\type\tag.py first seen with mtime 1742980016.099758
File C:\Users\HP\Desktop\easetalkproject\env\Lib\site-packages\charset_normalizer\md__mypyc.cp312-win_amd64.pyd first seen with mtime 1743156276.1727798
File C:\Users\HP\Desktop\easetalkproject\env\Lib\site-packages\django\db\models\sql\constants.py first seen with mtime 1742890069.676671
File C:\Users\HP\AppData\Local\Programs\Python\Python312\Lib\glob.py first seen with mtime 1733288252.0
File C:\Users\HP\Desktop\easetalkproject\env\Lib\site-packages\autobahn\wamp\uri.py first seen with mtime 1742980079.1575508
File C:\Users\HP\Desktop\easetalkproject\env\Lib\site-packages\django\http\multipartparser.py first seen with mtime 1742890069.845488
File C:\Users\HP\AppData\Local\Programs\Python\Python312\Lib\importlib\_abc.py first seen with mtime 1733288252.0
File C:\Users\HP\Desktop\easetalkproject\env\Lib\site-packages\django\utils\dateparse.py first seen with mtime 1742890069.9482584
File C:\Users\HP\Desktop\easetalkproject\env\Lib\site-packages\autobahn\websocket\compress.py first seen with mtime 1742980079.3341827
File C:\Users\HP\Desktop\easetalkproject\env\Lib\site-packages\pyasn1\compat\integer.py first seen with mtime 1742980016.0789776
File C:\Users\HP\Desktop\easetalkproject\env\Lib\site-packages\django\views\generic\dates.py first seen with mtime 1742890070.0158582
File C:\Users\HP\Desktop\easetalkproject\env\Lib\site-packages\django\db\models\fields\related_descriptors.py first seen with mtime 1742890069.6526928
File C:\Users\HP\Desktop\easetalkproject\env\Lib\site-packages\django\db\models\fields\related.py first seen with mtime 1742890069.6508932
File C:\Users\HP\Desktop\easetalkproject\env\Lib\site-packages\django\views\generic\base.py first seen with mtime 1742890070.0158582
File C:\Users\HP\Desktop\easetalkproject\env\Lib\site-packages\pyasn1\codec\ber\eoo.py first seen with mtime 1742980016.055255
File C:\Users\HP\Desktop\easetalkproject\env\Lib\site-packages\django\middleware\http.py first seen with mtime 1742890069.8585582
File C:\Users\HP\Desktop\easetalkproject\env\Lib\site-packages\pyasn1\debug.py first seen with mtime 1742980016.0452592
File C:\Users\HP\Desktop\easetalkproject\env\Lib\site-packages\django\contrib\messages\storage\base.py first seen with mtime 1742890067.298851
File C:\Users\HP\Desktop\easetalkproject\env\Lib\site-packages\django\contrib\auth\hashers.py first seen with mtime 1742890064.830599
File C:\Users\HP\Desktop\easetalkproject\env\Lib\site-packages\cryptography\hazmat\primitives\kdf\__init__.py first seen with mtime 1742980075.4659743
File C:\Users\HP\Desktop\easetalkproject\env\Lib\site-packages\social_core\store.py first seen with mtime 1743156280.3354535
File C:\Users\HP\Desktop\easetalkproject\env\Lib\site-packages\twisted\_threads\_team.py first seen with mtime 1742980031.3826964
File C:\Users\HP\Desktop\easetalkproject\env\Lib\site-packages\autobahn\websocket\util.py first seen with mtime 1742980079.3484266
File C:\Users\HP\AppData\Local\Programs\Python\Python312\Lib\re\_parser.py first seen with mtime 1733288252.0
File C:\Users\HP\Desktop\easetalkproject\env\Lib\site-packages\django\contrib\admin\options.py first seen with mtime 1742890063.3059254
File C:\Users\HP\AppData\Local\Programs\Python\Python312\Lib\asyncio\windows_utils.py first seen with mtime 1733288252.0
File C:\Users\HP\Desktop\easetalkproject\env\Lib\site-packages\django\core\serializers\json.py first seen with mtime 1742890069.4055307
File C:\Users\HP\Desktop\easetalkproject\env\Lib\site-packages\django\contrib\sites\shortcuts.py first seen with mtime 1742890068.7705667
File C:\Users\HP\AppData\Local\Programs\Python\Python312\Lib\importlib\metadata\_collections.py first seen with mtime 1733288252.0
File C:\Users\HP\AppData\Local\Programs\Python\Python312\Lib\html\parser.py first seen with mtime 1733288252.0
File C:\Users\HP\Desktop\easetalkproject\env\Lib\site-packages\pyasn1\type\univ.py first seen with mtime 1742980016.1047206
File C:\Users\HP\Desktop\easetalkproject\env\Lib\site-packages\urllib3\http2\__init__.py first seen with mtime 1743156270.4309103
File C:\Users\HP\Desktop\easetalkproject\env\Lib\site-packages\twisted\python\log.py first seen with mtime 1742980032.6794543
File C:\Users\HP\Desktop\easetalkproject\env\Lib\site-packages\openid\kvform.py first seen with mtime 1743156277.928107
75.4977021
File C:\Users\HP\Desktop\easetalkproject\env\Lib\site-packages\cryptography\hazmat\decrepit\__init__.py first seen with mtime 1742980075.38869
File C:\Users\HP\Desktop\easetalkproject\env\Lib\site-packages\MySQLdb\constants\FLAG.py first seen with mtime 1742891595.9560509
File C:\Users\HP\Desktop\easetalkproject\env\Lib\site-packages\cryptography\hazmat\primitives\ciphers\modes.py first seen with mtime 1742980075.4356575
File C:\Users\HP\AppData\Local\Programs\Python\Python312\Lib\importlib\metadata\__init__.py first seen with mtime 1733288252.0
File C:\Users\HP\AppData\Local\Programs\Python\Python312\Lib\tokenize.py first seen with mtime 1733288254.0
File C:\Users\HP\Desktop\easetalkproject\env\Lib\site-packages\django\apps\config.py first seen with mtime 1742890062.423958
File C:\Users\HP\Desktop\easetalkproject\env\Lib\site-packages\django\utils\autoreload.py first seen with mtime 1742890069.941933
File C:\Users\HP\Desktop\easetalkproject\env\Lib\site-packages\txaio\_version.py first seen with mtime 1742979998.8043797
File C:\Users\HP\Desktop\easetalkproject\env\Lib\site-packages\twisted\internet\task.py first seen with mtime 1742980031.8358624
File C:\Users\HP\Desktop\easetalkproject\env\Lib\site-packages\twisted\cred\error.py first seen with mtime 1742980031.7116773
File C:\Users\HP\Desktop\easetalkproject\env\Lib\site-packages\twisted\protocols\policies.py first seen with mtime 1742980032.6053727
File C:\Users\HP\AppData\Local\Programs\Python\Python312\Lib\email\encoders.py first seen with mtime 1733288252.0
File C:\Users\HP\Desktop\easetalkproject\env\Lib\site-packages\twisted\internet\threads.py first seen with mtime 1742980031.8424675
File C:\Users\HP\Desktop\easetalkproject\env\Lib\site-packages\django\contrib\admin\helpers.py first seen with mtime 1742890063.3008292
File C:\Users\HP\Desktop\easetalkproject\env\Lib\site-packages\zope\interface\__init__.py first seen with mtime 1742980020.1894417
File C:\Users\HP\Desktop\easetalkproject\env\Lib\site-packages\django\contrib\admin\decorators.py first seen with mtime 1742890063.2957706
File C:\Users\HP\AppData\Local\Programs\Python\Python312\Lib\socketserver.py first seen with mtime 1733288252.0
File C:\Users\HP\Desktop\easetalkproject\env\Lib\site-packages\django\db\models\functions\text.py first seen with mtime 1742890069.6695576
File C:\Users\HP\AppData\Local\Programs\Python\Python312\Lib\dataclasses.py first seen with mtime 1733288252.0
File C:\Users\HP\AppData\Local\Programs\Python\Python312\Lib\string.py first seen with mtime 1733288252.0
File C:\Users\HP\Desktop\easetalkproject\env\Lib\site-packages\cryptography\hazmat\primitives\ciphers\__init__.py first seen with mtime 1742980075.4371386
File C:\Users\HP\Desktop\easetalkproject\env\Lib\site-packages\twisted\internet\defer.py first seen with mtime 1742980031.7914689
File C:\Users\HP\Desktop\easetalkproject\env\Lib\site-packages\django\db\backends\base\base.py first seen with mtime 1742890069.4382825
File C:\Users\HP\Desktop\easetalkproject\env\Lib\site-packages\django\contrib\admin\views\autocomplete.py first seen with mtime 1742890064.3654184
File C:\Users\HP\AppData\Local\Programs\Python\Python312\Lib\asyncio\__init__.py first seen with mtime 1733288252.0
File C:\Users\HP\Desktop\easetalkproject\env\Lib\site-packages\django\db\backends\base\__init__.py first seen with mtime 1742890069.4366534
File C:\Users\HP\Desktop\easetalkproject\env\Lib\site-packages\django\contrib\staticfiles\utils.py first seen with mtime 1742890069.19672
File C:\Users\HP\AppData\Local\Programs\Python\Python312\Lib\xml\etree\__init__.py first seen with mtime 1733288254.0
File C:\Users\HP\Desktop\easetalkproject\env\Lib\site-packages\django\contrib\staticfiles\finders.py first seen with mtime 1742890069.1858404
File C:\Users\HP\Desktop\easetalkproject\env\Lib\site-packages\django\core\mail\__init__.py first seen with mtime 1742890069.310292
File C:\Users\HP\Desktop\easetalkproject\env\Lib\site-packages\django\utils\asyncio.py first seen with mtime 1742890069.9374342
File C:\Users\HP\Desktop\easetalkproject\env\Lib\site-packages\django\core\handlers\asgi.py first seen with mtime 1742890069.305546
File C:\Users\HP\AppData\Local\Programs\Python\Python312\Lib\subprocess.py first seen with mtime 1733288252.0
File C:\Users\HP\Desktop\easetalkproject\env\Lib\site-packages\idna\idnadata.py first seen with mtime 1742980017.585361
File C:\Users\HP\Desktop\easetalkproject\env\Lib\site-packages\twisted\logger\_logger.py first seen with mtime 1742980032.254624
File C:\Users\HP\Desktop\easetalkproject\env\Lib\site-packages\django\db\models\expressions.py first seen with mtime 1742890069.6214762
File C:\Users\HP\Desktop\easetalkproject\env\Lib\site-packages\django\core\management\commands\runserver.py first seen with mtime 1742890069.3654907
File C:\Users\HP\AppData\Local\Programs\Python\Python312\Lib\importlib\metadata\_functools.py first seen with mtime 1733288252.0
1742980075.4578474
File C:\Users\HP\AppData\Local\Programs\Python\Python312\Lib\copyreg.py first seen with mtime 1733288252.0
98.802776
File C:\Users\HP\Desktop\easetalkproject\env\Lib\site-packages\urllib3\poolmanager.py first seen with mtime 1743156270.4028492
File C:\Users\HP\Desktop\easetalkproject\env\Lib\site-packages\django\http\response.py first seen with mtime 1742890069.8505368
File C:\Users\HP\AppData\Local\Programs\Python\Python312\Lib\logging\handlers.py first seen with mtime 1733288252.0
0075.5042224
File C:\Users\HP\AppData\Local\Programs\Python\Python312\Lib\email\_encoded_words.py first seen with mtime 1733288252.0
File C:\Users\HP\Desktop\easetalkproject\env\Lib\site-packages\django\conf\global_settings.py first seen with mtime 1742890062.4291527
File C:\Users\HP\Desktop\easetalkproject\env\Lib\site-packages\twisted\logger\_format.py first seen with mtime 1742980032.2414665
File C:\Users\HP\Desktop\easetalkproject\env\Lib\site-packages\attr\_compat.py first seen with mtime 1742980019.389448
File C:\Users\HP\Desktop\easetalkproject\env\Lib\site-packages\PIL\TiffTags.py first seen with mtime 1742893564.5069377
File C:\Users\HP\Desktop\easetalkproject\env\Lib\site-packages\django\utils\formats.py first seen with mtime 1742890069.9611692
File C:\Users\HP\Desktop\easetalkproject\env\Lib\site-packages\django\contrib\auth\base_user.py first seen with mtime 1742890064.8255453
File C:\Users\HP\Desktop\easetalkproject\env\Lib\site-packages\django\contrib\auth\decorators.py first seen with mtime 1742890064.830599
File C:\Users\HP\Desktop\easetalkproject\env\Lib\site-packages\charset_normalizer\__init__.py first seen with mtime 1743156276.1469748
File C:\Users\HP\Desktop\easetalkproject\env\Lib\site-packages\cryptography\hazmat\decrepit\ciphers\algorithms.py first seen with mtime 1742980075.38869
File C:\Users\HP\Desktop\easetalkproject\env\Lib\site-packages\pyasn1\codec\ber\decoder.py first seen with mtime 1742980016.055255
File C:\Users\HP\AppData\Local\Programs\Python\Python312\Lib\email\base64mime.py first seen with mtime 1733288252.0
032.614574
File C:\Users\HP\AppData\Local\Programs\Python\Python312\DLLs\_socket.pyd first seen with mtime 1733288284.0
File C:\Users\HP\Desktop\easetalkproject\env\Lib\site-packages\requests\structures.py first seen with mtime 1743156277.1220903
File C:\Users\HP\AppData\Local\Programs\Python\Python312\Lib\concurrent\__init__.py first seen with mtime 1733288252.0
File C:\Users\HP\Desktop\easetalkproject\env\Lib\site-packages\cryptography\hazmat\decrepit\__init__.py first seen with mtime 1742980075.38869
File C:\Users\HP\Desktop\easetalkproject\env\Lib\site-packages\django\db\models\sql\__init__.py first seen with mtime 1742890069.6721365
File C:\Users\HP\Desktop\easetalkproject\env\Lib\site-packages\django\core\files\images.py first seen with mtime 1742890069.2768843
File C:\Users\HP\AppData\Local\Programs\Python\Python312\Lib\asyncio\proactor_events.py first seen with mtime 1733288252.0
File C:\Users\HP\AppData\Local\Programs\Python\Python312\Lib\importlib\metadata\_itertools.py first seen with mtime 1733288252.0
File C:\Users\HP\AppData\Local\Programs\Python\Python312\Lib\warnings.py first seen with mtime 1733288254.0
File C:\Users\HP\Desktop\easetalkproject\env\Lib\site-packages\txaio\_iotype.py first seen with mtime 1742979998.798948
File C:\Users\HP\Desktop\easetalkproject\env\Lib\site-packages\django\utils\formats.py first seen with mtime 1742890069.9611692
File C:\Users\HP\AppData\Local\Programs\Python\Python312\Lib\weakref.py first seen with mtime 1733288254.0
File C:\Users\HP\Desktop\easetalkproject\env\Lib\site-packages\zope\interface\_compat.py first seen with mtime 1742980020.1950378
File C:\Users\HP\Desktop\easetalkproject\env\Lib\site-packages\urllib3\util\ssltransport.py first seen with mtime 1743156270.4507854
File C:\Users\HP\AppData\Local\Programs\Python\Python312\Lib\asyncio\events.py first seen with mtime 1733288252.0
File C:\Users\HP\Desktop\easetalkproject\env\Lib\site-packages\django\contrib\admin\actions.py first seen with mtime 1742890063.2892303
File C:\Users\HP\Desktop\easetalkproject\env\Lib\site-packages\django\db\models\fields\json.py first seen with mtime 1742890069.6462638
File C:\Users\HP\AppData\Local\Programs\Python\Python312\Lib\wsgiref\headers.py first seen with mtime 1733288254.0
File C:\Users\HP\Desktop\easetalkproject\env\Lib\site-packages\django\core\checks\compatibility\django_4_0.py first seen with mtime 1742890069.266476
File C:\Users\HP\Desktop\easetalkproject\env\Lib\site-packages\attr\setters.py first seen with mtime 1742980019.4153304
File C:\Users\HP\Desktop\easetalkproject\env\Lib\site-packages\twisted\internet\error.py first seen with mtime 1742980031.7964897
File C:\Users\HP\AppData\Local\Programs\Python\Python312\Lib\base64.py first seen with mtime 1733288252.0
File C:\Users\HP\Desktop\easetalkproject\env\Lib\site-packages\hyperlink\__init__.py first seen with mtime 1742980028.7242227
File C:\Users\HP\AppData\Local\Programs\Python\Python312\Lib\textwrap.py first seen with mtime 1733288254.0
File C:\Users\HP\AppData\Local\Programs\Python\Python312\Lib\gzip.py first seen with mtime 1733288252.0
File C:\Users\HP\AppData\Local\Programs\Python\Python312\Lib\asyncio\selector_events.py first seen with mtime 1733288252.0
File C:\Users\HP\Desktop\easetalkproject\env\Lib\site-packages\twisted\logger\_logger.py first seen with mtime 1742980032.254624
File C:\Users\HP\Desktop\easetalkproject\env\Lib\site-packages\django\db\backends\mysql\client.py first seen with mtime 1742890069.4786007
File C:\Users\HP\Desktop\easetalkproject\env\Lib\site-packages\twisted\internet\main.py first seen with mtime 1742980031.815319
File C:\Users\HP\Desktop\easetalkproject\env\Lib\site-packages\django\conf\urls\static.py first seen with mtime 1742890063.28572
File C:\Users\HP\Desktop\easetalkproject\env\Lib\site-packages\twisted\internet\_signals.py first seen with mtime 1742980031.7677708
File C:\Users\HP\Desktop\easetalkproject\env\Lib\site-packages\django\contrib\messages\storage\__init__.py first seen with mtime 1742890067.298851
File C:\Users\HP\Desktop\easetalkproject\env\Lib\site-packages\django\db\models\lookups.py first seen with mtime 1742890069.6255274
File C:\Users\HP\Desktop\easetalkproject\env\Lib\site-packages\sqlparse\utils.py first seen with mtime 1742890061.0056193
File C:\Users\HP\Desktop\easetalkproject\env\Lib\site-packages\django\contrib\auth\tokens.py first seen with mtime 1742890064.8381755
File C:\Users\HP\AppData\Local\Programs\Python\Python312\Lib\asyncio\coroutines.py first seen with mtime 1733288252.0
File C:\Users\HP\Desktop\easetalkproject\env\Lib\site-packages\cryptography\hazmat\primitives\serialization\base.py first seen with mtime 1742980075.4745014
File C:\Users\HP\Desktop\easetalkproject\env\Lib\site-packages\django\contrib\staticfiles\handlers.py first seen with mtime 1742890069.190853
File C:\Users\HP\AppData\Local\Programs\Python\Python312\Lib\email\mime\base.py first seen with mtime 1733288252.0
File C:\Users\HP\Desktop\easetalkproject\env\Lib\site-packages\requests\compat.py first seen with mtime 1743156277.107064
File C:\Users\HP\AppData\Local\Programs\Python\Python312\Lib\sysconfig.py first seen with mtime 1733288252.0
File C:\Users\HP\Desktop\easetalkproject\env\Lib\site-packages\MySQLdb\_mysql.cp312-win_amd64.pyd first seen with mtime 1742891595.9209893
File C:\Users\HP\Desktop\easetalkproject\env\Lib\site-packages\django\contrib\messages\constants.py first seen with mtime 1742890067.2873077
File C:\Users\HP\Desktop\easetalkproject\env\Lib\site-packages\django\utils\translation\reloader.py first seen with mtime 1742890069.9858189
File C:\Users\HP\Desktop\easetalkproject\env\Lib\site-packages\django\views\decorators\common.py first seen with mtime 1742890070.006719
File C:\Users\HP\Desktop\easetalkproject\env\Lib\site-packages\sqlparse\filters\aligned_indent.py first seen with mtime 1742890061.0171895
File C:\Users\HP\Desktop\easetalkproject\env\Lib\site-packages\django\db\models\constraints.py first seen with mtime 1742890069.6148925
8832
File C:\Users\HP\AppData\Local\Programs\Python\Python312\Lib\importlib\resources\_common.py first seen with mtime 1733288252.0
77078
File C:\Users\HP\Desktop\easetalkproject\env\Lib\site-packages\twisted\python\_tzhelper.py first seen with mtime 1742980032.6595373
File C:\Users\HP\AppData\Local\Programs\Python\Python312\Lib\xml\etree\cElementTree.py first seen with mtime 1733288254.0
File C:\Users\HP\Desktop\easetalkproject\env\Lib\site-packages\django\db\migrations\state.py first seen with mtime 1742890069.5931041
File C:\Users\HP\AppData\Local\Programs\Python\Python312\Lib\importlib\resources\_common.py first seen with mtime 1733288252.0
File C:\Users\HP\Desktop\easetalkproject\env\Lib\site-packages\twisted\web\http.py first seen with mtime 1742980033.2463837

File C:\Users\HP\AppData\Local\Programs\Python\Python312\Lib\wsgiref\__init__.py first seen with mtime 1733288254.0
6294.8000638
File C:\Users\HP\Desktop\easetalkproject\env\Lib\site-packages\django\db\models\functions\mixins.py first seen with mtime 1742890069.6684878
File C:\Users\HP\Desktop\easetalkproject\env\Lib\site-packages\daphne\checks.py first seen with mtime 1742980087.396817

File C:\Users\HP\Desktop\easetalkproject\env\Lib\site-packages\django\db\backends\base\creation.py first seen with mtime 1742890069.4418547
File C:\Users\HP\Desktop\easetalkproject\env\Lib\site-packages\twisted\python\failure.py first seen with mtime 1742980032.669809
File C:\Users\HP\Desktop\easetalkproject\env\Lib\site-packages\cryptography\hazmat\primitives\asymmetric\dh.py first seen with mtime 1742980075.397123
File C:\Users\HP\Desktop\easetalkproject\env\Lib\site-packages\requests\utils.py first seen with mtime 1743156277.1241524
e 1742980087.4145253
File C:\Users\HP\AppData\Local\Programs\Python\Python312\Lib\enum.py first seen with mtime 1733288252.0
File C:\Users\HP\Desktop\easetalkproject\env\Lib\site-packages\django\contrib\sessions\__init__.py first seen with mtime 1742890068.281884
File C:\Users\HP\AppData\Local\Programs\Python\Python312\Lib\ctypes\wintypes.py first seen with mtime 1733288252.0
File C:\Users\HP\Desktop\easetalkproject\env\Lib\site-packages\twisted\cred\__init__.py first seen with mtime 1742980031.702387
File C:\Users\HP\AppData\Local\Programs\Python\Python312\Lib\asyncio\streams.py first seen with mtime 1733288252.0
File C:\Users\HP\AppData\Local\Programs\Python\Python312\DLLs\unicodedata.pyd first seen with mtime 1733288284.0
File C:\Users\HP\Desktop\easetalkproject\env\Lib\site-packages\hyperlink\_socket.py first seen with mtime 1742980028.728443
File C:\Users\HP\AppData\Local\Programs\Python\Python312\Lib\xml\parsers\__init__.py first seen with mtime 1733288254.0
File C:\Users\HP\Desktop\easetalkproject\env\Lib\site-packages\django\contrib\admin\templatetags\__init__.py first seen with mtime 1742890064.3562531
File C:\Users\HP\Desktop\easetalkproject\env\Lib\site-packages\django\db\models\functions\comparison.py first seen with mtime 1742890069.6607976
File C:\Users\HP\Desktop\easetalkproject\env\Lib\site-packages\autobahn\twisted\util.py first seen with mtime 1742980079.0877078
File C:\Users\HP\AppData\Local\Programs\Python\Python312\Lib\email\header.py first seen with mtime 1733288252.0
File C:\Users\HP\Desktop\easetalkproject\env\Lib\site-packages\django\core\cache\backends\locmem.py first seen with mtime 1742890069.2446396
File C:\Users\HP\Desktop\easetalkproject\env\Lib\site-packages\twisted\python\threadable.py first seen with mtime 1742980032.7045376
File C:\Users\HP\Desktop\easetalkproject\env\Lib\site-packages\cryptography\hazmat\primitives\asymmetric\padding.py first seen with mtime 1742980075.4107306
File C:\Users\HP\Desktop\easetalkproject\env\Lib\site-packages\django\db\migrations\operations\fields.py first seen with mtime 1742890069.6008275
File C:\Users\HP\Desktop\easetalkproject\env\Lib\site-packages\constantly\_version.py first seen with mtime 1742980018.1845937
3812
File C:\Users\HP\Desktop\easetalkproject\env\Lib\site-packages\django\utils\regex_helper.py first seen with mtime 1742890069.9756703
File C:\Users\HP\Desktop\easetalkproject\env\Lib\site-packages\django\contrib\auth\forms.py first seen with mtime 1742890064.830599
File C:\Users\HP\AppData\Local\Programs\Python\Python312\Lib\gettext.py first seen with mtime 1733288252.0
File C:\Users\HP\Desktop\easetalkproject\env\Lib\site-packages\django\conf\urls\__init__.py first seen with mtime 1742890063.2841113
File C:\Users\HP\AppData\Local\Programs\Python\Python312\Lib\concurrent\futures\__init__.py first seen with mtime 1733288252.0
0069.4282622
File C:\Users\HP\Desktop\easetalkproject\env\Lib\site-packages\twisted\internet\tcp.py first seen with mtime 1742980031.8374476
File C:\Users\HP\Desktop\easetalkproject\env\Lib\site-packages\pyasn1\type\tagmap.py first seen with mtime 1742980016.103125
File C:\Users\HP\Desktop\easetalkproject\env\Lib\site-packages\django\contrib\auth\tokens.py first seen with mtime 1742890064.8381755
File C:\Users\HP\Desktop\easetalkproject\env\Lib\site-packages\django\utils\termcolors.py first seen with mtime 1742890069.9756703
File C:\Users\HP\AppData\Local\Programs\Python\Python312\Lib\urllib\error.py first seen with mtime 1733288254.0
File C:\Users\HP\Desktop\easetalkproject\env\Lib\site-packages\django\template\loaders\__init__.py first seen with mtime 1742890069.8968768
File C:\Users\HP\Desktop\easetalkproject\env\Lib\site-packages\pyasn1\codec\__init__.py first seen with mtime 1742980016.049613
File C:\Users\HP\Desktop\easetalkproject\env\Lib\site-packages\autobahn\websocket\types.py first seen with mtime 1742980079.3484266
File C:\Users\HP\Desktop\easetalkproject\env\Lib\site-packages\django\db\models\functions\__init__.py first seen with mtime 1742890069.6557422
File C:\Users\HP\Desktop\easetalkproject\env\Lib\site-packages\django\template\base.py first seen with mtime 1742890069.868942
File C:\Users\HP\Desktop\easetalkproject\env\Lib\site-packages\django\contrib\sessions\base_session.py first seen with mtime 1742890068.2853968
File C:\Users\HP\Desktop\easetalkproject\env\Lib\site-packages\autobahn\websocket\protocol.py first seen with mtime 1742980079.3464117
File C:\Users\HP\Desktop\easetalkproject\env\Lib\site-packages\django\core\cache\utils.py first seen with mtime 1742890069.2329063
File C:\Users\HP\Desktop\easetalkproject\env\Lib\site-packages\zope\interface\interface.py first seen with mtime 1742980020.2152638
File C:\Users\HP\Desktop\easetalkproject\env\Lib\site-packages\django\views\__init__.py first seen with mtime 1742890069.9955764
File C:\Users\HP\Desktop\easetalkproject\env\Lib\site-packages\django\apps\registry.py first seen with mtime 1742890062.4259677
File C:\Users\HP\Desktop\easetalkproject\env\Lib\site-packages\urllib3\util\ssl_.py first seen with mtime 1743156270.4507854
File C:\Users\HP\Desktop\easetalkproject\env\Lib\site-packages\constantly\__init__.py first seen with mtime 1742980018.1845937
File C:\Users\HP\Desktop\easetalkproject\env\Lib\site-packages\autobahn\wamp\__init__.py first seen with mtime 1742980079.1270487
File C:\Users\HP\Desktop\easetalkproject\env\Lib\site-packages\idna\intranges.py first seen with mtime 1742980017.5865622
File C:\Users\HP\AppData\Local\Programs\Python\Python312\Lib\email\header.py first seen with mtime 1733288252.0
File C:\Users\HP\Desktop\easetalkproject\env\Lib\site-packages\django\template\smartif.py first seen with mtime 1742890069.8783696
File C:\Users\HP\Desktop\easetalkproject\env\Lib\site-packages\urllib3\_base_connection.py first seen with mtime 1743156270.3856516
File C:\Users\HP\Desktop\easetalkproject\easetalkprojectapp\easetalkprojectapp\urls.py first seen with mtime 1743175407.4445956
File C:\Users\HP\AppData\Local\Programs\Python\Python312\Lib\ast.py first seen with mtime 1733288252.0
File C:\Users\HP\Desktop\easetalkproject\env\Lib\site-packages\sqlparse\filters\others.py first seen with mtime 1742890061.0171895
File C:\Users\HP\Desktop\easetalkproject\env\Lib\site-packages\django\utils\timezone.py first seen with mtime 1742890069.980724
File C:\Users\HP\AppData\Local\Programs\Python\Python312\Lib\xml\etree\ElementTree.py first seen with mtime 1733288254.0
File C:\Users\HP\Desktop\easetalkproject\env\Lib\site-packages\MySQLdb\constants\FIELD_TYPE.py first seen with mtime 1742891595.9515266
File C:\Users\HP\AppData\Local\Programs\Python\Python312\Lib\zipfile\_path\__init__.py first seen with mtime 1733288254.0
File C:\Users\HP\Desktop\easetalkproject\env\Lib\site-packages\django\utils\_os.py first seen with mtime 1742890069.9374342
File C:\Users\HP\Desktop\easetalkproject\env\Lib\site-packages\django\views\__init__.py first seen with mtime 1742890069.9955764
File C:\Users\HP\AppData\Local\Programs\Python\Python312\Lib\email\policy.py first seen with mtime 1733288252.0
File C:\Users\HP\AppData\Local\Programs\Python\Python312\Lib\urllib\__init__.py first seen with mtime 1733288254.0
File C:\Users\HP\Desktop\easetalkproject\env\Lib\site-packages\django\db\models\utils.py first seen with mtime 1742890069.635569
File C:\Users\HP\Desktop\easetalkproject\env\Lib\site-packages\django\core\serializers\__init__.py first seen with mtime 1742890069.4000168
File C:\Users\HP\Desktop\easetalkproject\env\Lib\site-packages\urllib3\util\connection.py first seen with mtime 1743156270.4354727
File C:\Users\HP\Desktop\easetalkproject\env\Lib\site-packages\requests\exceptions.py first seen with mtime 1743156277.107064
File C:\Users\HP\Desktop\easetalkproject\env\Lib\site-packages\twisted\protocols\basic.py first seen with mtime 1742980032.5871956
File C:\Users\HP\AppData\Local\Programs\Python\Python312\DLLs\_decimal.pyd first seen with mtime 1733288284.0
File C:\Users\HP\Desktop\easetalkproject\env\Lib\site-packages\cryptography\hazmat\primitives\asymmetric\ed448.py first seen with mtime 1742980075.4053528
File C:\Users\HP\Desktop\easetalkproject\env\Lib\site-packages\MySQLdb\converters.py first seen with mtime 1742891595.9297037
File C:\Users\HP\AppData\Local\Programs\Python\Python312\DLLs\_hashlib.pyd first seen with mtime 1733288284.0
File C:\Users\HP\Desktop\easetalkproject\env\Lib\site-packages\cryptography\hazmat\__init__.py first seen with mtime 1742980075.4977021
File C:\Users\HP\Desktop\easetalkproject\env\Lib\site-packages\requests\api.py first seen with mtime 1743156277.1055183
File C:\Users\HP\Desktop\easetalkproject\env\Lib\site-packages\cryptography\hazmat\primitives\asymmetric\x448.py first seen with mtime 1742980075.4228265
File C:\Users\HP\Desktop\easetalkproject\env\Lib\site-packages\django\urls\conf.py first seen with mtime 1742890069.930666
File C:\Users\HP\Desktop\easetalkproject\env\Lib\site-packages\autobahn\wamp\types.py first seen with mtime 1742980079.1544926
File C:\Users\HP\Desktop\easetalkproject\env\Lib\site-packages\django\conf\urls\static.py first seen with mtime 1742890063.28572
File C:\Users\HP\Desktop\easetalkproject\env\Lib\site-packages\zope\interface\_zope_interface_coptimizations.cp312-win_amd64.pyd first seen with mtime 1742980020.204896
File C:\Users\HP\Desktop\easetalkproject\env\Lib\site-packages\django\db\models\indexes.py first seen with mtime 1742890069.6223838
File C:\Users\HP\Desktop\easetalkproject\env\Lib\site-packages\django\contrib\admin\views\__init__.py first seen with mtime 1742890064.3654184
File C:\Users\HP\Desktop\easetalkproject\env\Lib\site-packages\service_identity\pyopenssl.py first seen with mtime 1742980078.424848
File C:\Users\HP\Desktop\easetalkproject\env\Lib\site-packages\django\urls\__init__.py first seen with mtime 1742890069.9256015
File C:\Users\HP\Desktop\easetalkproject\env\Lib\site-packages\daphne\management\commands\__init__.py first seen with mtime 1742980087.4119487
File C:\Users\HP\Desktop\easetalkproject\env\Lib\site-packages\twisted\_threads\_team.py first seen with mtime 1742980031.3826964
File C:\Users\HP\Desktop\easetalkproject\env\Lib\site-packages\twisted\protocols\__init__.py first seen with mtime 1742980032.5841992
File C:\Users\HP\Desktop\easetalkproject\env\Lib\site-packages\autobahn\exception.py first seen with mtime 1742980079.0110643
File C:\Users\HP\Desktop\easetalkproject\env\Lib\site-packages\django\conf\locale\__init__.py first seen with mtime 1742890062.435606
File C:\Users\HP\Desktop\easetalkproject\env\Lib\site-packages\MySQLdb\converters.py first seen with mtime 1742891595.9297037
File C:\Users\HP\Desktop\easetalkproject\easetalkprojectapp\manage.py first seen with mtime 1742890167.7817793
File C:\Users\HP\Desktop\easetalkproject\env\Lib\site-packages\django\utils\timesince.py first seen with mtime 1742890069.980724
File C:\Users\HP\AppData\Local\Programs\Python\Python312\Lib\http\__init__.py first seen with mtime 1733288252.0
File C:\Users\HP\Desktop\easetalkproject\env\Lib\site-packages\django\core\management\__init__.py first seen with mtime 1742890069.326715
File C:\Users\HP\Desktop\easetalkproject\env\Lib\site-packages\idna\core.py first seen with mtime 1742980017.5814147
File C:\Users\HP\Desktop\easetalkproject\env\Lib\site-packages\PIL\_util.py first seen with mtime 1742893564.6248283
File C:\Users\HP\Desktop\easetalkproject\env\Lib\site-packages\django\utils\deprecation.py first seen with mtime 1742890069.9555154
File C:\Users\HP\AppData\Local\Programs\Python\Python312\Lib\email\policy.py first seen with mtime 1733288252.0
File C:\Users\HP\Desktop\easetalkproject\env\Lib\site-packages\txaio\__init__.py first seen with mtime 1742979998.7957358
File C:\Users\HP\Desktop\easetalkproject\easetalkprojectapp\therapy\forms.py first seen with mtime 1742894264.5979803
File C:\Users\HP\Desktop\easetalkproject\env\Lib\site-packages\twisted\internet\_producer_helpers.py first seen with mtime 1742980031.7598832
File C:\Users\HP\AppData\Local\Programs\Python\Python312\DLLs\_ssl.pyd first seen with mtime 1733288284.0
ime 1733288252.0
File C:\Users\HP\Desktop\easetalkproject\env\Lib\site-packages\django\contrib\admin\filters.py first seen with mtime 1742890063.2963152
File C:\Users\HP\Desktop\easetalkproject\env\Lib\site-packages\django\core\paginator.py first seen with mtime 1742890069.218633
File C:\Users\HP\Desktop\easetalkproject\env\Lib\site-packages\sqlparse\filters\output.py first seen with mtime 1742890061.0171895
File C:\Users\HP\AppData\Local\Programs\Python\Python312\Lib\token.py first seen with mtime 1733288254.0
File C:\Users\HP\Desktop\easetalkproject\easetalkprojectapp\easetalk\admin.py first seen with mtime 1742911562.7651763
File C:\Users\HP\Desktop\easetalkproject\env\Lib\site-packages\urllib3\util\response.py first seen with mtime 1743156270.4465487
File C:\Users\HP\Desktop\easetalkproject\env\Lib\site-packages\hyperlink\__init__.py first seen with mtime 1742980028.7242227
File C:\Users\HP\Desktop\easetalkproject\env\Lib\site-packages\django\contrib\admin\views\autocomplete.py first seen with mtime 1742890064.3654184
File C:\Users\HP\Desktop\easetalkproject\env\Lib\site-packages\autobahn\websocket\xormasker.py first seen with mtime 1742980079.3484266
File C:\Users\HP\AppData\Local\Programs\Python\Python312\Lib\dis.py first seen with mtime 1733288252.0
ith mtime 1742890069.6164992
File C:\Users\HP\Desktop\easetalkproject\env\Lib\site-packages\django\contrib\admin\templatetags\log.py first seen with mtime 1742890064.3654184
File C:\Users\HP\Desktop\easetalkproject\env\Lib\site-packages\sqlparse\sql.py first seen with mtime 1742890060.999081
88252.0
File C:\Users\HP\Desktop\easetalkproject\env\Lib\site-packages\requests\__version__.py first seen with mtime 1743156277.1000042
File C:\Users\HP\Desktop\easetalkproject\env\Lib\site-packages\django\template\loaders\filesystem.py first seen with mtime 1742890069.9008932
File C:\Users\HP\Desktop\easetalkproject\env\Lib\site-packages\django\views\generic\dates.py first seen with mtime 1742890070.0158582
File C:\Users\HP\Desktop\easetalkproject\easetalkprojectapp\therapy\views.py first seen with mtime 1742908809.4524307
File C:\Users\HP\Desktop\easetalkproject\env\Lib\site-packages\twisted\cred\error.py first seen with mtime 1742980031.7116773
File C:\Users\HP\AppData\Local\Programs\Python\Python312\Lib\importlib\resources\_adapters.py first seen with mtime 1733288252.0
File C:\Users\HP\Desktop\easetalkproject\env\Lib\site-packages\django\core\checks\security\csrf.py first seen with mtime 1742890069.270491
File C:\Users\HP\Desktop\easetalkproject\env\Lib\site-packages\twisted\web\__init__.py first seen with mtime 1742980033.2083437
File C:\Users\HP\AppData\Local\Programs\Python\Python312\Lib\re\_compiler.py first seen with mtime 1733288252.0
File C:\Users\HP\Desktop\easetalkproject\env\Lib\site-packages\twisted\python\threadable.py first seen with mtime 1742980032.7045376
File C:\Users\HP\Desktop\easetalkproject\env\Lib\site-packages\django\contrib\messages\apps.py first seen with mtime 1742890067.2857223
File C:\Users\HP\Desktop\easetalkproject\env\Lib\site-packages\idna\idnadata.py first seen with mtime 1742980017.585361
File C:\Users\HP\AppData\Local\Programs\Python\Python312\Lib\socket.py first seen with mtime 1733288252.0
time 1742890069.2895243
File C:\Users\HP\Desktop\easetalkproject\env\Lib\site-packages\attrs\__init__.py first seen with mtime 1742980019.4229193
File C:\Users\HP\Desktop\easetalkproject\env\Lib\site-packages\django\template\backends\__init__.py first seen with mtime 1742890069.8853796
File C:\Users\HP\Desktop\easetalkproject\env\Lib\site-packages\twisted\logger\_file.py first seen with mtime 1742980032.2354991
File C:\Users\HP\AppData\Local\Programs\Python\Python312\Lib\importlib\metadata\_meta.py first seen with mtime 1733288252.0
File C:\Users\HP\Desktop\easetalkproject\env\Lib\site-packages\typing_extensions.py first seen with mtime 1742979998.6206396
File C:\Users\HP\Desktop\easetalkproject\env\Lib\site-packages\idna\intranges.py first seen with mtime 1742980017.5865622
File C:\Users\HP\AppData\Local\Programs\Python\Python312\DLLs\_ctypes.pyd first seen with mtime 1733288284.0
File C:\Users\HP\Desktop\easetalkproject\env\Lib\site-packages\zope\interface\declarations.py first seen with mtime 1742980020.2109315
File C:\Users\HP\AppData\Local\Programs\Python\Python312\Lib\tokenize.py first seen with mtime 1733288254.0
File C:\Users\HP\Desktop\easetalkproject\env\Lib\site-packages\sqlparse\formatter.py first seen with mtime 1742890060.999081
File C:\Users\HP\Desktop\easetalkproject\env\Lib\site-packages\django\db\models\sql\where.py first seen with mtime 1742890069.6875741
File C:\Users\HP\Desktop\easetalkproject\env\Lib\site-packages\social_core\backends\utils.py first seen with mtime 1743156280.679819
File C:\Users\HP\Desktop\easetalkproject\easetalkprojectapp\templates\anonymous first seen with mtime 1742909322.484121
File C:\Users\HP\Desktop\easetalkproject\env\Lib\site-packages\cryptography\hazmat\decrepit\ciphers\__init__.py first seen with mtime 1742980075.38869
File C:\Users\HP\Desktop\easetalkproject\easetalkprojectapp\templates\base.html first seen with mtime 1742892239.1989324
File C:\Users\HP\Desktop\easetalkproject\env\Lib\site-packages\attr\_cmp.py first seen with mtime 1742980019.3843892
File C:\Users\HP\Desktop\easetalkproject\easetalkprojectapp\templates\base_home.html first seen with mtime 1743084881.6441243
File C:\Users\HP\Desktop\easetalkproject\env\Lib\site-packages\charset_normalizer\version.py first seen with mtime 1743156276.1753623
File C:\Users\HP\Desktop\easetalkproject\easetalkprojectapp\templates\easetalk first seen with mtime 1742989130.628669
File C:\Users\HP\AppData\Local\Programs\Python\Python312\Lib\bz2.py first seen with mtime 1733288252.0
File C:\Users\HP\Desktop\easetalkproject\easetalkprojectapp\templates\partials first seen with mtime 1742898854.6963594
File C:\Users\HP\AppData\Local\Programs\Python\Python312\Lib\zipfile\_path\glob.py first seen with mtime 1733288254.0
3
File C:\Users\HP\Desktop\easetalkproject\easetalkprojectapp\templates\therapy first seen with mtime 1742898556.4662957
File C:\Users\HP\Desktop\easetalkproject\env\Lib\site-packages\twisted\logger\_capture.py first seen with mtime 1742980032.2344532
File C:\Users\HP\Desktop\easetalkproject\env\Lib\site-packages\PIL\ExifTags.py first seen with mtime 1742893564.3893018
File C:\Users\HP\Desktop\easetalkproject\easetalkprojectapp\templates\anonymous\login.html first seen with mtime 1743176161.6737392
File C:\Users\HP\Desktop\easetalkproject\env\Lib\site-packages\attr\_next_gen.py first seen with mtime 1742980019.3990242
File C:\Users\HP\Desktop\easetalkproject\easetalkprojectapp\templates\anonymous\signup.html first seen with mtime 1743163283.132853
File C:\Users\HP\Desktop\easetalkproject\env\Lib\site-packages\autobahn\websocket\interfaces.py first seen with mtime 1742980079.3385363
File C:\Users\HP\Desktop\easetalkproject\env\Lib\site-packages\django\templatetags\l10n.py first seen with mtime 1742890069.908404
File C:\Users\HP\Desktop\easetalkproject\easetalkprojectapp\templates\easetalk\addiction.html first seen with mtime 1742910258.5776672
File C:\Users\HP\Desktop\easetalkproject\env\Lib\site-packages\django\contrib\admin\sites.py first seen with mtime 1742890063.3059254
File C:\Users\HP\AppData\Local\Programs\Python\Python312\Lib\mimetypes.py first seen with mtime 1733288252.0
File C:\Users\HP\AppData\Local\Programs\Python\Python312\Lib\signal.py first seen with mtime 1733288252.0
File C:\Users\HP\Desktop\easetalkproject\env\Lib\site-packages\twisted\internet\_sslverify.py first seen with mtime 1742980031.7698421
File C:\Users\HP\Desktop\easetalkproject\env\Lib\site-packages\django\db\backends\base\client.py first seen with mtime 1742890069.4382825
File C:\Users\HP\AppData\Local\Programs\Python\Python312\Lib\zipfile\__init__.py first seen with mtime 1733288254.0
File C:\Users\HP\Desktop\easetalkproject\env\Lib\site-packages\django\apps\config.py first seen with mtime 1742890062.423958
File C:\Users\HP\AppData\Local\Programs\Python\Python312\Lib\getpass.py first seen with mtime 1733288252.0
File C:\Users\HP\AppData\Local\Programs\Python\Python312\DLLs\select.pyd first seen with mtime 1733288284.0
File C:\Users\HP\Desktop\easetalkproject\env\Lib\site-packages\twisted\persisted\sob.py first seen with mtime 1742980032.5144217
File C:\Users\HP\AppData\Local\Programs\Python\Python312\Lib\encodings\aliases.py first seen with mtime 1733288252.0
File C:\Users\HP\AppData\Local\Programs\Python\Python312\Lib\json\encoder.py first seen with mtime 1733288252.0
File C:\Users\HP\AppData\Local\Programs\Python\Python312\Lib\pprint.py first seen with mtime 1733288252.0
File C:\Users\HP\Desktop\easetalkproject\env\Lib\site-packages\twisted\_threads\_ithreads.py first seen with mtime 1742980031.3713324
File C:\Users\HP\Desktop\easetalkproject\env\Lib\site-packages\django\db\backends\base\__init__.py first seen with mtime 1742890069.4366534
File C:\Users\HP\Desktop\easetalkproject\env\Lib\site-packages\django\db\models\sql\__init__.py first seen with mtime 1742890069.6721365
File C:\Users\HP\Desktop\easetalkproject\env\Lib\site-packages\django\template\loaders\base.py first seen with mtime 1742890069.9008932
File C:\Users\HP\Desktop\easetalkproject\env\Lib\site-packages\MySQLdb\release.py first seen with mtime 1742891595.9382126
File C:\Users\HP\Desktop\easetalkproject\env\Lib\site-packages\twisted\application\__init__.py first seen with mtime 1742980031.4010193
File C:\Users\HP\Desktop\easetalkproject\easetalkprojectapp\templates\anonymous first seen with mtime 1742909322.484121
File C:\Users\HP\Desktop\easetalkproject\easetalkprojectapp\templates\base.html first seen with mtime 1742892239.1989324
File C:\Users\HP\Desktop\easetalkproject\easetalkprojectapp\templates\base_home.html first seen with mtime 1743084881.6441243
File C:\Users\HP\Desktop\easetalkproject\easetalkprojectapp\templates\easetalk first seen with mtime 1742989130.628669
File C:\Users\HP\Desktop\easetalkproject\easetalkprojectapp\templates\partials first seen with mtime 1742898854.6963594
File C:\Users\HP\Desktop\easetalkproject\easetalkprojectapp\templates\test.html first seen with mtime 1743089552.2261243
File C:\Users\HP\Desktop\easetalkproject\easetalkprojectapp\templates\therapy first seen with mtime 1742898556.4662957
File C:\Users\HP\Desktop\easetalkproject\easetalkprojectapp\templates\anonymous\login.html first seen with mtime 1743176161.6737392
File C:\Users\HP\Desktop\easetalkproject\easetalkprojectapp\templates\anonymous\signup.html first seen with mtime 1743163283.132853
File C:\Users\HP\Desktop\easetalkproject\easetalkprojectapp\templates\easetalk\addiction.html first seen with mtime 1742910258.5776672
File C:\Users\HP\Desktop\easetalkproject\easetalkprojectapp\templates\easetalk\avatar_menu.html first seen with mtime 1743087689.8437238
File C:\Users\HP\Desktop\easetalkproject\easetalkprojectapp\templates\easetalk\avatar_menu_close.html first seen with mtime 1741654324.0
File C:\Users\HP\Desktop\easetalkproject\easetalkprojectapp\templates\easetalk\chat.html first seen with mtime 1743090774.2891877
File C:\Users\HP\Desktop\easetalkproject\easetalkprojectapp\templates\easetalk\homepage.html first seen with mtime 1742993881.906406
File C:\Users\HP\Desktop\easetalkproject\easetalkprojectapp\templates\easetalk\index.html first seen with mtime 1743085256.7495904
File C:\Users\HP\Desktop\easetalkproject\easetalkprojectapp\templates\easetalk\mentalhealth.html first seen with mtime 1740755738.0
File C:\Users\HP\Desktop\easetalkproject\easetalkprojectapp\templates\easetalk\relationship.html first seen with mtime 1740755750.0
File C:\Users\HP\Desktop\easetalkproject\easetalkprojectapp\templates\easetalk\self-esteem&self-worth.html first seen with mtime 1740755914.0
File C:\Users\HP\Desktop\easetalkproject\easetalkprojectapp\templates\easetalk\sidebar.html first seen with mtime 1739977288.0
File C:\Users\HP\Desktop\easetalkproject\easetalkprojectapp\templates\easetalk\spirituality.html first seen with mtime 1740755924.0
File C:\Users\HP\Desktop\easetalkproject\easetalkprojectapp\templates\easetalk\trauma&abuse.html first seen with mtime 1742910336.0940604
File C:\Users\HP\Desktop\easetalkproject\easetalkprojectapp\templates\easetalk\avatar_menu.html first seen with mtime 1743087689.8437238
File C:\Users\HP\Desktop\easetalkproject\easetalkprojectapp\templates\easetalk\avatar_menu_close.html first seen with mtime 1741654324.0
File C:\Users\HP\Desktop\easetalkproject\easetalkprojectapp\templates\partials\_navbar.html first seen with mtime 1743087361.6321504
File C:\Users\HP\Desktop\easetalkproject\easetalkprojectapp\templates\easetalk\chat.html first seen with mtime 1743090774.2891877
File C:\Users\HP\Desktop\easetalkproject\easetalkprojectapp\templates\easetalk\homepage.html first seen with mtime 1742993881.906406
File C:\Users\HP\Desktop\easetalkproject\easetalkprojectapp\templates\therapy\createprofile.html first seen with mtime 1742118860.0
File C:\Users\HP\Desktop\easetalkproject\easetalkprojectapp\templates\therapy\editprofile.html first seen with mtime 1742120560.0

File C:\Users\HP\Desktop\easetalkproject\easetalkprojectapp\templates\easetalk\mentalhealth.html first seen with mtime 1740755738.0
File C:\Users\HP\Desktop\easetalkproject\easetalkprojectapp\templates\easetalk\relationship.html first seen with mtime 1740755750.0
File C:\Users\HP\Desktop\easetalkproject\easetalkprojectapp\templates\easetalk\self-esteem&self-worth.html first seen with mtime 1740755914.0
File C:\Users\HP\Desktop\easetalkproject\easetalkprojectapp\templates\easetalk\sidebar.html first seen with mtime 1739977288.0
File C:\Users\HP\Desktop\easetalkproject\easetalkprojectapp\templates\therapy\login.html first seen with mtime 1742899736.386412
File C:\Users\HP\Desktop\easetalkproject\easetalkprojectapp\templates\therapy\profiledetail.html first seen with mtime 1742979694.511755
File C:\Users\HP\Desktop\easetalkproject\easetalkprojectapp\templates\easetalk\spirituality.html first seen with mtime 1740755924.0
File C:\Users\HP\Desktop\easetalkproject\easetalkprojectapp\templates\therapy\signup.html first seen with mtime 1743158500.7679496
File C:\Users\HP\Desktop\easetalkproject\easetalkprojectapp\templates\easetalk\trauma&abuse.html first seen with mtime 1742910336.0940604
File C:\Users\HP\Desktop\easetalkproject\easetalkprojectapp\templates\therapy\therapistprofile.html first seen with mtime 1742994418.138611
File C:\Users\HP\Desktop\easetalkproject\easetalkprojectapp\templates\partials\_navbar.html first seen with mtime 1743087361.6321504
File C:\Users\HP\Desktop\easetalkproject\easetalkprojectapp\templates\therapy\createprofile.html first seen with mtime 1742118860.0
File C:\Users\HP\Desktop\easetalkproject\easetalkprojectapp\templates\therapy\editprofile.html first seen with mtime 1742120560.0
File C:\Users\HP\Desktop\easetalkproject\easetalkprojectapp\templates\therapy\login.html first seen with mtime 1742899736.386412
File C:\Users\HP\Desktop\easetalkproject\easetalkprojectapp\templates\therapy\profiledetail.html first seen with mtime 1742979694.511755
File C:\Users\HP\Desktop\easetalkproject\easetalkprojectapp\templates\therapy\signup.html first seen with mtime 1743158500.7679496
File C:\Users\HP\Desktop\easetalkproject\easetalkprojectapp\templates\therapy\therapistprofile.html first seen with mtime 1742994418.138611
File C:\Users\HP\Desktop\easetalkproject\env\Lib\site-packages\django\contrib\auth\migrations\0006_require_contenttypes_0002.py first seen with mtime 1742890065.240425
File C:\Users\HP\Desktop\easetalkproject\env\Lib\site-packages\django\contrib\auth\migrations\__init__.py first seen with mtime 1742890065.2519133
File C:\Users\HP\Desktop\easetalkproject\env\Lib\site-packages\channels\consumer.py first seen with mtime 1742980029.4247508
File C:\Users\HP\Desktop\easetalkproject\env\Lib\site-packages\django\contrib\auth\migrations\0010_alter_group_name_max_length.py first seen with mtime 1742890065.250271
File C:\Users\HP\Desktop\easetalkproject\env\Lib\site-packages\social_django\migrations\0008_partial_timestamp.py first seen with mtime 1743156294.8453588
File C:\Users\HP\Desktop\easetalkproject\env\Lib\site-packages\social_django\fields.py first seen with mtime 1743156294.8085263
File C:\Users\HP\Desktop\easetalkproject\env\Lib\site-packages\channels\db.py first seen with mtime 1742980029.4257622
File C:\Users\HP\Desktop\easetalkproject\env\Lib\site-packages\channels\generic\websocket.py first seen with mtime 1742980029.444646
File C:\Users\HP\Desktop\easetalkproject\env\Lib\site-packages\django\contrib\auth\middleware.py first seen with mtime 1742890064.830599
File C:\Users\HP\Desktop\easetalkproject\env\Lib\site-packages\social_django\migrations\0010_uid_db_index.py first seen with mtime 1743156294.8492928
File C:\Users\HP\Desktop\easetalkproject\env\Lib\site-packages\social_django\migrations\0010_uid_db_index.py first seen with mtime 1743156294.8492928
File C:\Users\HP\Desktop\easetalkproject\env\Lib\site-packages\django\contrib\sessions\backends\__init__.py first seen with mtime 1742890068.2986448
File C:\Users\HP\Desktop\easetalkproject\env\Lib\site-packages\django\contrib\messages\middleware.py first seen with mtime 1742890067.29156
File C:\Users\HP\Desktop\easetalkproject\env\Lib\site-packages\django\contrib\auth\views.py first seen with mtime 1742890064.845158
File C:\Users\HP\Desktop\easetalkproject\easetalkprojectapp\easetalk\routing.py first seen with mtime 1742985529.817352
File C:\Users\HP\Desktop\easetalkproject\env\Lib\site-packages\social_django\migrations\0014_remove_usersocialauth_extra_data.py first seen with mtime 1743156294.8567777
File C:\Users\HP\Desktop\easetalkproject\env\Lib\site-packages\django\contrib\auth\migrations\0005_alter_user_last_login_null.py first seen with mtime 1742890065.240425
File C:\Users\HP\Desktop\easetalkproject\env\Lib\site-packages\social_django\migrations\0004_auto_20160423_0400.py first seen with mtime 1743156294.8377147
File C:\Users\HP\Desktop\easetalkproject\easetalkprojectapp\easetalk\migrations\0001_initial.py first seen with mtime 1742893217.3267264
File C:\Users\HP\Desktop\easetalkproject\env\Lib\site-packages\social_django\fields.py first seen with mtime 1743156294.8085263
File C:\Users\HP\Desktop\easetalkproject\env\Lib\site-packages\channels\exceptions.py first seen with mtime 1742980029.4257622
File C:\Users\HP\Desktop\easetalkproject\env\Lib\site-packages\django\contrib\auth\migrations\0008_alter_user_username_max_length.py first seen with mtime 1742890065.2466726
File C:\Users\HP\Desktop\easetalkproject\env\Lib\site-packages\django\contrib\contenttypes\migrations\0001_initial.py first seen with mtime 1742890065.742162
File C:\Users\HP\Desktop\easetalkproject\env\Lib\site-packages\MySQLdb\cursors.py first seen with mtime 1742891595.9328082
File C:\Users\HP\Desktop\easetalkproject\env\Lib\site-packages\django\contrib\auth\views.py first seen with mtime 1742890064.845158
File C:\Users\HP\Desktop\easetalkproject\env\Lib\site-packages\channels\middleware.py first seen with mtime 1742980029.4307015
File C:\Users\HP\Desktop\easetalkproject\env\Lib\site-packages\django\contrib\admin\migrations\0002_logentry_remove_auto_add.py first seen with mtime 1742890064.0656452
File C:\Users\HP\Desktop\easetalkproject\env\Lib\site-packages\django\contrib\auth\migrations\0001_initial.py first seen with mtime 1742890065.2374108
File C:\Users\HP\Desktop\easetalkproject\env\Lib\site-packages\django\contrib\sessions\backends\db.py first seen with mtime 1742890068.3055544
File C:\Users\HP\Desktop\easetalkproject\env\Lib\site-packages\social_django\migrations\0007_code_timestamp.py first seen with mtime 1743156294.843745
File C:\Users\HP\Desktop\easetalkproject\env\Lib\site-packages\django\contrib\auth\backends.py first seen with mtime 1742890064.8205292
File C:\Users\HP\Desktop\easetalkproject\env\Lib\site-packages\django\db\backends\mysql\compiler.py first seen with mtime 1742890069.4786007
File C:\Users\HP\Desktop\easetalkproject\env\Lib\site-packages\django\views\csrf.py first seen with mtime 1742890069.9966366
File C:\Users\HP\Desktop\easetalkproject\env\Lib\site-packages\channels\middleware.py first seen with mtime 1742980029.4307015
File C:\Users\HP\Desktop\easetalkproject\env\Lib\site-packages\channels\sessions.py first seen with mtime 1742980029.4343307
File C:\Users\HP\Desktop\easetalkproject\env\Lib\site-packages\django\contrib\auth\migrations\0012_alter_user_first_name_max_length.py first seen with mtime 1742890065.2519133
File C:\Users\HP\Desktop\easetalkproject\env\Lib\site-packages\django\contrib\auth\migrations\0001_initial.py first seen with mtime 1742890065.2374108
File C:\Users\HP\Desktop\easetalkproject\env\Lib\site-packages\django\middleware\clickjacking.py first seen with mtime 1742890069.8525453
File C:\Users\HP\Desktop\easetalkproject\env\Lib\site-packages\social_django\migrations\0012_usersocialauth_extra_data_new.py first seen with mtime 1743156294.8546908
File C:\Users\HP\Desktop\easetalkproject\easetalkprojectapp\therapy\migrations\__init__.py first seen with mtime 1742892334.148643
File C:\Users\HP\Desktop\easetalkproject\env\Lib\site-packages\social_django\migrations\0009_auto_20191118_0520.py first seen with mtime 1743156294.8492928
File C:\Users\HP\Desktop\easetalkproject\env\Lib\site-packages\social_django\migrations\0007_code_timestamp.py first seen with mtime 1743156294.843745
File C:\Users\HP\Desktop\easetalkproject\easetalkprojectapp\anonymous\migrations\__init__.py first seen with mtime 1742908934.6651933
File C:\Users\HP\Desktop\easetalkproject\easetalkprojectapp\therapy\migrations\__init__.py first seen with mtime 1742892334.148643
File C:\Users\HP\Desktop\easetalkproject\env\Lib\site-packages\social_django\migrations\0006_partial.py first seen with mtime 1743156294.8423884
File C:\Users\HP\Desktop\easetalkproject\env\Lib\site-packages\django\contrib\sessions\backends\db.py first seen with mtime 1742890068.3055544
File C:\Users\HP\Desktop\easetalkproject\env\Lib\site-packages\django\contrib\sessions\middleware.py first seen with mtime 1742890068.292993
File C:\Users\HP\Desktop\easetalkproject\env\Lib\site-packages\django\contrib\contenttypes\migrations\__init__.py first seen with mtime 1742890065.7456758
File C:\Users\HP\Desktop\easetalkproject\env\Lib\site-packages\django\core\asgi.py first seen with mtime 1742890069.218633
File C:\Users\HP\Desktop\easetalkproject\env\Lib\site-packages\django\contrib\auth\migrations\0003_alter_user_email_max_length.py first seen with mtime 1742890065.240425
File C:\Users\HP\Desktop\easetalkproject\easetalkprojectapp\easetalk\consumers.py first seen with mtime 1742987122.3967116
File C:\Users\HP\Desktop\easetalkproject\easetalkprojectapp\easetalk\migrations\0002_message.py first seen with mtime 1742988872.7027154
File C:\Users\HP\Desktop\easetalkproject\env\Lib\site-packages\django\contrib\sessions\migrations\__init__.py first seen with mtime 1742890068.7496934
File C:\Users\HP\Desktop\easetalkproject\env\Lib\site-packages\social_django\migrations\0003_alter_email_max_length.py first seen with mtime 1743156294.8377147
File C:\Users\HP\Desktop\easetalkproject\env\Lib\site-packages\social_django\migrations\0011_alter_id_fields.py first seen with mtime 1743156294.8523474
File C:\Users\HP\Desktop\easetalkproject\easetalkprojectapp\therapy\migrations\0001_initial.py first seen with mtime 1742893851.530703
File C:\Users\HP\Desktop\easetalkproject\env\Lib\site-packages\channels\db.py first seen with mtime 1742980029.4257622
File C:\Users\HP\Desktop\easetalkproject\env\Lib\site-packages\django\contrib\admin\migrations\0001_initial.py first seen with mtime 1742890064.0656452
File C:\Users\HP\Desktop\easetalkproject\env\Lib\site-packages\social_django\migrations\__init__.py first seen with mtime 1743156294.8602824
File C:\Users\HP\Desktop\easetalkproject\env\Lib\site-packages\django\contrib\auth\migrations\0010_alter_group_name_max_length.py first seen with mtime 1742890065.250271
File C:\Users\HP\Desktop\easetalkproject\env\Lib\site-packages\django\db\migrations\loader.py first seen with mtime 1742890069.583845
File C:\Users\HP\Desktop\easetalkproject\env\Lib\site-packages\django\contrib\auth\migrations\0009_alter_user_last_name_max_length.py first seen with mtime 1742890065.2466726
File C:\Users\HP\Desktop\easetalkproject\env\Lib\site-packages\django\middleware\security.py first seen with mtime 1742890069.8619974
File C:\Users\HP\Desktop\easetalkproject\env\Lib\site-packages\social_django\migrations\0009_auto_20191118_0520.py first seen with mtime 1743156294.8492928
File C:\Users\HP\Desktop\easetalkproject\env\Lib\site-packages\social_django\migrations\0008_partial_timestamp.py first seen with mtime 1743156294.8453588
File C:\Users\HP\Desktop\easetalkproject\easetalkprojectapp\easetalk\routing.py first seen with mtime 1742985529.817352
File C:\Users\HP\Desktop\easetalkproject\env\Lib\site-packages\channels\layers.py first seen with mtime 1742980029.4307015
File C:\Users\HP\Desktop\easetalkproject\env\Lib\site-packages\channels\generic\websocket.py first seen with mtime 1742980029.444646
File C:\Users\HP\Desktop\easetalkproject\env\Lib\site-packages\social_django\migrations\0002_add_related_name.py first seen with mtime 1743156294.8312643
File C:\Users\HP\Desktop\easetalkproject\env\Lib\site-packages\social_django\migrations\0011_alter_id_fields.py first seen with mtime 1743156294.8523474
File C:\Users\HP\Desktop\easetalkproject\env\Lib\site-packages\django\middleware\common.py first seen with mtime 1742890069.855588
File C:\Users\HP\Desktop\easetalkproject\env\Lib\site-packages\django\contrib\sessions\backends\base.py first seen with mtime 1742890068.2997665
File C:\Users\HP\Desktop\easetalkproject\env\Lib\site-packages\django\contrib\auth\migrations\0004_alter_user_username_opts.py first seen with mtime 1742890065.240425
File C:\Users\HP\Desktop\easetalkproject\env\Lib\site-packages\channels\routing.py first seen with mtime 1742980029.4343307
File C:\Users\HP\Desktop\easetalkproject\easetalkprojectapp\anonymous\migrations\__init__.py first seen with mtime 1742908934.6651933
File C:\Users\HP\Desktop\easetalkproject\env\Lib\site-packages\django\contrib\auth\migrations\__init__.py first seen with mtime 1742890065.2519133
 1742890065.2519133
File C:\Users\HP\Desktop\easetalkproject\env\Lib\site-packages\django\contrib\sessions\backends\base.py first seen with mtime 1742890068.2997665
File C:\Users\HP\Desktop\easetalkproject\easetalkprojectapp\easetalk\migrations\0002_message.py first seen with mtime 1742988872.7027154
File C:\Users\HP\Desktop\easetalkproject\env\Lib\site-packages\django\db\migrations\graph.py first seen with mtime 1742890069.5807939
File C:\Users\HP\Desktop\easetalkproject\env\Lib\site-packages\django\middleware\security.py first seen with mtime 1742890069.8619974
File C:\Users\HP\Desktop\easetalkproject\env\Lib\site-packages\django\contrib\admin\migrations\__init__.py first seen with mtime 1742890064.0722282
File C:\Users\HP\Desktop\easetalkproject\env\Lib\site-packages\django\middleware\clickjacking.py first seen with mtime 1742890069.8525453
File C:\Users\HP\Desktop\easetalkproject\env\Lib\site-packages\django\contrib\contenttypes\migrations\0001_initial.py first seen with mtime 1742890065.742162
File C:\Users\HP\Desktop\easetalkproject\easetalkprojectapp\easetalk\migrations\__init__.py first seen with mtime 1742890230.3537672
File C:\Users\HP\Desktop\easetalkproject\env\Lib\site-packages\django\contrib\sessions\middleware.py first seen with mtime 1742890068.292993
File C:\Users\HP\Desktop\easetalkproject\env\Lib\site-packages\django\db\migrations\graph.py first seen with mtime 1742890069.5807939
File C:\Users\HP\Desktop\easetalkproject\env\Lib\site-packages\channels\auth.py first seen with mtime 1742980029.422562
File C:\Users\HP\Desktop\easetalkproject\env\Lib\site-packages\channels\generic\__init__.py first seen with mtime 1742980029.441013
File C:\Users\HP\Desktop\easetalkproject\env\Lib\site-packages\social_django\migrations\0006_partial.py first seen with mtime 1743156294.8423884
File C:\Users\HP\Desktop\easetalkproject\env\Lib\site-packages\MySQLdb\connections.py first seen with mtime 1742891595.9262228
File C:\Users\HP\Desktop\easetalkproject\env\Lib\site-packages\social_django\migrations\0015_rename_extra_data_new_usersocialauth_extra_data.py first seen with mtime 1743156294.8587644
File C:\Users\HP\Desktop\easetalkproject\env\Lib\site-packages\django\contrib\messages\middleware.py first seen with mtime 1742890067.29156
 seen with mtime 1742890064.0656452
File C:\Users\HP\Desktop\easetalkproject\env\Lib\site-packages\django\contrib\sessions\migrations\__init__.py first seen with mtime 1742890068.7496934
File C:\Users\HP\Desktop\easetalkproject\env\Lib\site-packages\django\db\models\sql\compiler.py first seen with mtime 1742890069.676671
File C:\Users\HP\Desktop\easetalkproject\env\Lib\site-packages\django\contrib\sessions\migrations\0001_initial.py first seen with mtime 1742890068.7496934
File C:\Users\HP\Desktop\easetalkproject\easetalkprojectapp\therapy\migrations\0002_alter_therapistprofile_languages_spoken.py first seen with mtime 1742978381.953781
File C:\Users\HP\Desktop\easetalkproject\env\Lib\site-packages\channels\utils.py first seen with mtime 1742980029.4343307
File C:\Users\HP\Desktop\easetalkproject\env\Lib\site-packages\social_django\migrations\0005_auto_20160727_2333.py first seen with mtime 1743156294.840234
File C:\Users\HP\Desktop\easetalkproject\env\Lib\site-packages\social_django\migrations\0013_migrate_extra_data.py first seen with mtime 1743156294.855209
File C:\Users\HP\Desktop\easetalkproject\easetalkprojectapp\therapy\migrations\0001_initial.py first seen with mtime 1742893851.530703
File C:\Users\HP\Desktop\easetalkproject\env\Lib\site-packages\MySQLdb\connections.py first seen with mtime 1742891595.9262228
File C:\Users\HP\Desktop\easetalkproject\env\Lib\site-packages\django\db\migrations\loader.py first seen with mtime 1742890069.583845
File C:\Users\HP\Desktop\easetalkproject\env\Lib\site-packages\social_django\migrations\0013_migrate_extra_data.py first seen with mtime 1743156294.855209
File C:\Users\HP\Desktop\easetalkproject\env\Lib\site-packages\social_django\migrations\0001_initial.py first seen with mtime 1743156294.8312643
File C:\Users\HP\Desktop\easetalkproject\env\Lib\site-packages\social_django\migrations\0012_usersocialauth_extra_data_new.py first seen with mtime 1743156294.8546908
File C:\Users\HP\Desktop\easetalkproject\env\Lib\site-packages\django\contrib\auth\migrations\0005_alter_user_last_login_null.py first seen with mtime 1742890065.240425
File C:\Users\HP\Desktop\easetalkproject\env\Lib\site-packages\django\contrib\auth\migrations\0002_alter_permission_name_max_length.py first seen with mtime 1742890065.2374108
File C:\Users\HP\Desktop\easetalkproject\env\Lib\site-packages\django\contrib\contenttypes\migrations\__init__.py first seen with mtime 1742890065.7456758
File C:\Users\HP\Desktop\easetalkproject\env\Lib\site-packages\django\middleware\common.py first seen with mtime 1742890069.855588
File C:\Users\HP\Desktop\easetalkproject\env\Lib\site-packages\channels\sessions.py first seen with mtime 1742980029.4343307
File C:\Users\HP\Desktop\easetalkproject\env\Lib\site-packages\django\db\migrations\recorder.py first seen with mtime 1742890069.5891275
File C:\Users\HP\Desktop\easetalkproject\env\Lib\site-packages\django\contrib\contenttypes\migrations\0002_remove_content_type_name.py first seen with mtime 1742890065.7456758
File C:\Users\HP\Desktop\easetalkproject\env\Lib\site-packages\social_django\migrations\0005_auto_20160727_2333.py first seen with mtime 1743156294.840234
File C:\Users\HP\Desktop\easetalkproject\env\Lib\site-packages\django\db\migrations\executor.py first seen with mtime 1742890069.5807939
File C:\Users\HP\Desktop\easetalkproject\env\Lib\site-packages\django\contrib\auth\backends.py first seen with mtime 1742890064.8205292
File C:\Users\HP\Desktop\easetalkproject\env\Lib\site-packages\social_django\migrations\0003_alter_email_max_length.py first seen with mtime 1743156294.8377147
File C:\Users\HP\Desktop\easetalkproject\env\Lib\site-packages\django\db\models\sql\compiler.py first seen with mtime 1742890069.676671
File C:\Users\HP\Desktop\easetalkproject\env\Lib\site-packages\channels\layers.py first seen with mtime 1742980029.4307015
File C:\Users\HP\Desktop\easetalkproject\env\Lib\site-packages\social_django\migrations\0015_rename_extra_data_new_usersocialauth_extra_data.py first seen with mtime 1743156294.8587644
File C:\Users\HP\Desktop\easetalkproject\env\Lib\site-packages\django\db\migrations\recorder.py first seen with mtime 1742890069.5891275
File C:\Users\HP\Desktop\easetalkproject\env\Lib\site-packages\django\contrib\auth\migrations\0007_alter_validators_add_error_messages.py first seen with mtime 1742890065.2460337
File C:\Users\HP\Desktop\easetalkproject\easetalkprojectapp\easetalkprojectapp\asgi.py first seen with mtime 1742985489.3465414
File C:\Users\HP\Desktop\easetalkproject\env\Lib\site-packages\django\contrib\auth\migrations\0004_alter_user_username_opts.py first seen with mtime 1742890065.240425
File C:\Users\HP\Desktop\easetalkproject\env\Lib\site-packages\MySQLdb\cursors.py first seen with mtime 1742891595.9328082
File C:\Users\HP\Desktop\easetalkproject\env\Lib\site-packages\channels\utils.py first seen with mtime 1742980029.4343307
File C:\Users\HP\Desktop\easetalkproject\env\Lib\site-packages\django\contrib\admin\migrations\__init__.py first seen with mtime 1742890064.0722282
File C:\Users\HP\Desktop\easetalkproject\env\Lib\site-packages\social_django\migrations\0002_add_related_name.py first seen with mtime 1743156294.8312643
File C:\Users\HP\Desktop\easetalkproject\easetalkprojectapp\easetalk\migrations\__init__.py first seen with mtime 1742890230.3537672
File C:\Users\HP\Desktop\easetalkproject\env\Lib\site-packages\django\contrib\sessions\backends\__init__.py first seen with mtime 1742890068.2986448
File C:\Users\HP\Desktop\easetalkproject\env\Lib\site-packages\social_django\migrations\0001_initial.py first seen with mtime 1743156294.8312643
File C:\Users\HP\Desktop\easetalkproject\env\Lib\site-packages\django\contrib\auth\migrations\0006_require_contenttypes_0002.py first seen with mtime 1742890065.240425
File C:\Users\HP\Desktop\easetalkproject\env\Lib\site-packages\django\contrib\admin\migrations\0001_initial.py first seen with mtime 1742890064.0656452
File C:\Users\HP\Desktop\easetalkproject\easetalkprojectapp\easetalk\consumers.py first seen with mtime 1742987122.3967116
File C:\Users\HP\Desktop\easetalkproject\env\Lib\site-packages\django\contrib\auth\migrations\0007_alter_validators_add_error_messages.py first seen with mtime 1742890065.2460337
File C:\Users\HP\Desktop\easetalkproject\env\Lib\site-packages\channels\auth.py first seen with mtime 1742980029.422562
File C:\Users\HP\Desktop\easetalkproject\env\Lib\site-packages\channels\consumer.py first seen with mtime 1742980029.4247508
File C:\Users\HP\Desktop\easetalkproject\env\Lib\site-packages\django\views\csrf.py first seen with mtime 1742890069.9966366
File C:\Users\HP\Desktop\easetalkproject\env\Lib\site-packages\django\contrib\auth\migrations\0009_alter_user_last_name_max_length.py first seen with mtime 1742890065.2466726
File C:\Users\HP\Desktop\easetalkproject\env\Lib\site-packages\django\contrib\auth\migrations\0008_alter_user_username_max_length.py first seen with mtime 1742890065.2466726
File C:\Users\HP\Desktop\easetalkproject\env\Lib\site-packages\django\contrib\sessions\migrations\0001_initial.py first seen with mtime 1742890068.7496934
File C:\Users\HP\Desktop\easetalkproject\easetalkprojectapp\therapy\migrations\0002_alter_therapistprofile_languages_spoken.py first seen with mtime 1742978381.953781
File C:\Users\HP\Desktop\easetalkproject\env\Lib\site-packages\django\contrib\admin\migrations\0002_logentry_remove_auto_add.py first seen with mtime 1742890064.0656452
File C:\Users\HP\Desktop\easetalkproject\env\Lib\site-packages\django\contrib\sessions\exceptions.py first seen with mtime 1742890068.28801
File C:\Users\HP\Desktop\easetalkproject\env\Lib\site-packages\django\contrib\auth\middleware.py first seen with mtime 1742890064.830599
File C:\Users\HP\Desktop\easetalkproject\env\Lib\site-packages\django\contrib\auth\migrations\0002_alter_permission_name_max_length.py first seen with mtime 1742890065.2374108
File C:\Users\HP\Desktop\easetalkproject\easetalkprojectapp\easetalk\migrations\0001_initial.py first seen with mtime 1742893217.3267264
File C:\Users\HP\Desktop\easetalkproject\env\Lib\site-packages\django\contrib\contenttypes\migrations\0002_remove_content_type_name.py first seen with mtime 1742890065.7456758
File C:\Users\HP\Desktop\easetalkproject\env\Lib\site-packages\django\contrib\auth\migrations\0003_alter_user_email_max_length.py first seen with mtime 1742890065.240425
File C:\Users\HP\Desktop\easetalkproject\env\Lib\site-packages\django\core\asgi.py first seen with mtime 1742890069.218633
File C:\Users\HP\Desktop\easetalkproject\env\Lib\site-packages\channels\exceptions.py first seen with mtime 1742980029.4257622
File C:\Users\HP\Desktop\easetalkproject\env\Lib\site-packages\social_django\migrations\0014_remove_usersocialauth_extra_data.py first seen with mtime 1743156294.8567777
File C:\Users\HP\Desktop\easetalkproject\env\Lib\site-packages\django\db\migrations\executor.py first seen with mtime 1742890069.5807939
File C:\Users\HP\Desktop\easetalkproject\env\Lib\site-packages\django\contrib\admin\migrations\0003_logentry_add_action_flag_choices.py first seen with mtime 1742890064.0656452
File C:\Users\HP\Desktop\easetalkproject\env\Lib\site-packages\channels\generic\__init__.py first seen with mtime 1742980029.441013
File C:\Users\HP\Desktop\easetalkproject\easetalkprojectapp\easetalkprojectapp\asgi.py first seen with mtime 1742985489.3465414
File C:\Users\HP\Desktop\easetalkproject\env\Lib\site-packages\social_django\migrations\__init__.py first seen with mtime 1743156294.8602824
File C:\Users\HP\Desktop\easetalkproject\env\Lib\site-packages\django\contrib\sessions\exceptions.py first seen with mtime 1742890068.28801
File C:\Users\HP\Desktop\easetalkproject\env\Lib\site-packages\social_django\migrations\0004_auto_20160423_0400.py first seen with mtime 1743156294.8377147
File C:\Users\HP\Desktop\easetalkproject\env\Lib\site-packages\channels\routing.py first seen with mtime 1742980029.4343307
File C:\Users\HP\Desktop\easetalkproject\env\Lib\site-packages\social_django\migrations\0016_alter_usersocialauth_extra_data.py first seen with mtime 1743156294.8602824
File C:\Users\HP\Desktop\easetalkproject\env\Lib\site-packages\django\contrib\auth\migrations\0012_alter_user_first_name_max_length.py first seen with mtime 1742890065.2519133
File C:\Users\HP\Desktop\easetalkproject\env\Lib\site-packages\social_django\migrations\0016_alter_usersocialauth_extra_data.py first seen with mtime 1743156294.8602824
File C:\Users\HP\Desktop\easetalkproject\env\Lib\site-packages\django\contrib\auth\migrations\0011_update_proxy_permissions.py first seen with mtime 1742890065.2519133
Watching for file changes with StatReloader
Waiting for apps ready_event.
Apps ready_event triggered. Sending autoreload_started signal.
Watching dir C:\Users\HP\Desktop\easetalkproject\easetalkprojectapp\templates with glob **/*.
Watching dir C:\Users\HP\Desktop\easetalkproject\easetalkprojectapp\locale with glob **/*.mo.
Watching dir C:\Users\HP\Desktop\easetalkproject\env\Lib\site-packages\daphne\locale with glob **/*.mo.
Watching dir C:\Users\HP\Desktop\easetalkproject\env\Lib\site-packages\channels\locale with glob **/*.mo.
Watching dir C:\Users\HP\Desktop\easetalkproject\easetalkprojectapp\easetalk\locale with glob **/*.mo.
Watching dir C:\Users\HP\Desktop\easetalkproject\easetalkprojectapp\therapy\locale with glob **/*.mo.
Watching dir C:\Users\HP\Desktop\easetalkproject\easetalkprojectapp\anonymous\locale with glob **/*.mo.
Watching dir C:\Users\HP\Desktop\easetalkproject\env\Lib\site-packages\social_django\locale with glob **/*.mo.
(0.015) 
                SELECT VERSION(),
                       @@sql_mode,
                       @@default_storage_engine,
                       @@sql_auto_is_null,
                       @@lower_case_table_names,
                       CONVERT_TZ('2001-01-01 01:00:00', 'UTC', 'UTC') IS NOT NULL
            ; args=None; alias=default
(0.000) SET SESSION TRANSACTION ISOLATION LEVEL READ COMMITTED; args=None; alias=default
(0.000) 
            SELECT
                table_name,
                table_type,
                table_comment
            FROM information_schema.tables
            WHERE table_schema = DATABASE()
            ; args=None; alias=default
(0.000) SELECT `django_migrations`.`id`, `django_migrations`.`app`, `django_migrations`.`name`, `django_migrations`.`applied` FROM `django_migrations`; args=(); alias=default
Daphne running, listening on 127.0.0.1:8000
File C:\Users\HP\Desktop\easetalkproject\easetalkprojectapp\easetalk\admin.py first seen with mtime 1742911562.7651763
File C:\Users\HP\Desktop\easetalkproject\env\Lib\site-packages\social_core\backends\__init__.py first seen with mtime 1743156280.340249
File C:\Users\HP\AppData\Local\Programs\Python\Python312\Lib\weakref.py first seen with mtime 1733288254.0
File C:\Users\HP\Desktop\easetalkproject\env\Lib\site-packages\twisted\internet\udp.py first seen with mtime 1742980031.8446386
File C:\Users\HP\Desktop\easetalkproject\env\Lib\site-packages\django\core\cache\backends\__init__.py first seen with mtime 1742890069.2354436
File C:\Users\HP\Desktop\easetalkproject\easetalkprojectapp\therapy\views.py first seen with mtime 1742908809.4524307
File C:\Users\HP\AppData\Local\Programs\Python\Python312\Lib\re\_casefix.py first seen with mtime 1733288252.0
File C:\Users\HP\AppData\Local\Programs\Python\Python312\Lib\importlib\resources\_itertools.py first seen with mtime 1733288252.0
File C:\Users\HP\Desktop\easetalkproject\env\Lib\site-packages\twisted\logger\_flatten.py first seen with mtime 1742980032.2395146
File C:\Users\HP\Desktop\easetalkproject\env\Lib\site-packages\attr\_make.py first seen with mtime 1742980019.3945723
File C:\Users\HP\AppData\Local\Programs\Python\Python312\Lib\xml\etree\__init__.py first seen with mtime 1733288254.0
File C:\Users\HP\Desktop\easetalkproject\env\Lib\site-packages\django\core\handlers\exception.py first seen with mtime 1742890069.3081071
File C:\Users\HP\Desktop\easetalkproject\env\Lib\site-packages\twisted\python\log.py first seen with mtime 1742980032.6794543
File C:\Users\HP\Desktop\easetalkproject\env\Lib\site-packages\cryptography\hazmat\primitives\hashes.py first seen with mtime 1742980075.4457672
File C:\Users\HP\AppData\Local\Programs\Python\Python312\Lib\bisect.py first seen with mtime 1733288252.0
File C:\Users\HP\Desktop\easetalkproject\env\Lib\site-packages\autobahn\wamp\protocol.py first seen with mtime 1742980079.1480606
File C:\Users\HP\Desktop\easetalkproject\env\Lib\site-packages\urllib3\util\ssl_match_hostname.py first seen with mtime 1743156270.4507854
File C:\Users\HP\Desktop\easetalkproject\env\Lib\site-packages\django\utils\deprecation.py first seen with mtime 1742890069.9555154
File C:\Users\HP\Desktop\easetalkproject\env\Lib\site-packages\twisted\python\reflect.py first seen with mtime 1742980032.6943715
File C:\Users\HP\AppData\Local\Programs\Python\Python312\Lib\random.py first seen with mtime 1733288252.0
File C:\Users\HP\Desktop\easetalkproject\env\Lib\site-packages\django\db\backends\base\validation.py first seen with mtime 1742890069.460756
File C:\Users\HP\AppData\Local\Programs\Python\Python312\Lib\email\_policybase.py first seen with mtime 1733288252.0
File C:\Users\HP\Desktop\easetalkproject\env\Lib\site-packages\django\contrib\admin\views\__init__.py first seen with mtime 1742890064.3654184
File C:\Users\HP\Desktop\easetalkproject\env\Lib\site-packages\django\contrib\staticfiles\checks.py first seen with mtime 1742890069.1858404
File C:\Users\HP\Desktop\easetalkproject\env\Lib\site-packages\cryptography\utils.py first seen with mtime 1742980075.4977021
File C:\Users\HP\Desktop\easetalkproject\env\Lib\site-packages\django\forms\__init__.py first seen with mtime 1742890069.6965477
File C:\Users\HP\Desktop\easetalkproject\env\Lib\site-packages\django\http\__init__.py first seen with mtime 1742890069.845488
File C:\Users\HP\Desktop\easetalkproject\env\Lib\site-packages\django\db\models\enums.py first seen with mtime 1742890069.6164992
File C:\Users\HP\Desktop\easetalkproject\env\Lib\site-packages\django\views\decorators\debug.py first seen with mtime 1742890070.0107324
File C:\Users\HP\Desktop\easetalkproject\env\Lib\site-packages\MySQLdb\times.py first seen with mtime 1742891595.9410956
File C:\Users\HP\Desktop\easetalkproject\env\Lib\site-packages\django\contrib\admin\views\autocomplete.py first seen with mtime 1742890064.3654184
File C:\Users\HP\Desktop\easetalkproject\env\Lib\site-packages\django\contrib\messages\api.py first seen with mtime 1742890067.2842252
File C:\Users\HP\Desktop\easetalkproject\env\Lib\site-packages\django\utils\safestring.py first seen with mtime 1742890069.9756703
File C:\Users\HP\AppData\Local\Programs\Python\Python312\Lib\logging\config.py first seen with mtime 1733288252.0
File C:\Users\HP\Desktop\easetalkproject\env\Lib\site-packages\social_core\backends\utils.py first seen with mtime 1743156280.679819
File C:\Users\HP\AppData\Local\Programs\Python\Python312\Lib\email\quoprimime.py first seen with mtime 1733288252.0
File C:\Users\HP\AppData\Local\Programs\Python\Python312\Lib\xml\etree\ElementTree.py first seen with mtime 1733288254.0
File C:\Users\HP\Desktop\easetalkproject\env\Lib\site-packages\openid\cryptutil.py first seen with mtime 1743156277.9255655
File C:\Users\HP\AppData\Local\Programs\Python\Python312\Lib\tempfile.py first seen with mtime 1733288252.0
File C:\Users\HP\Desktop\easetalkproject\env\Lib\site-packages\django\core\files\move.py first seen with mtime 1742890069.2804928
File C:\Users\HP\AppData\Local\Programs\Python\Python312\Lib\asyncio\taskgroups.py first seen with mtime 1733288252.0
File C:\Users\HP\Desktop\easetalkproject\env\Lib\site-packages\django\db\models\indexes.py first seen with mtime 1742890069.6223838
File C:\Users\HP\Desktop\easetalkproject\env\Lib\site-packages\OpenSSL\__init__.py first seen with mtime 1742980078.6240933
File C:\Users\HP\Desktop\easetalkproject\easetalkprojectapp\anonymous\apps.py first seen with mtime 1742908934.656465
File C:\Users\HP\Desktop\easetalkproject\env\Lib\site-packages\django\db\backends\base\creation.py first seen with mtime 1742890069.4418547
File C:\Users\HP\Desktop\easetalkproject\env\Lib\site-packages\django\utils\text.py first seen with mtime 1742890069.9756703
File C:\Users\HP\Desktop\easetalkproject\env\Lib\site-packages\OpenSSL\_util.py first seen with mtime 1742980078.625583
File C:\Users\HP\Desktop\easetalkproject\env\Lib\site-packages\django\contrib\staticfiles\__init__.py first seen with mtime 1742890069.1811912
File C:\Users\HP\Desktop\easetalkproject\env\Lib\site-packages\autobahn\_version.py first seen with mtime 1742980079.0099816
File C:\Users\HP\AppData\Local\Programs\Python\Python312\Lib\importlib\__init__.py first seen with mtime 1733288252.0
File C:\Users\HP\Desktop\easetalkproject\env\Lib\site-packages\django\forms\models.py first seen with mtime 1742890069.705463
File C:\Users\HP\AppData\Local\Programs\Python\Python312\DLLs\_hashlib.pyd first seen with mtime 1733288284.0
File C:\Users\HP\Desktop\easetalkproject\env\Lib\site-packages\daphne\utils.py first seen with mtime 1742980087.4094217
File C:\Users\HP\Desktop\easetalkproject\env\Lib\site-packages\django\templatetags\cache.py first seen with mtime 1742890069.908404
File C:\Users\HP\Desktop\easetalkproject\env\Lib\site-packages\django\template\defaulttags.py first seen with mtime 1742890069.869456
File C:\Users\HP\Desktop\easetalkproject\env\Lib\site-packages\django\utils\decorators.py first seen with mtime 1742890069.9540057
File C:\Users\HP\Desktop\easetalkproject\env\Lib\site-packages\cryptography\hazmat\decrepit\ciphers\algorithms.py first seen with mtime 1742980075.38869
File C:\Users\HP\Desktop\easetalkproject\env\Lib\site-packages\hyperlink\_url.py first seen with mtime 1742980028.7317135
File C:\Users\HP\Desktop\easetalkproject\env\Lib\site-packages\django\core\handlers\asgi.py first seen with mtime 1742890069.305546
File C:\Users\HP\Desktop\easetalkproject\env\Lib\site-packages\django\db\models\options.py first seen with mtime 1742890069.6281292
File C:\Users\HP\AppData\Local\Programs\Python\Python312\Lib\asyncio\proactor_events.py first seen with mtime 1733288252.0
File C:\Users\HP\Desktop\easetalkproject\env\Lib\site-packages\twisted\internet\interfaces.py first seen with mtime 1742980031.809546
File C:\Users\HP\Desktop\easetalkproject\env\Lib\site-packages\MySQLdb\_mysql.cp312-win_amd64.pyd first seen with mtime 1742891595.9209893
File C:\Users\HP\AppData\Local\Programs\Python\Python312\Lib\importlib\metadata\_meta.py first seen with mtime 1733288252.0
File C:\Users\HP\AppData\Local\Programs\Python\Python312\Lib\token.py first seen with mtime 1733288254.0
File C:\Users\HP\Desktop\easetalkproject\env\Lib\site-packages\django\core\management\__init__.py first seen with mtime 1742890069.326715
File C:\Users\HP\Desktop\easetalkproject\env\Lib\site-packages\MySQLdb\release.py first seen with mtime 1742891595.9382126
File C:\Users\HP\Desktop\easetalkproject\env\Lib\site-packages\txaio\interfaces.py first seen with mtime 1742979998.8067944
File C:\Users\HP\Desktop\easetalkproject\env\Lib\site-packages\twisted\protocols\policies.py first seen with mtime 1742980032.6053727
File C:\Users\HP\Desktop\easetalkproject\env\Lib\site-packages\twisted\python\versions.py first seen with mtime 1742980032.7204902
File C:\Users\HP\AppData\Local\Programs\Python\Python312\Lib\asyncio\tasks.py first seen with mtime 1733288252.0
File C:\Users\HP\Desktop\easetalkproject\env\Lib\site-packages\autobahn\websocket\compress.py first seen with mtime 1742980079.3341827
File C:\Users\HP\Desktop\easetalkproject\env\Lib\site-packages\_cffi_backend.cp312-win_amd64.pyd first seen with mtime 1742980030.1644652
File C:\Users\HP\Desktop\easetalkproject\env\Lib\site-packages\cryptography\hazmat\decrepit\ciphers\__init__.py first seen with mtime 1742980075.38869
File C:\Users\HP\Desktop\easetalkproject\env\Lib\site-packages\MySQLdb\converters.py first seen with mtime 1742891595.9297037
File C:\Users\HP\Desktop\easetalkproject\env\Lib\site-packages\django\utils\tree.py first seen with mtime 1742890069.980724
File C:\Users\HP\Desktop\easetalkproject\env\Lib\site-packages\daphne\__init__.py first seen with mtime 1742980087.3873472
File C:\Users\HP\AppData\Local\Programs\Python\Python312\DLLs\_wmi.pyd first seen with mtime 1733288284.0
File C:\Users\HP\Desktop\easetalkproject\env\Lib\site-packages\django\core\management\base.py first seen with mtime 1742890069.326715
File C:\Users\HP\AppData\Local\Programs\Python\Python312\Lib\logging\handlers.py first seen with mtime 1733288252.0
File C:\Users\HP\Desktop\easetalkproject\env\Lib\site-packages\typing_extensions.py first seen with mtime 1742979998.6206396
File C:\Users\HP\AppData\Local\Programs\Python\Python312\Lib\concurrent\futures\_base.py first seen with mtime 1733288252.0
File C:\Users\HP\Desktop\easetalkproject\env\Lib\site-packages\django\conf\urls\static.py first seen with mtime 1742890063.28572
File C:\Users\HP\Desktop\easetalkproject\env\Lib\site-packages\django\core\management\commands\runserver.py first seen with mtime 1742890069.3654907
File C:\Users\HP\Desktop\easetalkproject\env\Lib\site-packages\django\contrib\admin\templatetags\log.py first seen with mtime 1742890064.3654184
File C:\Users\HP\Desktop\easetalkproject\env\Lib\site-packages\pyasn1\compat\integer.py first seen with mtime 1742980016.0789776
File C:\Users\HP\Desktop\easetalkproject\env\Lib\site-packages\social_core\pipeline\__init__.py first seen with mtime 1743156280.7053638
File C:\Users\HP\Desktop\easetalkproject\env\Lib\site-packages\django\contrib\messages\storage\__init__.py first seen with mtime 1742890067.298851
File C:\Users\HP\AppData\Local\Programs\Python\Python312\Lib\subprocess.py first seen with mtime 1733288252.0
File C:\Users\HP\AppData\Local\Programs\Python\Python312\Lib\csv.py first seen with mtime 1733288252.0
File C:\Users\HP\Desktop\easetalkproject\env\Lib\site-packages\pyasn1\type\tag.py first seen with mtime 1742980016.099758
File C:\Users\HP\Desktop\easetalkproject\env\Lib\site-packages\daphne\apps.py first seen with mtime 1742980087.3963048
File C:\Users\HP\Desktop\easetalkproject\env\Lib\site-packages\django\utils\functional.py first seen with mtime 1742890069.9611692
File C:\Users\HP\AppData\Local\Programs\Python\Python312\DLLs\_socket.pyd first seen with mtime 1733288284.0
File C:\Users\HP\Desktop\easetalkproject\env\Lib\site-packages\django\views\i18n.py first seen with mtime 1742890070.0001237
File C:\Users\HP\AppData\Local\Programs\Python\Python312\Lib\re\__init__.py first seen with mtime 1733288252.0
File C:\Users\HP\Desktop\easetalkproject\env\Lib\site-packages\pyasn1\codec\ber\__init__.py first seen with mtime 1742980016.0536747
File C:\Users\HP\Desktop\easetalkproject\env\Lib\site-packages\pyasn1\type\tagmap.py first seen with mtime 1742980016.103125
File C:\Users\HP\Desktop\easetalkproject\env\Lib\site-packages\django\forms\fields.py first seen with mtime 1742890069.6999483
File C:\Users\HP\AppData\Local\Programs\Python\Python312\Lib\email\encoders.py first seen with mtime 1733288252.0
File C:\Users\HP\Desktop\easetalkproject\env\Lib\site-packages\social_core\strategy.py first seen with mtime 1743156280.340249
File C:\Users\HP\Desktop\easetalkproject\env\Lib\site-packages\django\urls\conf.py first seen with mtime 1742890069.930666
File C:\Users\HP\Desktop\easetalkproject\env\Lib\site-packages\django\core\cache\utils.py first seen with mtime 1742890069.2329063
File C:\Users\HP\AppData\Local\Programs\Python\Python312\Lib\tokenize.py first seen with mtime 1733288254.0
File C:\Users\HP\Desktop\easetalkproject\env\Lib\site-packages\pyasn1\type\char.py first seen with mtime 1742980016.0864804
File C:\Users\HP\AppData\Local\Programs\Python\Python312\Lib\email\mime\nonmultipart.py first seen with mtime 1733288252.0
File C:\Users\HP\AppData\Local\Programs\Python\Python312\Lib\re\_compiler.py first seen with mtime 1733288252.0
File C:\Users\HP\Desktop\easetalkproject\env\Lib\site-packages\hyperlink\__init__.py first seen with mtime 1742980028.7242227
File C:\Users\HP\AppData\Local\Programs\Python\Python312\Lib\asyncio\__init__.py first seen with mtime 1733288252.0
File C:\Users\HP\Desktop\easetalkproject\env\Lib\site-packages\django\contrib\admin\__init__.py first seen with mtime 1742890063.2892303
File C:\Users\HP\Desktop\easetalkproject\env\Lib\site-packages\django\db\backends\signals.py first seen with mtime 1742890069.4282622
File C:\Users\HP\Desktop\easetalkproject\env\Lib\site-packages\twisted\python\runtime.py first seen with mtime 1742980032.699407
File C:\Users\HP\AppData\Local\Programs\Python\Python312\Lib\dis.py first seen with mtime 1733288252.0
File C:\Users\HP\Desktop\easetalkproject\env\Lib\site-packages\autobahn\__init__.py first seen with mtime 1742980079.0041625
File C:\Users\HP\AppData\Local\Programs\Python\Python312\Lib\reprlib.py first seen with mtime 1733288252.0
File C:\Users\HP\Desktop\easetalkproject\env\Lib\site-packages\cryptography\x509\oid.py first seen with mtime 1742980075.5143783
File C:\Users\HP\Desktop\easetalkproject\env\Lib\site-packages\django\contrib\auth\password_validation.py first seen with mtime 1742890064.8381755
File C:\Users\HP\Desktop\easetalkproject\env\Lib\site-packages\django\db\models\fields\mixins.py first seen with mtime 1742890069.6462638
File C:\Users\HP\Desktop\easetalkproject\env\Lib\site-packages\twisted\_threads\_convenience.py first seen with mtime 1742980031.3677068
File C:\Users\HP\Desktop\easetalkproject\env\Lib\site-packages\twisted\internet\endpoints.py first seen with mtime 1742980031.794503
File C:\Users\HP\AppData\Local\Programs\Python\Python312\Lib\zipfile\__init__.py first seen with mtime 1733288254.0
File C:\Users\HP\Desktop\easetalkproject\env\Lib\site-packages\django\contrib\contenttypes\checks.py first seen with mtime 1742890065.2639885
File C:\Users\HP\Desktop\easetalkproject\env\Lib\site-packages\django\core\cache\backends\locmem.py first seen with mtime 1742890069.2446396
File C:\Users\HP\AppData\Local\Programs\Python\Python312\Lib\enum.py first seen with mtime 1733288252.0
File C:\Users\HP\Desktop\easetalkproject\env\Lib\site-packages\django\template\context.py first seen with mtime 1742890069.869456
File C:\Users\HP\Desktop\easetalkproject\env\Lib\site-packages\django\utils\cache.py first seen with mtime 1742890069.943614
File C:\Users\HP\Desktop\easetalkproject\env\Lib\site-packages\twisted\internet\_producer_helpers.py first seen with mtime 1742980031.7598832
File C:\Users\HP\AppData\Local\Programs\Python\Python312\Lib\urllib\parse.py first seen with mtime 1733288254.0
File C:\Users\HP\AppData\Local\Programs\Python\Python312\Lib\functools.py first seen with mtime 1733288252.0
File C:\Users\HP\AppData\Local\Programs\Python\Python312\Lib\base64.py first seen with mtime 1733288252.0
File C:\Users\HP\Desktop\easetalkproject\env\Lib\site-packages\django\db\models\functions\math.py first seen with mtime 1742890069.6657956
File C:\Users\HP\Desktop\easetalkproject\env\Lib\site-packages\django\db\backends\mysql\schema.py first seen with mtime 1742890069.4982243
File C:\Users\HP\Desktop\easetalkproject\env\Lib\site-packages\twisted\protocols\basic.py first seen with mtime 1742980032.5871956
File C:\Users\HP\Desktop\easetalkproject\env\Lib\site-packages\cryptography\hazmat\primitives\asymmetric\utils.py first seen with mtime 1742980075.4169142
File C:\Users\HP\Desktop\easetalkproject\env\Lib\site-packages\cryptography\hazmat\bindings\__init__.py first seen with mtime 1742980075.3844774
File C:\Users\HP\AppData\Local\Programs\Python\Python312\DLLs\_lzma.pyd first seen with mtime 1733288284.0
File C:\Users\HP\AppData\Local\Programs\Python\Python312\Lib\decimal.py first seen with mtime 1733288252.0
File C:\Users\HP\AppData\Local\Programs\Python\Python312\Lib\json\decoder.py first seen with mtime 1733288252.0
File C:\Users\HP\Desktop\easetalkproject\env\Lib\site-packages\asgiref\local.py first seen with mtime 1742890061.937279
File C:\Users\HP\Desktop\easetalkproject\env\Lib\site-packages\attr\_version_info.py first seen with mtime 1742980019.401235
File C:\Users\HP\Desktop\easetalkproject\env\Lib\site-packages\django\contrib\admin\checks.py first seen with mtime 1742890063.2942574
File C:\Users\HP\AppData\Local\Programs\Python\Python312\Lib\importlib\metadata\_text.py first seen with mtime 1733288252.0
File C:\Users\HP\Desktop\easetalkproject\env\Lib\site-packages\cryptography\hazmat\primitives\asymmetric\ed448.py first seen with mtime 1742980075.4053528
File C:\Users\HP\AppData\Local\Programs\Python\Python312\Lib\getpass.py first seen with mtime 1733288252.0
File C:\Users\HP\Desktop\easetalkproject\env\Lib\site-packages\pyasn1\type\__init__.py first seen with mtime 1742980016.0829186
File C:\Users\HP\Desktop\easetalkproject\env\Lib\site-packages\django\template\loaders\app_directories.py first seen with mtime 1742890069.9008932
File C:\Users\HP\Desktop\easetalkproject\env\Lib\site-packages\MySQLdb\constants\FIELD_TYPE.py first seen with mtime 1742891595.9515266
File C:\Users\HP\Desktop\easetalkproject\easetalkprojectapp\anonymous\views.py first seen with mtime 1742909236.3925617
File C:\Users\HP\Desktop\easetalkproject\env\Lib\site-packages\attrs\converters.py first seen with mtime 1742980019.425982
File C:\Users\HP\Desktop\easetalkproject\env\Lib\site-packages\django\db\migrations\state.py first seen with mtime 1742890069.5931041
File C:\Users\HP\Desktop\easetalkproject\env\Lib\site-packages\zope\interface\__init__.py first seen with mtime 1742980020.1894417
File C:\Users\HP\AppData\Local\Programs\Python\Python312\DLLs\pyexpat.pyd first seen with mtime 1733288284.0
File C:\Users\HP\Desktop\easetalkproject\env\Lib\site-packages\django\template\backends\__init__.py first seen with mtime 1742890069.8853796
File C:\Users\HP\Desktop\easetalkproject\env\Lib\site-packages\django\contrib\messages\storage\base.py first seen with mtime 1742890067.298851
File C:\Users\HP\Desktop\easetalkproject\env\Lib\site-packages\twisted\python\systemd.py first seen with mtime 1742980032.7045376
File C:\Users\HP\Desktop\easetalkproject\env\Lib\site-packages\django\contrib\sessions\models.py first seen with mtime 1742890068.2948487
File C:\Users\HP\AppData\Local\Programs\Python\Python312\Lib\typing.py first seen with mtime 1733288254.0
File C:\Users\HP\Desktop\easetalkproject\env\Lib\site-packages\django\contrib\auth\apps.py first seen with mtime 1742890064.8205292
File C:\Users\HP\AppData\Local\Programs\Python\Python312\Lib\asyncio\base_subprocess.py first seen with mtime 1733288252.0
File C:\Users\HP\Desktop\easetalkproject\env\Lib\site-packages\twisted\internet\asyncioreactor.py first seen with mtime 1742980031.7810366
File C:\Users\HP\Desktop\easetalkproject\env\Lib\site-packages\cryptography\hazmat\primitives\asymmetric\x448.py first seen with mtime 1742980075.4228265
File C:\Users\HP\Desktop\easetalkproject\env\Lib\site-packages\django\core\servers\__init__.py first seen with mtime 1742890069.418075
File C:\Users\HP\AppData\Local\Programs\Python\Python312\Lib\collections\abc.py first seen with mtime 1733288252.0
File C:\Users\HP\Desktop\easetalkproject\env\Lib\site-packages\twisted\python\__init__.py first seen with mtime 1742980032.6494431
File C:\Users\HP\Desktop\easetalkproject\env\Lib\site-packages\cryptography\hazmat\primitives\ciphers\modes.py first seen with mtime 1742980075.4356575
File C:\Users\HP\Desktop\easetalkproject\env\Lib\site-packages\asgiref\__init__.py first seen with mtime 1742890061.931669
File C:\Users\HP\Desktop\easetalkproject\env\Lib\site-packages\django\utils\hashable.py first seen with mtime 1742890069.9625187
File C:\Users\HP\AppData\Local\Programs\Python\Python312\Lib\asyncio\events.py first seen with mtime 1733288252.0
File C:\Users\HP\AppData\Local\Programs\Python\Python312\Lib\email\generator.py first seen with mtime 1733288252.0
File C:\Users\HP\Desktop\easetalkproject\env\Lib\site-packages\sqlparse\filters\output.py first seen with mtime 1742890061.0171895
File C:\Users\HP\Desktop\easetalkproject\env\Lib\site-packages\sqlparse\lexer.py first seen with mtime 1742890060.999081
File C:\Users\HP\Desktop\easetalkproject\env\Lib\site-packages\PIL\_util.py first seen with mtime 1742893564.6248283
File C:\Users\HP\AppData\Local\Programs\Python\Python312\Lib\_weakrefset.py first seen with mtime 1733288252.0
File C:\Users\HP\Desktop\easetalkproject\env\Lib\site-packages\autobahn\twisted\wamp.py first seen with mtime 1742980079.0953524
File C:\Users\HP\Desktop\easetalkproject\env\Lib\site-packages\channels\apps.py first seen with mtime 1742980029.4212842
File C:\Users\HP\Desktop\easetalkproject\env\Lib\site-packages\twisted\protocols\__init__.py first seen with mtime 1742980032.5841992
File C:\Users\HP\Desktop\easetalkproject\env\Lib\site-packages\autobahn\twisted\rawsocket.py first seen with mtime 1742980079.0877078
File C:\Users\HP\Desktop\easetalkproject\env\Lib\site-packages\autobahn\websocket\types.py first seen with mtime 1742980079.3484266
File C:\Users\HP\AppData\Local\Programs\Python\Python312\Lib\ctypes\_endian.py first seen with mtime 1733288252.0
File C:\Users\HP\Desktop\easetalkproject\env\Lib\site-packages\openid\store\interface.py first seen with mtime 1743156277.9716494
File C:\Users\HP\Desktop\easetalkproject\env\Lib\site-packages\django\contrib\sites\shortcuts.py first seen with mtime 1742890068.7705667
File C:\Users\HP\Desktop\easetalkproject\env\Lib\site-packages\django\db\migrations\utils.py first seen with mtime 1742890069.5956254
File C:\Users\HP\Desktop\easetalkproject\env\Lib\site-packages\requests\_internal_utils.py first seen with mtime 1743156277.1000042
File C:\Users\HP\Desktop\easetalkproject\env\Lib\site-packages\urllib3\util\connection.py first seen with mtime 1743156270.4354727
File C:\Users\HP\Desktop\easetalkproject\env\Lib\site-packages\autobahn\websocket\compress_bzip2.py first seen with mtime 1742980079.3366356
File C:\Users\HP\AppData\Local\Programs\Python\Python312\Lib\wsgiref\handlers.py first seen with mtime 1733288254.0
File C:\Users\HP\AppData\Local\Programs\Python\Python312\Lib\heapq.py first seen with mtime 1733288252.0
File C:\Users\HP\AppData\Local\Programs\Python\Python312\Lib\nturl2path.py first seen with mtime 1733288252.0
File C:\Users\HP\Desktop\easetalkproject\env\Lib\site-packages\django\conf\urls\__init__.py first seen with mtime 1742890063.2841113
File C:\Users\HP\Desktop\easetalkproject\env\Lib\site-packages\MySQLdb\_exceptions.py first seen with mtime 1742891595.9129608
File C:\Users\HP\AppData\Local\Programs\Python\Python312\Lib\http\server.py first seen with mtime 1733288252.0
File C:\Users\HP\Desktop\easetalkproject\env\Lib\site-packages\pyasn1\debug.py first seen with mtime 1742980016.0452592
File C:\Users\HP\AppData\Local\Programs\Python\Python312\Lib\asyncio\coroutines.py first seen with mtime 1733288252.0
File C:\Users\HP\Desktop\easetalkproject\env\Lib\site-packages\django\utils\lorem_ipsum.py first seen with mtime 1742890069.9701376
File C:\Users\HP\Desktop\easetalkproject\env\Lib\site-packages\sqlparse\engine\filter_stack.py first seen with mtime 1742890061.0105133
File C:\Users\HP\Desktop\easetalkproject\env\Lib\site-packages\django\core\files\locks.py first seen with mtime 1742890069.2804928
File C:\Users\HP\AppData\Local\Programs\Python\Python312\Lib\importlib\resources\_legacy.py first seen with mtime 1733288252.0
File C:\Users\HP\Desktop\easetalkproject\env\Lib\site-packages\urllib3\util\retry.py first seen with mtime 1743156270.4482162
File C:\Users\HP\Desktop\easetalkproject\env\Lib\site-packages\social_django\apps.py first seen with mtime 1743156294.8025918
File C:\Users\HP\Desktop\easetalkproject\env\Lib\site-packages\twisted\python\compat.py first seen with mtime 1742980032.6644902
File C:\Users\HP\Desktop\easetalkproject\env\Lib\site-packages\django\db\models\sql\constants.py first seen with mtime 1742890069.676671
File C:\Users\HP\Desktop\easetalkproject\env\Lib\site-packages\twisted\python\_tzhelper.py first seen with mtime 1742980032.6595373
File C:\Users\HP\Desktop\easetalkproject\env\Lib\site-packages\django\contrib\admin\templatetags\admin_modify.py first seen with mtime 1742890064.3610919
File C:\Users\HP\Desktop\easetalkproject\env\Lib\site-packages\django\core\checks\model_checks.py first seen with mtime 1742890069.2592547
File C:\Users\HP\Desktop\easetalkproject\env\Lib\site-packages\django\utils\http.py first seen with mtime 1742890069.9655373
File C:\Users\HP\Desktop\easetalkproject\env\Lib\site-packages\django\contrib\admin\templatetags\__init__.py first seen with mtime 1742890064.3562531
File C:\Users\HP\AppData\Local\Programs\Python\Python312\Lib\inspect.py first seen with mtime 1733288252.0
File C:\Users\HP\Desktop\easetalkproject\env\Lib\site-packages\django\core\checks\urls.py first seen with mtime 1742890069.2653625
File C:\Users\HP\Desktop\easetalkproject\env\Lib\site-packages\autobahn\wamp\uri.py first seen with mtime 1742980079.1575508
File C:\Users\HP\Desktop\easetalkproject\env\Lib\site-packages\cryptography\x509\extensions.py first seen with mtime 1742980075.5042224
File C:\Users\HP\Desktop\easetalkproject\env\Lib\site-packages\django\utils\inspect.py first seen with mtime 1742890069.9655373
File C:\Users\HP\AppData\Local\Programs\Python\Python312\Lib\html\entities.py first seen with mtime 1733288252.0
File C:\Users\HP\Desktop\easetalkproject\env\Lib\site-packages\autobahn\websocket\__init__.py first seen with mtime 1742980079.3326705
File C:\Users\HP\Desktop\easetalkproject\env\Lib\site-packages\urllib3\_version.py first seen with mtime 1743156270.3931339
File C:\Users\HP\Desktop\easetalkproject\env\Lib\site-packages\twisted\internet\protocol.py first seen with mtime 1742980031.8196259
File C:\Users\HP\Desktop\easetalkproject\env\Lib\site-packages\django\db\backends\mysql\client.py first seen with mtime 1742890069.4786007
File C:\Users\HP\Desktop\easetalkproject\env\Lib\site-packages\incremental\_version.py first seen with mtime 1742980028.3994713
File C:\Users\HP\AppData\Local\Programs\Python\Python312\Lib\importlib\abc.py first seen with mtime 1733288252.0
File C:\Users\HP\Desktop\easetalkproject\env\Lib\site-packages\urllib3\exceptions.py first seen with mtime 1743156270.3953092
File C:\Users\HP\Desktop\easetalkproject\env\Lib\site-packages\django\forms\utils.py first seen with mtime 1742890069.7100978
File C:\Users\HP\Desktop\easetalkproject\env\Lib\site-packages\django\core\cache\__init__.py first seen with mtime 1742890069.2256587
File C:\Users\HP\Desktop\easetalkproject\env\Lib\site-packages\certifi\core.py first seen with mtime 1743156276.986536
File C:\Users\HP\AppData\Local\Programs\Python\Python312\Lib\ctypes\wintypes.py first seen with mtime 1733288252.0
File C:\Users\HP\Desktop\easetalkproject\env\Lib\site-packages\django\utils\formats.py first seen with mtime 1742890069.9611692
File C:\Users\HP\Desktop\easetalkproject\env\Lib\site-packages\attr\_cmp.py first seen with mtime 1742980019.3843892
File C:\Users\HP\Desktop\easetalkproject\env\Lib\site-packages\urllib3\http2\probe.py first seen with mtime 1743156270.4354727
File C:\Users\HP\AppData\Local\Programs\Python\Python312\Lib\keyword.py first seen with mtime 1733288252.0
File C:\Users\HP\Desktop\easetalkproject\env\Lib\site-packages\pyasn1\codec\ber\eoo.py first seen with mtime 1742980016.055255
File C:\Users\HP\Desktop\easetalkproject\env\Lib\site-packages\twisted\logger\__init__.py first seen with mtime 1742980032.2273417
File C:\Users\HP\Desktop\easetalkproject\env\Lib\site-packages\django\contrib\messages\constants.py first seen with mtime 1742890067.2873077
File C:\Users\HP\Desktop\easetalkproject\env\Lib\site-packages\django\db\models\fields\related.py first seen with mtime 1742890069.6508932
File C:\Users\HP\Desktop\easetalkproject\env\Lib\site-packages\django\utils\crypto.py first seen with mtime 1742890069.9455798
File C:\Users\HP\Desktop\easetalkproject\env\Lib\site-packages\twisted\python\failure.py first seen with mtime 1742980032.669809
File C:\Users\HP\AppData\Local\Programs\Python\Python312\Lib\datetime.py first seen with mtime 1733288252.0
File C:\Users\HP\AppData\Local\Programs\Python\Python312\Lib\email\policy.py first seen with mtime 1733288252.0
File C:\Users\HP\Desktop\easetalkproject\env\Lib\site-packages\cryptography\hazmat\primitives\asymmetric\dsa.py first seen with mtime 1742980075.3996599
File C:\Users\HP\Desktop\easetalkproject\env\Lib\site-packages\django\core\files\__init__.py first seen with mtime 1742890069.270491
File C:\Users\HP\Desktop\easetalkproject\env\Lib\site-packages\django\core\paginator.py first seen with mtime 1742890069.218633
File C:\Users\HP\AppData\Local\Programs\Python\Python312\Lib\email\iterators.py first seen with mtime 1733288252.0
File C:\Users\HP\AppData\Local\Programs\Python\Python312\Lib\re\_constants.py first seen with mtime 1733288252.0
File C:\Users\HP\Desktop\easetalkproject\env\Lib\site-packages\django\template\loaders\cached.py first seen with mtime 1742890069.9008932
File C:\Users\HP\Desktop\easetalkproject\env\Lib\site-packages\django\utils\duration.py first seen with mtime 1742890069.9555154
File C:\Users\HP\Desktop\easetalkproject\env\Lib\site-packages\MySQLdb\constants\FLAG.py first seen with mtime 1742891595.9560509
File C:\Users\HP\AppData\Local\Programs\Python\Python312\Lib\encodings\aliases.py first seen with mtime 1733288252.0
File C:\Users\HP\Desktop\easetalkproject\env\Lib\site-packages\social_core\__init__.py first seen with mtime 1743156280.330356
File C:\Users\HP\Desktop\easetalkproject\env\Lib\site-packages\django\contrib\messages\apps.py first seen with mtime 1742890067.2857223
File C:\Users\HP\Desktop\easetalkproject\env\Lib\site-packages\django\contrib\contenttypes\management\__init__.py first seen with mtime 1742890065.7357838
File C:\Users\HP\Desktop\easetalkproject\env\Lib\site-packages\django\views\decorators\cache.py first seen with mtime 1742890070.006719
File C:\Users\HP\Desktop\easetalkproject\env\Lib\site-packages\asgiref\current_thread_executor.py first seen with mtime 1742890061.937279
File C:\Users\HP\Desktop\easetalkproject\env\Lib\site-packages\twisted\plugin.py first seen with mtime 1742980031.3636327
File C:\Users\HP\Desktop\easetalkproject\env\Lib\site-packages\twisted\internet\_multicast.py first seen with mtime 1742980031.7523572
File C:\Users\HP\Desktop\easetalkproject\easetalkprojectapp\therapy\models.py first seen with mtime 1742978372.7688317
File C:\Users\HP\Desktop\easetalkproject\env\Lib\site-packages\django\db\models\fields\__init__.py first seen with mtime 1742890069.639991
File C:\Users\HP\Desktop\easetalkproject\env\Lib\site-packages\cryptography\hazmat\primitives\asymmetric\x25519.py first seen with mtime 1742980075.4169142
File C:\Users\HP\Desktop\easetalkproject\env\Lib\site-packages\service_identity\pyopenssl.py first seen with mtime 1742980078.424848
File C:\Users\HP\Desktop\easetalkproject\env\Lib\site-packages\charset_normalizer\legacy.py first seen with mtime 1743156276.1657684
File C:\Users\HP\Desktop\easetalkproject\env\Lib\site-packages\social_django\views.py first seen with mtime 1743156294.8253589
File C:\Users\HP\Desktop\easetalkproject\env\Lib\site-packages\urllib3\connectionpool.py first seen with mtime 1743156270.3953092
File C:\Users\HP\Desktop\easetalkproject\env\Lib\site-packages\daphne\checks.py first seen with mtime 1742980087.396817
File C:\Users\HP\Desktop\easetalkproject\env\Lib\site-packages\cryptography\x509\verification.py first seen with mtime 1742980075.5143783
File C:\Users\HP\AppData\Local\Programs\Python\Python312\Lib\email\mime\multipart.py first seen with mtime 1733288252.0
File C:\Users\HP\Desktop\easetalkproject\env\Lib\site-packages\django\templatetags\l10n.py first seen with mtime 1742890069.908404
File C:\Users\HP\Desktop\easetalkproject\env\Lib\site-packages\twisted\cred\_digest.py first seen with mtime 1742980031.7045329
File C:\Users\HP\Desktop\easetalkproject\env\Lib\site-packages\autobahn\websocket\utf8validator.py first seen with mtime 1742980079.3484266
File C:\Users\HP\Desktop\easetalkproject\env\Lib\site-packages\django\contrib\admin\actions.py first seen with mtime 1742890063.2892303
File C:\Users\HP\AppData\Local\Programs\Python\Python312\Lib\importlib\metadata\_collections.py first seen with mtime 1733288252.0
File C:\Users\HP\AppData\Local\Programs\Python\Python312\Lib\http\cookies.py first seen with mtime 1733288252.0
File C:\Users\HP\AppData\Local\Programs\Python\Python312\Lib\selectors.py first seen with mtime 1733288252.0
File C:\Users\HP\AppData\Local\Programs\Python\Python312\Lib\asyncio\timeouts.py first seen with mtime 1733288252.0
File C:\Users\HP\Desktop\easetalkproject\easetalkprojectapp\easetalk\views.py first seen with mtime 1743087866.3126905
File C:\Users\HP\Desktop\easetalkproject\env\Lib\site-packages\daphne\management\commands\runserver.py first seen with mtime 1742980087.4145253
File C:\Users\HP\AppData\Local\Programs\Python\Python312\Lib\ipaddress.py first seen with mtime 1733288252.0
File C:\Users\HP\Desktop\easetalkproject\env\Lib\site-packages\social_django\utils.py first seen with mtime 1743156294.823061
File C:\Users\HP\AppData\Local\Programs\Python\Python312\Lib\locale.py first seen with mtime 1733288252.0
File C:\Users\HP\Desktop\easetalkproject\env\Lib\site-packages\cryptography\x509\general_name.py first seen with mtime 1742980075.5092897
File C:\Users\HP\Desktop\easetalkproject\env\Lib\site-packages\django\views\decorators\csrf.py first seen with mtime 1742890070.0107324
File C:\Users\HP\Desktop\easetalkproject\env\Lib\site-packages\twisted\internet\_idna.py first seen with mtime 1742980031.7503147
File C:\Users\HP\Desktop\easetalkproject\env\Lib\site-packages\django\contrib\contenttypes\apps.py first seen with mtime 1742890065.2629507
File C:\Users\HP\Desktop\easetalkproject\env\Lib\site-packages\attrs\exceptions.py first seen with mtime 1742980019.425982
File C:\Users\HP\Desktop\easetalkproject\env\Lib\site-packages\django\db\models\sql\datastructures.py first seen with mtime 1742890069.676671
File C:\Users\HP\Desktop\easetalkproject\env\Lib\site-packages\django\template\exceptions.py first seen with mtime 1742890069.8755434
File C:\Users\HP\AppData\Local\Programs\Python\Python312\Lib\asyncio\base_tasks.py first seen with mtime 1733288252.0
File C:\Users\HP\Desktop\easetalkproject\env\Lib\site-packages\django\apps\__init__.py first seen with mtime 1742890062.4224844
File C:\Users\HP\Desktop\easetalkproject\env\Lib\site-packages\twisted\logger\_global.py first seen with mtime 1742980032.2426414
File C:\Users\HP\Desktop\easetalkproject\env\Lib\site-packages\txaio\_version.py first seen with mtime 1742979998.8043797
File C:\Users\HP\AppData\Local\Programs\Python\Python312\Lib\xml\parsers\expat.py first seen with mtime 1733288254.0
File C:\Users\HP\Desktop\easetalkproject\env\Lib\site-packages\django\core\management\commands\__init__.py first seen with mtime 1742890069.335487
File C:\Users\HP\AppData\Local\Programs\Python\Python312\Lib\importlib\resources\abc.py first seen with mtime 1733288252.0
File C:\Users\HP\AppData\Local\Programs\Python\Python312\Lib\lzma.py first seen with mtime 1733288252.0
File C:\Users\HP\Desktop\easetalkproject\env\Lib\site-packages\twisted\_threads\__init__.py first seen with mtime 1742980031.3677068
File C:\Users\HP\Desktop\easetalkproject\env\Lib\site-packages\twisted\python\util.py first seen with mtime 1742980032.7144184
File C:\Users\HP\Desktop\easetalkproject\env\Lib\site-packages\twisted\__init__.py first seen with mtime 1742980031.3542075
File C:\Users\HP\Desktop\easetalkproject\env\Lib\site-packages\django\apps\registry.py first seen with mtime 1742890062.4259677
File C:\Users\HP\Desktop\easetalkproject\env\Lib\site-packages\MySQLdb\constants\CLIENT.py first seen with mtime 1742891595.9447386
File C:\Users\HP\Desktop\easetalkproject\env\Lib\site-packages\twisted\logger\_observer.py first seen with mtime 1742980032.2596793
File C:\Users\HP\AppData\Local\Programs\Python\Python312\Lib\ctypes\__init__.py first seen with mtime 1733288252.0
File C:\Users\HP\Desktop\easetalkproject\env\Lib\site-packages\twisted\logger\_legacy.py first seen with mtime 1742980032.254624
File C:\Users\HP\Desktop\easetalkproject\env\Lib\site-packages\django\db\migrations\operations\base.py first seen with mtime 1742890069.6008275
File C:\Users\HP\Desktop\easetalkproject\env\Lib\site-packages\requests\auth.py first seen with mtime 1743156277.107064
File C:\Users\HP\Desktop\easetalkproject\env\Lib\site-packages\urllib3\connection.py first seen with mtime 1743156270.3953092
File C:\Users\HP\Desktop\easetalkproject\env\Lib\site-packages\django\db\utils.py first seen with mtime 1742890069.4267466
File C:\Users\HP\AppData\Local\Programs\Python\Python312\Lib\fnmatch.py first seen with mtime 1733288252.0
File C:\Users\HP\Desktop\easetalkproject\env\Lib\site-packages\django\template\loaders\base.py first seen with mtime 1742890069.9008932
File C:\Users\HP\AppData\Local\Programs\Python\Python312\Lib\asyncio\mixins.py first seen with mtime 1733288252.0
File C:\Users\HP\Desktop\easetalkproject\env\Lib\site-packages\PIL\__init__.py first seen with mtime 1742893564.5194204
File C:\Users\HP\Desktop\easetalkproject\env\Lib\site-packages\django\contrib\auth\__init__.py first seen with mtime 1742890064.815476
File C:\Users\HP\AppData\Local\Programs\Python\Python312\Lib\urllib\request.py first seen with mtime 1733288254.0
File C:\Users\HP\Desktop\easetalkproject\env\Lib\site-packages\django\templatetags\tz.py first seen with mtime 1742890069.908404
File C:\Users\HP\AppData\Local\Programs\Python\Python312\Lib\pickle.py first seen with mtime 1733288252.0
File C:\Users\HP\AppData\Local\Programs\Python\Python312\Lib\pprint.py first seen with mtime 1733288252.0
File C:\Users\HP\Desktop\easetalkproject\env\Lib\site-packages\django\views\generic\base.py first seen with mtime 1742890070.0158582
File C:\Users\HP\AppData\Local\Programs\Python\Python312\Lib\platform.py first seen with mtime 1733288252.0
File C:\Users\HP\AppData\Local\Programs\Python\Python312\Lib\copyreg.py first seen with mtime 1733288252.0
File C:\Users\HP\Desktop\easetalkproject\env\Lib\site-packages\django\core\exceptions.py first seen with mtime 1742890069.218633
File C:\Users\HP\Desktop\easetalkproject\env\Lib\site-packages\pyasn1\codec\der\__init__.py first seen with mtime 1742980016.0646558
File C:\Users\HP\Desktop\easetalkproject\env\Lib\site-packages\urllib3\util\proxy.py first seen with mtime 1743156270.4416444
File C:\Users\HP\Desktop\easetalkproject\env\Lib\site-packages\twisted\logger\_interfaces.py first seen with mtime 1742980032.2505999
File C:\Users\HP\Desktop\easetalkproject\env\Lib\site-packages\django\contrib\sessions\__init__.py first seen with mtime 1742890068.281884
File C:\Users\HP\AppData\Local\Programs\Python\Python312\Lib\difflib.py first seen with mtime 1733288252.0
File C:\Users\HP\Desktop\easetalkproject\env\Lib\site-packages\django\forms\boundfield.py first seen with mtime 1742890069.6978965
File C:\Users\HP\Desktop\easetalkproject\env\Lib\site-packages\django\core\mail\message.py first seen with mtime 1742890069.3135905
File C:\Users\HP\Desktop\easetalkproject\env\Lib\site-packages\django\db\models\query_utils.py first seen with mtime 1742890069.6281292
File C:\Users\HP\Desktop\easetalkproject\env\Lib\site-packages\django\contrib\contenttypes\forms.py first seen with mtime 1742890065.2683668
File C:\Users\HP\Desktop\easetalkproject\env\Lib\site-packages\django\db\models\functions\mixins.py first seen with mtime 1742890069.6684878
File C:\Users\HP\Desktop\easetalkproject\env\Lib\site-packages\django\core\serializers\python.py first seen with mtime 1742890069.4125164
File C:\Users\HP\Desktop\easetalkproject\env\Lib\site-packages\openid\store\__init__.py first seen with mtime 1743156277.965667
File C:\Users\HP\Desktop\easetalkproject\env\Lib\site-packages\requests\adapters.py first seen with mtime 1743156277.1000042
File C:\Users\HP\Desktop\easetalkproject\env\Lib\site-packages\sqlparse\filters\__init__.py first seen with mtime 1742890061.0156372
File C:\Users\HP\Desktop\easetalkproject\env\Lib\site-packages\django\contrib\staticfiles\views.py first seen with mtime 1742890069.2003417
File C:\Users\HP\Desktop\easetalkproject\env\Lib\site-packages\django\contrib\auth\validators.py first seen with mtime 1742890064.8436491
File C:\Users\HP\Desktop\easetalkproject\env\Lib\site-packages\django\db\models\base.py first seen with mtime 1742890069.6107955
File C:\Users\HP\Desktop\easetalkproject\env\Lib\site-packages\django\views\static.py first seen with mtime 1742890070.0001237
File C:\Users\HP\AppData\Local\Programs\Python\Python312\Lib\email\_header_value_parser.py first seen with mtime 1733288252.0
File C:\Users\HP\Desktop\easetalkproject\env\Lib\site-packages\twisted\web\_abnf.py first seen with mtime 1742980033.2083437
File C:\Users\HP\Desktop\easetalkproject\env\Lib\site-packages\sqlparse\__init__.py first seen with mtime 1742890060.9865844
File C:\Users\HP\Desktop\easetalkproject\env\Lib\site-packages\django\template\utils.py first seen with mtime 1742890069.8853796
File C:\Users\HP\AppData\Local\Programs\Python\Python312\Lib\socketserver.py first seen with mtime 1733288252.0
File C:\Users\HP\Desktop\easetalkproject\env\Lib\site-packages\PIL\_typing.py first seen with mtime 1742893564.6204753
File C:\Users\HP\Desktop\easetalkproject\env\Lib\site-packages\attr\setters.py first seen with mtime 1742980019.4153304
File C:\Users\HP\Desktop\easetalkproject\env\Lib\site-packages\cryptography\hazmat\primitives\kdf\pbkdf2.py first seen with mtime 1742980075.4578474
File C:\Users\HP\Desktop\easetalkproject\env\Lib\site-packages\django\core\checks\__init__.py first seen with mtime 1742890069.2482364
File C:\Users\HP\Desktop\easetalkproject\env\Lib\site-packages\zope\interface\_compat.py first seen with mtime 1742980020.1950378
File C:\Users\HP\AppData\Local\Programs\Python\Python312\Lib\asyncio\trsock.py first seen with mtime 1733288252.0
File C:\Users\HP\Desktop\easetalkproject\env\Lib\site-packages\pyasn1\type\namedval.py first seen with mtime 1742980016.0946884
File C:\Users\HP\Desktop\easetalkproject\env\Lib\site-packages\zope\interface\_zope_interface_coptimizations.cp312-win_amd64.pyd first seen with mtime 1742980020.204896
File C:\Users\HP\AppData\Local\Programs\Python\Python312\Lib\_compression.py first seen with mtime 1733288252.0
File C:\Users\HP\AppData\Local\Programs\Python\Python312\Lib\_markupbase.py first seen with mtime 1733288252.0
File C:\Users\HP\Desktop\easetalkproject\env\Lib\site-packages\django\db\models\fields\proxy.py first seen with mtime 1742890069.648737
File C:\Users\HP\Desktop\easetalkproject\env\Lib\site-packages\django\utils\timezone.py first seen with mtime 1742890069.980724
File C:\Users\HP\Desktop\easetalkproject\env\Lib\site-packages\autobahn\twisted\util.py first seen with mtime 1742980079.0877078
File C:\Users\HP\AppData\Local\Programs\Python\Python312\Lib\stringprep.py first seen with mtime 1733288252.0
File C:\Users\HP\Desktop\easetalkproject\env\Lib\site-packages\autobahn\rawsocket\util.py first seen with mtime 1742980079.064098
File C:\Users\HP\Desktop\easetalkproject\env\Lib\site-packages\attrs\validators.py first seen with mtime 1742980019.4342968
File C:\Users\HP\Desktop\easetalkproject\env\Lib\site-packages\django\db\backends\base\schema.py first seen with mtime 1742890069.460756
File C:\Users\HP\Desktop\easetalkproject\env\Lib\site-packages\cryptography\__init__.py first seen with mtime 1742980075.5222201
File C:\Users\HP\Desktop\easetalkproject\env\Lib\site-packages\django\utils\regex_helper.py first seen with mtime 1742890069.9756703
File C:\Users\HP\Desktop\easetalkproject\env\Lib\site-packages\social_core\exceptions.py first seen with mtime 1743156280.3318834
File C:\Users\HP\AppData\Local\Programs\Python\Python312\Lib\importlib\readers.py first seen with mtime 1733288252.0
File C:\Users\HP\AppData\Local\Programs\Python\Python312\Lib\json\encoder.py first seen with mtime 1733288252.0
File C:\Users\HP\Desktop\easetalkproject\env\Lib\site-packages\django\contrib\admin\views\main.py first seen with mtime 1742890064.3704815
File C:\Users\HP\Desktop\easetalkproject\env\Lib\site-packages\django\utils\version.py first seen with mtime 1742890069.984234
File C:\Users\HP\AppData\Local\Programs\Python\Python312\Lib\asyncio\streams.py first seen with mtime 1733288252.0
File C:\Users\HP\Desktop\easetalkproject\env\Lib\site-packages\django\utils\dateparse.py first seen with mtime 1742890069.9482584
File C:\Users\HP\Desktop\easetalkproject\env\Lib\site-packages\django\views\debug.py first seen with mtime 1742890069.9966366
File C:\Users\HP\Desktop\easetalkproject\env\Lib\site-packages\django\urls\utils.py first seen with mtime 1742890069.935372
File C:\Users\HP\AppData\Local\Programs\Python\Python312\Lib\email\errors.py first seen with mtime 1733288252.0
File C:\Users\HP\Desktop\easetalkproject\env\Lib\site-packages\autobahn\wamp\__init__.py first seen with mtime 1742980079.1270487
File C:\Users\HP\AppData\Local\Programs\Python\Python312\Lib\traceback.py first seen with mtime 1733288254.0
File C:\Users\HP\Desktop\easetalkproject\env\Lib\site-packages\urllib3\http2\__init__.py first seen with mtime 1743156270.4309103
File C:\Users\HP\Desktop\easetalkproject\env\Lib\site-packages\django\views\decorators\http.py first seen with mtime 1742890070.0107324
File C:\Users\HP\Desktop\easetalkproject\env\Lib\site-packages\PIL\_binary.py first seen with mtime 1742893564.524873
File C:\Users\HP\AppData\Local\Programs\Python\Python312\Lib\threading.py first seen with mtime 1733288254.0
File C:\Users\HP\Desktop\easetalkproject\easetalkprojectapp\anonymous\forms.py first seen with mtime 1743128463.2311375
File C:\Users\HP\Desktop\easetalkproject\env\Lib\site-packages\twisted\python\components.py first seen with mtime 1742980032.6659422
File C:\Users\HP\Desktop\easetalkproject\env\Lib\site-packages\django\db\backends\base\client.py first seen with mtime 1742890069.4382825
File C:\Users\HP\AppData\Local\Programs\Python\Python312\Lib\email\headerregistry.py first seen with mtime 1733288252.0
File C:\Users\HP\AppData\Local\Programs\Python\Python312\Lib\encodings\idna.py first seen with mtime 1733288252.0
File C:\Users\HP\Desktop\easetalkproject\env\Lib\site-packages\cryptography\hazmat\primitives\constant_time.py first seen with mtime 1742980075.4442537
File C:\Users\HP\Desktop\easetalkproject\env\Lib\site-packages\django\contrib\auth\hashers.py first seen with mtime 1742890064.830599
File C:\Users\HP\Desktop\easetalkproject\env\Lib\site-packages\django\dispatch\__init__.py first seen with mtime 1742890069.6875741
File C:\Users\HP\AppData\Local\Programs\Python\Python312\Lib\bz2.py first seen with mtime 1733288252.0
File C:\Users\HP\Desktop\easetalkproject\env\Lib\site-packages\charset_normalizer\md.cp312-win_amd64.pyd first seen with mtime 1743156276.1657684
File C:\Users\HP\Desktop\easetalkproject\env\Lib\site-packages\pyasn1\type\namedtype.py first seen with mtime 1742980016.0946884
File C:\Users\HP\Desktop\easetalkproject\env\Lib\site-packages\urllib3\fields.py first seen with mtime 1743156270.4003367
File C:\Users\HP\Desktop\easetalkproject\env\Lib\site-packages\django\contrib\auth\base_user.py first seen with mtime 1742890064.8255453
File C:\Users\HP\AppData\Local\Programs\Python\Python312\DLLs\_ctypes.pyd first seen with mtime 1733288284.0
File C:\Users\HP\Desktop\easetalkproject\env\Lib\site-packages\social_django\strategy.py first seen with mtime 1743156294.8192298
File C:\Users\HP\Desktop\easetalkproject\easetalkprojectapp\therapy\forms.py first seen with mtime 1742894264.5979803
File C:\Users\HP\Desktop\easetalkproject\env\Lib\site-packages\django\db\backends\mysql\base.py first seen with mtime 1742890069.4786007
File C:\Users\HP\AppData\Local\Programs\Python\Python312\Lib\zipfile\_path\glob.py first seen with mtime 1733288254.0
File C:\Users\HP\Desktop\easetalkproject\env\Lib\site-packages\django\utils\termcolors.py first seen with mtime 1742890069.9756703
File C:\Users\HP\Desktop\easetalkproject\env\Lib\site-packages\daphne\endpoints.py first seen with mtime 1742980087.4007623
File C:\Users\HP\Desktop\easetalkproject\env\Lib\site-packages\charset_normalizer\version.py first seen with mtime 1743156276.1753623
File C:\Users\HP\Desktop\easetalkproject\env\Lib\site-packages\sqlparse\engine\grouping.py first seen with mtime 1742890061.0105133
File C:\Users\HP\Desktop\easetalkproject\env\Lib\site-packages\django\db\migrations\operations\fields.py first seen with mtime 1742890069.6008275
File C:\Users\HP\Desktop\easetalkproject\env\Lib\site-packages\django\views\generic\__init__.py first seen with mtime 1742890070.0158582
File C:\Users\HP\Desktop\easetalkproject\env\Lib\site-packages\idna\package_data.py first seen with mtime 1742980017.5865622
File C:\Users\HP\Desktop\easetalkproject\env\Lib\site-packages\pyasn1\type\univ.py first seen with mtime 1742980016.1047206
File C:\Users\HP\Desktop\easetalkproject\env\Lib\site-packages\django\db\migrations\operations\models.py first seen with mtime 1742890069.6008275
File C:\Users\HP\AppData\Local\Programs\Python\Python312\DLLs\_queue.pyd first seen with mtime 1733288284.0
File C:\Users\HP\AppData\Local\Programs\Python\Python312\Lib\asyncio\runners.py first seen with mtime 1733288252.0
File C:\Users\HP\Desktop\easetalkproject\env\Lib\site-packages\django\conf\__init__.py first seen with mtime 1742890062.427983
File C:\Users\HP\AppData\Local\Programs\Python\Python312\Lib\operator.py first seen with mtime 1733288252.0
File C:\Users\HP\Desktop\easetalkproject\env\Lib\site-packages\service_identity\__init__.py first seen with mtime 1742980078.4142258
File C:\Users\HP\Desktop\easetalkproject\env\Lib\site-packages\django\core\handlers\__init__.py first seen with mtime 1742890069.3024035
File C:\Users\HP\Desktop\easetalkproject\env\Lib\site-packages\attr\_funcs.py first seen with mtime 1742980019.394051
File C:\Users\HP\Desktop\easetalkproject\env\Lib\site-packages\django\contrib\admin\options.py first seen with mtime 1742890063.3059254
File C:\Users\HP\Desktop\easetalkproject\env\Lib\site-packages\django\db\models\sql\subqueries.py first seen with mtime 1742890069.686175
File C:\Users\HP\Desktop\easetalkproject\env\Lib\site-packages\social_django\managers.py first seen with mtime 1743156294.811048
File C:\Users\HP\Desktop\easetalkproject\env\Lib\site-packages\twisted\python\threadable.py first seen with mtime 1742980032.7045376
File C:\Users\HP\Desktop\easetalkproject\env\Lib\site-packages\MySQLdb\constants\__init__.py first seen with mtime 1742891595.9560509
File C:\Users\HP\AppData\Local\Programs\Python\Python312\Lib\email\contentmanager.py first seen with mtime 1733288252.0
File C:\Users\HP\Desktop\easetalkproject\env\Lib\site-packages\txaio\_util.py first seen with mtime 1742979998.802776
File C:\Users\HP\AppData\Local\Programs\Python\Python312\DLLs\_decimal.pyd first seen with mtime 1733288284.0
File C:\Users\HP\AppData\Local\Programs\Python\Python312\Lib\asyncio\selector_events.py first seen with mtime 1733288252.0
File C:\Users\HP\Desktop\easetalkproject\env\Lib\site-packages\autobahn\wamp\request.py first seen with mtime 1742980079.1496112
File C:\Users\HP\Desktop\easetalkproject\env\Lib\site-packages\django\core\files\temp.py first seen with mtime 1742890069.2804928
File C:\Users\HP\Desktop\easetalkproject\env\Lib\site-packages\sqlparse\filters\others.py first seen with mtime 1742890061.0171895
File C:\Users\HP\Desktop\easetalkproject\env\Lib\site-packages\twisted\python\threadpool.py first seen with mtime 1742980032.709554
File C:\Users\HP\Desktop\easetalkproject\env\Lib\site-packages\django\db\__init__.py first seen with mtime 1742890069.4215353
File C:\Users\HP\AppData\Local\Programs\Python\Python312\Lib\mimetypes.py first seen with mtime 1733288252.0
File C:\Users\HP\Desktop\easetalkproject\env\Lib\site-packages\incremental\__init__.py first seen with mtime 1742980028.3945172
File C:\Users\HP\Desktop\easetalkproject\env\Lib\site-packages\urllib3\poolmanager.py first seen with mtime 1743156270.4028492
File C:\Users\HP\Desktop\easetalkproject\easetalkprojectapp\anonymous\__init__.py first seen with mtime 1742908934.6651933
File C:\Users\HP\Desktop\easetalkproject\env\Lib\site-packages\django\utils\datastructures.py first seen with mtime 1742890069.9482584
File C:\Users\HP\Desktop\easetalkproject\env\Lib\site-packages\django\views\__init__.py first seen with mtime 1742890069.9955764
File C:\Users\HP\Desktop\easetalkproject\env\Lib\site-packages\twisted\internet\_sslverify.py first seen with mtime 1742980031.7698421
File C:\Users\HP\Desktop\easetalkproject\env\Lib\site-packages\django\contrib\auth\signals.py first seen with mtime 1742890064.8381755
File C:\Users\HP\Desktop\easetalkproject\env\Lib\site-packages\attr\converters.py first seen with mtime 1742980019.4053156
File C:\Users\HP\Desktop\easetalkproject\env\Lib\site-packages\django\contrib\admin\decorators.py first seen with mtime 1742890063.2957706
File C:\Users\HP\AppData\Local\Programs\Python\Python312\Lib\importlib\metadata\__init__.py first seen with mtime 1733288252.0
File C:\Users\HP\Desktop\easetalkproject\env\Lib\site-packages\cryptography\hazmat\primitives\ciphers\base.py first seen with mtime 1742980075.4334288
File C:\Users\HP\Desktop\easetalkproject\env\Lib\site-packages\django\core\checks\messages.py first seen with mtime 1742890069.2568643
File C:\Users\HP\Desktop\easetalkproject\env\Lib\site-packages\django\db\models\functions\comparison.py first seen with mtime 1742890069.6607976
File C:\Users\HP\Desktop\easetalkproject\env\Lib\site-packages\urllib3\util\request.py first seen with mtime 1743156270.4455035
File C:\Users\HP\Desktop\easetalkproject\env\Lib\site-packages\django\db\backends\ddl_references.py first seen with mtime 1742890069.4282622
File C:\Users\HP\Desktop\easetalkproject\env\Lib\site-packages\twisted\internet\main.py first seen with mtime 1742980031.815319
File C:\Users\HP\AppData\Local\Programs\Python\Python312\Lib\http\client.py first seen with mtime 1733288252.0
File C:\Users\HP\Desktop\easetalkproject\env\Lib\site-packages\social_core\backends\base.py first seen with mtime 1743156280.3686848
File C:\Users\HP\Desktop\easetalkproject\env\Lib\site-packages\django\core\__init__.py first seen with mtime 1742890069.2168183
File C:\Users\HP\Desktop\easetalkproject\env\Lib\site-packages\twisted\logger\_levels.py first seen with mtime 1742980032.254624
File C:\Users\HP\Desktop\easetalkproject\env\Lib\site-packages\requests\utils.py first seen with mtime 1743156277.1241524
File C:\Users\HP\Desktop\easetalkproject\env\Lib\site-packages\sqlparse\filters\reindent.py first seen with mtime 1742890061.0207007
File C:\Users\HP\Desktop\easetalkproject\env\Lib\site-packages\twisted\logger\_stdlib.py first seen with mtime 1742980032.2606966
File C:\Users\HP\Desktop\easetalkproject\env\Lib\site-packages\django\contrib\admin\widgets.py first seen with mtime 1742890063.3104753
File C:\Users\HP\Desktop\easetalkproject\env\Lib\site-packages\cryptography\hazmat\primitives\asymmetric\padding.py first seen with mtime 1742980075.4107306
File C:\Users\HP\Desktop\easetalkproject\env\Lib\site-packages\autobahn\wamp\message.py first seen with mtime 1742980079.1417644
File C:\Users\HP\Desktop\easetalkproject\env\Lib\site-packages\django\core\cache\backends\base.py first seen with mtime 1742890069.2354436
File C:\Users\HP\Desktop\easetalkproject\env\Lib\site-packages\sqlparse\engine\statement_splitter.py first seen with mtime 1742890061.012108
File C:\Users\HP\Desktop\easetalkproject\env\Lib\site-packages\twisted\internet\posixbase.py first seen with mtime 1742980031.8178408
File C:\Users\HP\Desktop\easetalkproject\env\Lib\site-packages\attr\__init__.py first seen with mtime 1742980019.3843892
File C:\Users\HP\AppData\Local\Programs\Python\Python312\Lib\wsgiref\__init__.py first seen with mtime 1733288254.0
File C:\Users\HP\Desktop\easetalkproject\env\Lib\site-packages\django\utils\dates.py first seen with mtime 1742890069.9482584
File C:\Users\HP\AppData\Local\Programs\Python\Python312\DLLs\_bz2.pyd first seen with mtime 1733288284.0
File C:\Users\HP\Desktop\easetalkproject\env\Lib\site-packages\openid\store\nonce.py first seen with mtime 1743156277.9767325
File C:\Users\HP\Desktop\easetalkproject\env\Lib\site-packages\twisted\python\lockfile.py first seen with mtime 1742980032.6794543
File C:\Users\HP\Desktop\easetalkproject\env\Lib\site-packages\cryptography\hazmat\primitives\asymmetric\ec.py first seen with mtime 1742980075.3996599
File C:\Users\HP\Desktop\easetalkproject\env\Lib\site-packages\txaio\__init__.py first seen with mtime 1742979998.7957358
File C:\Users\HP\Desktop\easetalkproject\env\Lib\site-packages\django\contrib\admin\sites.py first seen with mtime 1742890063.3059254
File C:\Users\HP\Desktop\easetalkproject\env\Lib\site-packages\charset_normalizer\cd.py first seen with mtime 1743156276.1606302
File C:\Users\HP\Desktop\easetalkproject\env\Lib\site-packages\social_core\store.py first seen with mtime 1743156280.3354535
File C:\Users\HP\Desktop\easetalkproject\env\Lib\site-packages\django\db\models\functions\window.py first seen with mtime 1742890069.6721365
File C:\Users\HP\Desktop\easetalkproject\env\Lib\site-packages\django\core\files\storage\memory.py first seen with mtime 1742890069.299452
File C:\Users\HP\AppData\Local\Programs\Python\Python312\Lib\xml\etree\cElementTree.py first seen with mtime 1733288254.0
File C:\Users\HP\AppData\Local\Programs\Python\Python312\Lib\email\parser.py first seen with mtime 1733288252.0
File C:\Users\HP\Desktop\easetalkproject\env\Lib\site-packages\twisted\_threads\_memory.py first seen with mtime 1742980031.3745573
File C:\Users\HP\Desktop\easetalkproject\env\Lib\site-packages\charset_normalizer\__init__.py first seen with mtime 1743156276.1469748
File C:\Users\HP\AppData\Local\Programs\Python\Python312\Lib\re\_parser.py first seen with mtime 1733288252.0
File C:\Users\HP\Desktop\easetalkproject\env\Lib\site-packages\django\db\models\functions\__init__.py first seen with mtime 1742890069.6557422
File C:\Users\HP\AppData\Local\Programs\Python\Python312\Lib\zipfile\_path\__init__.py first seen with mtime 1733288254.0
File C:\Users\HP\AppData\Local\Programs\Python\Python312\Lib\asyncio\protocols.py first seen with mtime 1733288252.0
File C:\Users\HP\Desktop\easetalkproject\env\Lib\site-packages\django\contrib\admin\templatetags\admin_list.py first seen with mtime 1742890064.3562531
File C:\Users\HP\AppData\Local\Programs\Python\Python312\Lib\__future__.py first seen with mtime 1733288252.0
File C:\Users\HP\Desktop\easetalkproject\env\Lib\site-packages\django\core\signing.py first seen with mtime 1742890069.2226439
File C:\Users\HP\Desktop\easetalkproject\env\Lib\site-packages\django\db\backends\mysql\__init__.py first seen with mtime 1742890069.4786007
File C:\Users\HP\Desktop\easetalkproject\env\Lib\site-packages\django\db\models\fields\reverse_related.py first seen with mtime 1742890069.6557422
File C:\Users\HP\Desktop\easetalkproject\env\Lib\site-packages\django\db\models\manager.py first seen with mtime 1742890069.6266122
File C:\Users\HP\Desktop\easetalkproject\env\Lib\site-packages\cryptography\hazmat\primitives\_cipheralgorithm.py first seen with mtime 1742980075.492207
File C:\Users\HP\AppData\Local\Programs\Python\Python312\Lib\email\message.py first seen with mtime 1733288252.0
File C:\Users\HP\Desktop\easetalkproject\env\Lib\site-packages\twisted\_threads\_threadworker.py first seen with mtime 1742980031.3853717
File C:\Users\HP\Desktop\easetalkproject\env\Lib\site-packages\django\core\checks\security\csrf.py first seen with mtime 1742890069.270491
File C:\Users\HP\Desktop\easetalkproject\env\Lib\site-packages\urllib3\util\wait.py first seen with mtime 1743156270.459257
File C:\Users\HP\Desktop\easetalkproject\env\Lib\site-packages\twisted\persisted\styles.py first seen with mtime 1742980032.5177617
File C:\Users\HP\Desktop\easetalkproject\env\Lib\site-packages\twisted\_version.py first seen with mtime 1742980031.3595293
File C:\Users\HP\Desktop\easetalkproject\env\Lib\site-packages\django\db\migrations\migration.py first seen with mtime 1742890069.5843596
File C:\Users\HP\Desktop\easetalkproject\env\Lib\site-packages\openid\oidutil.py first seen with mtime 1743156277.936249
File C:\Users\HP\Desktop\easetalkproject\env\Lib\site-packages\MySQLdb\__init__.py first seen with mtime 1742891595.910877
File C:\Users\HP\Desktop\easetalkproject\env\Lib\site-packages\pyasn1\type\useful.py first seen with mtime 1742980016.1047206
File C:\Users\HP\Desktop\easetalkproject\env\Lib\site-packages\requests\compat.py first seen with mtime 1743156277.107064
File C:\Users\HP\Desktop\easetalkproject\env\Lib\site-packages\requests\exceptions.py first seen with mtime 1743156277.107064
File C:\Users\HP\AppData\Local\Programs\Python\Python312\Lib\importlib\metadata\_functools.py first seen with mtime 1733288252.0
File C:\Users\HP\AppData\Local\Programs\Python\Python312\Lib\zoneinfo\__init__.py first seen with mtime 1733288254.0
File C:\Users\HP\Desktop\easetalkproject\env\Lib\site-packages\django\core\validators.py first seen with mtime 1742890069.2256587
File C:\Users\HP\Desktop\easetalkproject\env\Lib\site-packages\sqlparse\engine\__init__.py first seen with mtime 1742890061.0091217
File C:\Users\HP\Desktop\easetalkproject\env\Lib\site-packages\PIL\ImageMode.py first seen with mtime 1742893564.4383762
File C:\Users\HP\Desktop\easetalkproject\env\Lib\site-packages\cryptography\x509\certificate_transparency.py first seen with mtime 1742980075.5042224
File C:\Users\HP\AppData\Local\Programs\Python\Python312\Lib\asyncio\format_helpers.py first seen with mtime 1733288252.0
File C:\Users\HP\Desktop\easetalkproject\env\Lib\site-packages\cryptography\x509\base.py first seen with mtime 1742980075.5042224
File C:\Users\HP\Desktop\easetalkproject\env\Lib\site-packages\django\core\handlers\base.py first seen with mtime 1742890069.305546
File C:\Users\HP\AppData\Local\Programs\Python\Python312\Lib\asyncio\locks.py first seen with mtime 1733288252.0
File C:\Users\HP\Desktop\easetalkproject\env\Lib\site-packages\django\db\backends\mysql\features.py first seen with mtime 1742890069.4868426
File C:\Users\HP\Desktop\easetalkproject\env\Lib\site-packages\autobahn\twisted\__init__.py first seen with mtime 1742980079.078125
File C:\Users\HP\Desktop\easetalkproject\env\Lib\site-packages\django\core\files\base.py first seen with mtime 1742890069.2768843
File C:\Users\HP\AppData\Local\Programs\Python\Python312\DLLs\_elementtree.pyd first seen with mtime 1733288284.0
File C:\Users\HP\Desktop\easetalkproject\env\Lib\site-packages\charset_normalizer\constant.py first seen with mtime 1743156276.1606302
File C:\Users\HP\Desktop\easetalkproject\easetalkprojectapp\anonymous\urls.py first seen with mtime 1743175224.2730927
File C:\Users\HP\Desktop\easetalkproject\env\Lib\site-packages\cryptography\hazmat\primitives\serialization\__init__.py first seen with mtime 1742980075.4814513
File C:\Users\HP\Desktop\easetalkproject\env\Lib\site-packages\sqlparse\utils.py first seen with mtime 1742890061.0056193
File C:\Users\HP\Desktop\easetalkproject\env\Lib\site-packages\django\core\checks\templates.py first seen with mtime 1742890069.2592547
File C:\Users\HP\Desktop\easetalkproject\env\Lib\site-packages\django\core\mail\utils.py first seen with mtime 1742890069.3156023
File C:\Users\HP\Desktop\easetalkproject\env\Lib\site-packages\django\urls\converters.py first seen with mtime 1742890069.930666
File C:\Users\HP\AppData\Local\Programs\Python\Python312\Lib\pathlib.py first seen with mtime 1733288252.0
File C:\Users\HP\Desktop\easetalkproject\env\Lib\site-packages\django\contrib\staticfiles\apps.py first seen with mtime 1742890069.1858404
File C:\Users\HP\Desktop\easetalkproject\env\Lib\site-packages\service_identity\cryptography.py first seen with mtime 1742980078.4142258
File C:\Users\HP\Desktop\easetalkproject\env\Lib\site-packages\twisted\logger\_file.py first seen with mtime 1742980032.2354991
File C:\Users\HP\AppData\Local\Programs\Python\Python312\Lib\http\__init__.py first seen with mtime 1733288252.0
File C:\Users\HP\Desktop\easetalkproject\env\Lib\site-packages\txaio\_unframework.py first seen with mtime 1742979998.8013618
File C:\Users\HP\Desktop\easetalkproject\env\Lib\site-packages\requests\status_codes.py first seen with mtime 1743156277.1195133
File C:\Users\HP\AppData\Local\Programs\Python\Python312\Lib\wsgiref\simple_server.py first seen with mtime 1733288254.0
File C:\Users\HP\Desktop\easetalkproject\env\Lib\site-packages\cryptography\hazmat\backends\__init__.py first seen with mtime 1742980075.3316038
File C:\Users\HP\AppData\Local\Programs\Python\Python312\Lib\linecache.py first seen with mtime 1733288252.0
File C:\Users\HP\AppData\Local\Programs\Python\Python312\Lib\asyncio\windows_events.py first seen with mtime 1733288252.0
File C:\Users\HP\AppData\Local\Programs\Python\Python312\Lib\zoneinfo\_common.py first seen with mtime 1733288254.0
File C:\Users\HP\Desktop\easetalkproject\env\Lib\site-packages\cryptography\hazmat\primitives\kdf\__init__.py first seen with mtime 1742980075.4659743
File C:\Users\HP\Desktop\easetalkproject\env\Lib\site-packages\django\core\management\color.py first seen with mtime 1742890069.333474
File C:\Users\HP\Desktop\easetalkproject\env\Lib\site-packages\django\contrib\admin\templatetags\base.py first seen with mtime 1742890064.3636343
File C:\Users\HP\AppData\Local\Programs\Python\Python312\Lib\encodings\utf_8.py first seen with mtime 1733288252.0
File C:\Users\HP\Desktop\easetalkproject\env\Lib\site-packages\twisted\web\_responses.py first seen with mtime 1742980033.2189026
File C:\Users\HP\Desktop\easetalkproject\env\Lib\site-packages\django\contrib\staticfiles\handlers.py first seen with mtime 1742890069.190853
File C:\Users\HP\AppData\Local\Programs\Python\Python312\Lib\uuid.py first seen with mtime 1733288254.0
File C:\Users\HP\Desktop\easetalkproject\env\Lib\site-packages\django\utils\connection.py first seen with mtime 1742890069.9455798
File C:\Users\HP\Desktop\easetalkproject\env\Lib\site-packages\cryptography\hazmat\primitives\_serialization.py first seen with mtime 1742980075.4932237
File C:\Users\HP\Desktop\easetalkproject\env\Lib\site-packages\requests\cookies.py first seen with mtime 1743156277.107064
File C:\Users\HP\Desktop\easetalkproject\env\Lib\site-packages\twisted\internet\task.py first seen with mtime 1742980031.8358624
File C:\Users\HP\Desktop\easetalkproject\env\Lib\site-packages\pyasn1\error.py first seen with mtime 1742980016.0473018
File C:\Users\HP\Desktop\easetalkproject\env\Lib\site-packages\django\dispatch\dispatcher.py first seen with mtime 1742890069.6875741
File C:\Users\HP\Desktop\easetalkproject\env\Lib\site-packages\twisted\_threads\_pool.py first seen with mtime 1742980031.3779044
File C:\Users\HP\AppData\Local\Programs\Python\Python312\DLLs\_zoneinfo.pyd first seen with mtime 1733288284.0
File C:\Users\HP\Desktop\easetalkproject\env\Lib\site-packages\twisted\web\http_headers.py first seen with mtime 1742980033.2463837
File C:\Users\HP\Desktop\easetalkproject\env\Lib\site-packages\autobahn\util.py first seen with mtime 1742980079.0170574
File C:\Users\HP\AppData\Local\Programs\Python\Python312\Lib\types.py first seen with mtime 1733288254.0
File C:\Users\HP\Desktop\easetalkproject\env\Lib\site-packages\openid\kvform.py first seen with mtime 1743156277.928107
File C:\Users\HP\Desktop\easetalkproject\env\Lib\site-packages\django\contrib\staticfiles\finders.py first seen with mtime 1742890069.1858404
File C:\Users\HP\Desktop\easetalkproject\env\Lib\site-packages\pyasn1\type\constraint.py first seen with mtime 1742980016.0900483
File C:\Users\HP\Desktop\easetalkproject\env\Lib\site-packages\cryptography\hazmat\primitives\asymmetric\rsa.py first seen with mtime 1742980075.414535
File C:\Users\HP\Desktop\easetalkproject\env\Lib\site-packages\django\core\checks\database.py first seen with mtime 1742890069.2543008
File C:\Users\HP\Desktop\easetalkproject\env\Lib\site-packages\django\db\migrations\__init__.py first seen with mtime 1742890069.5736916
File C:\Users\HP\Desktop\easetalkproject\env\Lib\site-packages\django\utils\dateformat.py first seen with mtime 1742890069.9482584
File C:\Users\HP\Desktop\easetalkproject\env\Lib\site-packages\autobahn\wamp\interfaces.py first seen with mtime 1742980079.1392477
File C:\Users\HP\Desktop\easetalkproject\env\Lib\site-packages\zope\interface\declarations.py first seen with mtime 1742980020.2109315
File C:\Users\HP\Desktop\easetalkproject\env\Lib\site-packages\django\contrib\admin\apps.py first seen with mtime 1742890063.2892303
File C:\Users\HP\Desktop\easetalkproject\env\Lib\site-packages\django\forms\forms.py first seen with mtime 1742890069.6999483
File C:\Users\HP\Desktop\easetalkproject\env\Lib\site-packages\django\http\request.py first seen with mtime 1742890069.8505368
File C:\Users\HP\Desktop\easetalkproject\env\Lib\site-packages\django\core\servers\basehttp.py first seen with mtime 1742890069.4197996
File C:\Users\HP\Desktop\easetalkproject\env\Lib\site-packages\channels\__init__.py first seen with mtime 1742980029.4174569
File C:\Users\HP\AppData\Local\Programs\Python\Python312\Lib\copy.py first seen with mtime 1733288252.0
File C:\Users\HP\AppData\Local\Programs\Python\Python312\Lib\glob.py first seen with mtime 1733288252.0
File C:\Users\HP\AppData\Local\Programs\Python\Python312\Lib\importlib\resources\__init__.py first seen with mtime 1733288252.0
File C:\Users\HP\Desktop\easetalkproject\env\Lib\site-packages\django\db\models\fields\related_lookups.py first seen with mtime 1742890069.6557422
File C:\Users\HP\Desktop\easetalkproject\env\Lib\site-packages\django\template\library.py first seen with mtime 1742890069.8783696
File C:\Users\HP\Desktop\easetalkproject\env\Lib\site-packages\django\urls\__init__.py first seen with mtime 1742890069.9256015
File C:\Users\HP\Desktop\easetalkproject\env\Lib\site-packages\django\db\backends\__init__.py first seen with mtime 1742890069.4282622
File C:\Users\HP\AppData\Local\Programs\Python\Python312\Lib\contextlib.py first seen with mtime 1733288252.0
File C:\Users\HP\Desktop\easetalkproject\env\Lib\site-packages\django\__init__.py first seen with mtime 1742890062.418586
File C:\Users\HP\AppData\Local\Programs\Python\Python312\Lib\importlib\metadata\_itertools.py first seen with mtime 1733288252.0
File C:\Users\HP\AppData\Local\Programs\Python\Python312\DLLs\_overlapped.pyd first seen with mtime 1733288284.0
File C:\Users\HP\Desktop\easetalkproject\env\Lib\site-packages\django\contrib\contenttypes\models.py first seen with mtime 1742890065.2683668
File C:\Users\HP\Desktop\easetalkproject\easetalkprojectapp\manage.py first seen with mtime 1742890167.7817793
File C:\Users\HP\Desktop\easetalkproject\env\Lib\site-packages\django\contrib\admin\templatetags\admin_urls.py first seen with mtime 1742890064.3623512
File C:\Users\HP\Desktop\easetalkproject\env\Lib\site-packages\twisted\application\service.py first seen with mtime 1742980031.4095004
File C:\Users\HP\Desktop\easetalkproject\env\Lib\site-packages\django\template\backends\base.py first seen with mtime 1742890069.8853796
File C:\Users\HP\Desktop\easetalkproject\env\Lib\site-packages\autobahn\websocket\compress_base.py first seen with mtime 1742980079.3341827
File C:\Users\HP\Desktop\easetalkproject\env\Lib\site-packages\django\contrib\messages\__init__.py first seen with mtime 1742890067.2827764
File C:\Users\HP\AppData\Local\Programs\Python\Python312\Lib\string.py first seen with mtime 1733288252.0
File C:\Users\HP\Desktop\easetalkproject\env\Lib\site-packages\django\db\models\lookups.py first seen with mtime 1742890069.6255274
File C:\Users\HP\Desktop\easetalkproject\env\Lib\site-packages\django\urls\resolvers.py first seen with mtime 1742890069.9343617
File C:\Users\HP\AppData\Local\Programs\Python\Python312\Lib\asyncio\windows_utils.py first seen with mtime 1733288252.0
File C:\Users\HP\Desktop\easetalkproject\env\Lib\site-packages\django\views\decorators\__init__.py first seen with mtime 1742890070.0001237
File C:\Users\HP\Desktop\easetalkproject\env\Lib\site-packages\twisted\application\__init__.py first seen with mtime 1742980031.4010193
File C:\Users\HP\Desktop\easetalkproject\env\Lib\site-packages\django\core\files\images.py first seen with mtime 1742890069.2768843
File C:\Users\HP\Desktop\easetalkproject\env\Lib\site-packages\django\utils\timesince.py first seen with mtime 1742890069.980724
File C:\Users\HP\Desktop\easetalkproject\env\Lib\site-packages\django\core\checks\translation.py first seen with mtime 1742890069.2643502
File C:\Users\HP\Desktop\easetalkproject\env\Lib\site-packages\django\templatetags\i18n.py first seen with mtime 1742890069.908404
File C:\Users\HP\Desktop\easetalkproject\env\Lib\site-packages\autobahn\websocket\util.py first seen with mtime 1742980079.3484266
File C:\Users\HP\Desktop\easetalkproject\easetalkprojectapp\easetalk\__init__.py first seen with mtime 1742890230.3474534
File C:\Users\HP\Desktop\easetalkproject\env\Lib\site-packages\OpenSSL\version.py first seen with mtime 1742980078.6344938
File C:\Users\HP\Desktop\easetalkproject\env\Lib\site-packages\django\db\models\constants.py first seen with mtime 1742890069.6120923
File C:\Users\HP\Desktop\easetalkproject\env\Lib\site-packages\django\urls\exceptions.py first seen with mtime 1742890069.9324648
File C:\Users\HP\AppData\Local\Programs\Python\Python312\DLLs\_ssl.pyd first seen with mtime 1733288284.0
File C:\Users\HP\Desktop\easetalkproject\env\Lib\site-packages\django\forms\renderers.py first seen with mtime 1742890069.7073557
File C:\Users\HP\Desktop\easetalkproject\env\Lib\site-packages\openid\message.py first seen with mtime 1743156277.9346669
File C:\Users\HP\AppData\Local\Programs\Python\Python312\Lib\email\__init__.py first seen with mtime 1733288252.0
File C:\Users\HP\Desktop\easetalkproject\env\Lib\site-packages\requests\structures.py first seen with mtime 1743156277.1220903
File C:\Users\HP\Desktop\easetalkproject\env\Lib\site-packages\django\contrib\auth\admin.py first seen with mtime 1742890064.8205292
File C:\Users\HP\Desktop\easetalkproject\env\Lib\site-packages\hyperlink\_socket.py first seen with mtime 1742980028.728443
File C:\Users\HP\AppData\Local\Programs\Python\Python312\Lib\concurrent\futures\thread.py first seen with mtime 1733288252.0
File C:\Users\HP\Desktop\easetalkproject\env\Lib\site-packages\django\db\backends\base\__init__.py first seen with mtime 1742890069.4366534
File C:\Users\HP\Desktop\easetalkproject\env\Lib\site-packages\django\core\wsgi.py first seen with mtime 1742890069.2256587
File C:\Users\HP\Desktop\easetalkproject\env\Lib\site-packages\pyasn1\compat\__init__.py first seen with mtime 1742980016.0776155
File C:\Users\HP\Desktop\easetalkproject\env\Lib\site-packages\social_django\urls.py first seen with mtime 1743156294.8215008
File C:\Users\HP\Desktop\easetalkproject\env\Lib\site-packages\openid\association.py first seen with mtime 1743156277.92205
File C:\Users\HP\Desktop\easetalkproject\env\Lib\site-packages\social_core\pipeline\utils.py first seen with mtime 1743156280.7178936
File C:\Users\HP\Desktop\easetalkproject\env\Lib\site-packages\requests\hooks.py first seen with mtime 1743156277.107064
File C:\Users\HP\AppData\Local\Programs\Python\Python312\Lib\textwrap.py first seen with mtime 1733288254.0
File C:\Users\HP\Desktop\easetalkproject\env\Lib\site-packages\django\core\mail\__init__.py first seen with mtime 1742890069.310292
File C:\Users\HP\Desktop\easetalkproject\env\Lib\site-packages\PIL\_version.py first seen with mtime 1742893564.6248283
File C:\Users\HP\Desktop\easetalkproject\env\Lib\site-packages\django\utils\_os.py first seen with mtime 1742890069.9374342
File C:\Users\HP\Desktop\easetalkproject\env\Lib\site-packages\django\db\backends\mysql\operations.py first seen with mtime 1742890069.4954014
File C:\Users\HP\Desktop\easetalkproject\env\Lib\site-packages\attrs\filters.py first seen with mtime 1742980019.4284267
File C:\Users\HP\Desktop\easetalkproject\env\Lib\site-packages\django\core\checks\compatibility\__init__.py first seen with mtime 1742890069.266476
File C:\Users\HP\AppData\Local\Programs\Python\Python312\Lib\encodings\charmap.py first seen with mtime 1733288252.0
File C:\Users\HP\Desktop\easetalkproject\easetalkprojectapp\therapy\__init__.py first seen with mtime 1742892334.1457758
File C:\Users\HP\AppData\Local\Programs\Python\Python312\Lib\gettext.py first seen with mtime 1733288252.0
File C:\Users\HP\AppData\Local\Programs\Python\Python312\Lib\html\__init__.py first seen with mtime 1733288252.0
File C:\Users\HP\Desktop\easetalkproject\env\Lib\site-packages\django\contrib\contenttypes\admin.py first seen with mtime 1742890065.2602584
File C:\Users\HP\Desktop\easetalkproject\env\Lib\site-packages\django\contrib\auth\forms.py first seen with mtime 1742890064.830599
File C:\Users\HP\Desktop\easetalkproject\env\Lib\site-packages\autobahn\wamp\exception.py first seen with mtime 1742980079.1375737
File C:\Users\HP\Desktop\easetalkproject\env\Lib\site-packages\cryptography\hazmat\decrepit\__init__.py first seen with mtime 1742980075.38869
File C:\Users\HP\Desktop\easetalkproject\env\Lib\site-packages\pyasn1\type\error.py first seen with mtime 1742980016.093176
File C:\Users\HP\Desktop\easetalkproject\env\Lib\site-packages\django\utils\ipv6.py first seen with mtime 1742890069.9655373
File C:\Users\HP\AppData\Local\Programs\Python\Python312\Lib\numbers.py first seen with mtime 1733288252.0
File C:\Users\HP\Desktop\easetalkproject\env\Lib\site-packages\django\views\decorators\common.py first seen with mtime 1742890070.006719
File C:\Users\HP\Desktop\easetalkproject\env\Lib\site-packages\twisted\persisted\__init__.py first seen with mtime 1742980032.4963331
File C:\Users\HP\Desktop\easetalkproject\env\Lib\site-packages\django\core\handlers\wsgi.py first seen with mtime 1742890069.3081071
File C:\Users\HP\Desktop\easetalkproject\env\Lib\site-packages\django\middleware\http.py first seen with mtime 1742890069.8585582
File C:\Users\HP\Desktop\easetalkproject\env\Lib\site-packages\django\db\models\__init__.py first seen with mtime 1742890069.605846
File C:\Users\HP\Desktop\easetalkproject\env\Lib\site-packages\django\contrib\sites\requests.py first seen with mtime 1742890068.7705667
File C:\Users\HP\AppData\Local\Programs\Python\Python312\Lib\encodings\cp1252.py first seen with mtime 1733288252.0
File C:\Users\HP\Desktop\easetalkproject\env\Lib\site-packages\PIL\_imaging.cp312-win_amd64.pyd first seen with mtime 1742893564.5603378
File C:\Users\HP\AppData\Local\Programs\Python\Python312\Lib\graphlib.py first seen with mtime 1733288252.0
File C:\Users\HP\Desktop\easetalkproject\env\Lib\site-packages\twisted\logger\_logger.py first seen with mtime 1742980032.254624
File C:\Users\HP\AppData\Local\Programs\Python\Python312\Lib\email\utils.py first seen with mtime 1733288252.0
File C:\Users\HP\Desktop\easetalkproject\env\Lib\site-packages\django\db\backends\mysql\validation.py first seen with mtime 1742890069.4982243
File C:\Users\HP\Desktop\easetalkproject\env\Lib\site-packages\twisted\python\win32.py first seen with mtime 1742980032.7220755
File C:\Users\HP\Desktop\easetalkproject\env\Lib\site-packages\django\core\checks\registry.py first seen with mtime 1742890069.2592547
File C:\Users\HP\Desktop\easetalkproject\env\Lib\site-packages\twisted\web\iweb.py first seen with mtime 1742980033.254395
File C:\Users\HP\Desktop\easetalkproject\env\Lib\site-packages\txaio\_common.py first seen with mtime 1742979998.7957358
File C:\Users\HP\AppData\Local\Programs\Python\Python312\Lib\html\parser.py first seen with mtime 1733288252.0
File C:\Users\HP\Desktop\easetalkproject\env\Lib\site-packages\django\template\loader.py first seen with mtime 1742890069.8783696
File C:\Users\HP\Desktop\easetalkproject\easetalkprojectapp\anonymous\models.py first seen with mtime 1742908934.6600065
File C:\Users\HP\Desktop\easetalkproject\env\Lib\site-packages\django\contrib\admin\utils.py first seen with mtime 1742890063.3104753
File C:\Users\HP\Desktop\easetalkproject\env\Lib\site-packages\idna\core.py first seen with mtime 1742980017.5814147
File C:\Users\HP\Desktop\easetalkproject\env\Lib\site-packages\twisted\internet\defer.py first seen with mtime 1742980031.7914689
File C:\Users\HP\Desktop\easetalkproject\env\Lib\site-packages\django\contrib\auth\management\__init__.py first seen with mtime 1742890065.2316997
File C:\Users\HP\Desktop\easetalkproject\env\Lib\site-packages\cryptography\x509\__init__.py first seen with mtime 1742980075.519401
File C:\Users\HP\Desktop\easetalkproject\env\Lib\site-packages\cryptography\hazmat\primitives\ciphers\__init__.py first seen with mtime 1742980075.4371386
File C:\Users\HP\Desktop\easetalkproject\env\Lib\site-packages\django\shortcuts.py first seen with mtime 1742890062.4197903
File C:\Users\HP\Desktop\easetalkproject\env\Lib\site-packages\cryptography\hazmat\primitives\_asymmetric.py first seen with mtime 1742980075.4909368
File C:\Users\HP\Desktop\easetalkproject\env\Lib\site-packages\django\utils\__init__.py first seen with mtime 1742890069.9364247
File C:\Users\HP\AppData\Local\Programs\Python\Python312\Lib\email\mime\base.py first seen with mtime 1733288252.0
File C:\Users\HP\Desktop\easetalkproject\easetalkprojectapp\therapy\urls.py first seen with mtime 1743158450.973968
File C:\Users\HP\Desktop\easetalkproject\env\Lib\site-packages\cryptography\hazmat\primitives\asymmetric\__init__.py first seen with mtime 1742980075.4259295
File C:\Users\HP\Desktop\easetalkproject\env\Lib\site-packages\daphne\management\commands\__init__.py first seen with mtime 1742980087.4119487
File C:\Users\HP\Desktop\easetalkproject\env\Lib\site-packages\django\db\backends\mysql\introspection.py first seen with mtime 1742890069.4928882
File C:\Users\HP\AppData\Local\Programs\Python\Python312\Lib\email\_parseaddr.py first seen with mtime 1733288252.0
File C:\Users\HP\AppData\Local\Programs\Python\Python312\Lib\hashlib.py first seen with mtime 1733288252.0
File C:\Users\HP\Desktop\easetalkproject\env\Lib\site-packages\django\db\migrations\operations\special.py first seen with mtime 1742890069.6038377
File C:\Users\HP\AppData\Local\Programs\Python\Python312\Lib\asyncio\transports.py first seen with mtime 1733288252.0
File C:\Users\HP\Desktop\easetalkproject\easetalkprojectapp\easetalk\urls.py first seen with mtime 1742989273.8232784
File C:\Users\HP\Desktop\easetalkproject\env\Lib\site-packages\django\http\multipartparser.py first seen with mtime 1742890069.845488
File C:\Users\HP\AppData\Local\Programs\Python\Python312\Lib\quopri.py first seen with mtime 1733288252.0
File C:\Users\HP\Desktop\easetalkproject\env\Lib\site-packages\autobahn\wamp\websocket.py first seen with mtime 1742980079.1588142
File C:\Users\HP\Desktop\easetalkproject\env\Lib\site-packages\requests\__init__.py first seen with mtime 1743156277.0984554
File C:\Users\HP\Desktop\easetalkproject\env\Lib\site-packages\autobahn\wamp\auth.py first seen with mtime 1742980079.1270487
File C:\Users\HP\Desktop\easetalkproject\env\Lib\site-packages\requests\certs.py first seen with mtime 1743156277.107064
File C:\Users\HP\Desktop\easetalkproject\env\Lib\site-packages\asgiref\sync.py first seen with mtime 1742890061.937279
File C:\Users\HP\Desktop\easetalkproject\env\Lib\site-packages\django\utils\translation\reloader.py first seen with mtime 1742890069.9858189
File C:\Users\HP\AppData\Local\Programs\Python\Python312\Lib\email\_encoded_words.py first seen with mtime 1733288252.0
File C:\Users\HP\AppData\Local\Programs\Python\Python312\Lib\secrets.py first seen with mtime 1733288252.0
File C:\Users\HP\Desktop\easetalkproject\env\Lib\site-packages\django\contrib\sessions\base_session.py first seen with mtime 1742890068.2853968
File C:\Users\HP\Desktop\easetalkproject\env\Lib\site-packages\django\db\backends\mysql\creation.py first seen with mtime 1742890069.485781
File C:\Users\HP\Desktop\easetalkproject\env\Lib\site-packages\django\conf\global_settings.py first seen with mtime 1742890062.4291527
File C:\Users\HP\AppData\Local\Programs\Python\Python312\Lib\gzip.py first seen with mtime 1733288252.0
File C:\Users\HP\Desktop\easetalkproject\env\Lib\site-packages\urllib3\util\timeout.py first seen with mtime 1743156270.455409
File C:\Users\HP\AppData\Local\Programs\Python\Python312\Lib\sysconfig.py first seen with mtime 1733288252.0
File C:\Users\HP\Desktop\easetalkproject\env\Lib\site-packages\django\db\models\fields\files.py first seen with mtime 1742890069.640977
File C:\Users\HP\Desktop\easetalkproject\env\Lib\site-packages\cryptography\hazmat\primitives\asymmetric\dh.py first seen with mtime 1742980075.397123
File C:\Users\HP\Desktop\easetalkproject\env\Lib\site-packages\django\db\models\query.py first seen with mtime 1742890069.6281292
File C:\Users\HP\AppData\Local\Programs\Python\Python312\Lib\email\mime\text.py first seen with mtime 1733288252.0
File C:\Users\HP\Desktop\easetalkproject\env\Lib\site-packages\django\views\generic\detail.py first seen with mtime 1742890070.0208688
File C:\Users\HP\Desktop\easetalkproject\env\Lib\site-packages\PIL\ExifTags.py first seen with mtime 1742893564.3893018
File C:\Users\HP\Desktop\easetalkproject\env\Lib\site-packages\pyasn1\__init__.py first seen with mtime 1742980016.0432289
File C:\Users\HP\Desktop\easetalkproject\env\Lib\site-packages\cryptography\hazmat\__init__.py first seen with mtime 1742980075.4977021
File C:\Users\HP\Desktop\easetalkproject\env\Lib\site-packages\django\db\models\deletion.py first seen with mtime 1742890069.6164992
File C:\Users\HP\Desktop\easetalkproject\env\Lib\site-packages\django\core\files\storage\base.py first seen with mtime 1742890069.2913778
File C:\Users\HP\Desktop\easetalkproject\env\Lib\site-packages\django\contrib\auth\decorators.py first seen with mtime 1742890064.830599
File C:\Users\HP\Desktop\easetalkproject\env\Lib\site-packages\pyasn1\codec\__init__.py first seen with mtime 1742980016.049613
File C:\Users\HP\AppData\Local\Programs\Python\Python312\Lib\asyncio\threads.py first seen with mtime 1733288252.0
File C:\Users\HP\Desktop\easetalkproject\env\Lib\site-packages\django\template\loaders\filesystem.py first seen with mtime 1742890069.9008932
File C:\Users\HP\Desktop\easetalkproject\env\Lib\site-packages\pyasn1\codec\streaming.py first seen with mtime 1742980016.049613
File C:\Users\HP\Desktop\easetalkproject\env\Lib\site-packages\certifi\__init__.py first seen with mtime 1743156276.9788475
File C:\Users\HP\Desktop\easetalkproject\env\Lib\site-packages\django\core\checks\async_checks.py first seen with mtime 1742890069.2482364
File C:\Users\HP\Desktop\easetalkproject\env\Lib\site-packages\django\template\loaders\__init__.py first seen with mtime 1742890069.8968768
File C:\Users\HP\Desktop\easetalkproject\env\Lib\site-packages\twisted\internet\address.py first seen with mtime 1742980031.779811
File C:\Users\HP\AppData\Local\Programs\Python\Python312\Lib\zoneinfo\_tzpath.py first seen with mtime 1733288254.0
File C:\Users\HP\Desktop\easetalkproject\env\Lib\site-packages\django\conf\locale\__init__.py first seen with mtime 1742890062.435606
File C:\Users\HP\Desktop\easetalkproject\env\Lib\site-packages\django\db\models\sql\__init__.py first seen with mtime 1742890069.6721365
File C:\Users\HP\Desktop\easetalkproject\env\Lib\site-packages\django\contrib\sessions\apps.py first seen with mtime 1742890068.2853968
File C:\Users\HP\AppData\Local\Programs\Python\Python312\Lib\asyncio\staggered.py first seen with mtime 1733288252.0
File C:\Users\HP\Desktop\easetalkproject\env\Lib\site-packages\urllib3\util\response.py first seen with mtime 1743156270.4465487
File C:\Users\HP\Desktop\easetalkproject\env\Lib\site-packages\twisted\python\zippath.py first seen with mtime 1742980032.7220755
File C:\Users\HP\Desktop\easetalkproject\env\Lib\site-packages\zope\interface\adapter.py first seen with mtime 1742980020.204896
File C:\Users\HP\AppData\Local\Programs\Python\Python312\Lib\wsgiref\headers.py first seen with mtime 1733288254.0
File C:\Users\HP\Desktop\easetalkproject\env\Lib\site-packages\txaio\tx.py first seen with mtime 1742979998.8067944
File C:\Users\HP\Desktop\easetalkproject\env\Lib\site-packages\django\http\cookie.py first seen with mtime 1742890069.845488
File C:\Users\HP\AppData\Local\Programs\Python\Python312\Lib\contextvars.py first seen with mtime 1733288252.0
File C:\Users\HP\AppData\Local\Programs\Python\Python312\Lib\json\scanner.py first seen with mtime 1733288252.0
File C:\Users\HP\Desktop\easetalkproject\env\Lib\site-packages\txaio\_iotype.py first seen with mtime 1742979998.798948
File C:\Users\HP\Desktop\easetalkproject\env\Lib\site-packages\charset_normalizer\models.py first seen with mtime 1743156276.1733
File C:\Users\HP\Desktop\easetalkproject\env\Lib\site-packages\cryptography\hazmat\bindings\openssl\binding.py first seen with mtime 1742980075.333099
File C:\Users\HP\Desktop\easetalkproject\env\Lib\site-packages\social_django\admin.py first seen with mtime 1743156294.800578
File C:\Users\HP\Desktop\easetalkproject\env\Lib\site-packages\PIL\TiffTags.py first seen with mtime 1742893564.5069377
File C:\Users\HP\AppData\Local\Programs\Python\Python312\Lib\email\mime\__init__.py first seen with mtime 1733288252.0
File C:\Users\HP\AppData\Local\Programs\Python\Python312\Lib\asyncio\queues.py first seen with mtime 1733288252.0
File C:\Users\HP\Desktop\easetalkproject\env\Lib\site-packages\django\db\models\functions\datetime.py first seen with mtime 1742890069.664276
File C:\Users\HP\Desktop\easetalkproject\env\Lib\site-packages\django\db\transaction.py first seen with mtime 1742890069.4241867
File C:\Users\HP\Desktop\easetalkproject\env\Lib\site-packages\django\views\generic\edit.py first seen with mtime 1742890070.0208688
File C:\Users\HP\AppData\Local\Programs\Python\Python312\Lib\asyncio\exceptions.py first seen with mtime 1733288252.0
File C:\Users\HP\AppData\Local\Programs\Python\Python312\Lib\opcode.py first seen with mtime 1733288252.0
File C:\Users\HP\Desktop\easetalkproject\env\Lib\site-packages\twisted\internet\tcp.py first seen with mtime 1742980031.8374476
File C:\Users\HP\Desktop\easetalkproject\env\Lib\site-packages\twisted\web\http.py first seen with mtime 1742980033.2463837
File C:\Users\HP\Desktop\easetalkproject\env\Lib\site-packages\django\core\files\uploadedfile.py first seen with mtime 1742890069.2865891
File C:\Users\HP\Desktop\easetalkproject\env\Lib\site-packages\attrs\setters.py first seen with mtime 1742980019.430941
File C:\Users\HP\Desktop\easetalkproject\env\Lib\site-packages\constantly\_constants.py first seen with mtime 1742980018.1845937
File C:\Users\HP\Desktop\easetalkproject\env\Lib\site-packages\django\middleware\__init__.py first seen with mtime 1742890069.8525453
File C:\Users\HP\Desktop\easetalkproject\env\Lib\site-packages\social_core\storage.py first seen with mtime 1743156280.3354535
File C:\Users\HP\Desktop\easetalkproject\env\Lib\site-packages\sqlparse\cli.py first seen with mtime 1742890060.9988184
File C:\Users\HP\Desktop\easetalkproject\env\Lib\site-packages\twisted\internet\base.py first seen with mtime 1742980031.7846086
File C:\Users\HP\Desktop\easetalkproject\env\Lib\site-packages\autobahn\wamp\types.py first seen with mtime 1742980079.1544926
File C:\Users\HP\Desktop\easetalkproject\env\Lib\site-packages\daphne\ws_protocol.py first seen with mtime 1742980087.4094217
File C:\Users\HP\Desktop\easetalkproject\env\Lib\site-packages\cryptography\hazmat\primitives\asymmetric\ed25519.py first seen with mtime 1742980075.4041789
File C:\Users\HP\Desktop\easetalkproject\env\Lib\site-packages\django\db\models\functions\text.py first seen with mtime 1742890069.6695576
File C:\Users\HP\AppData\Local\Programs\Python\Python312\Lib\asyncio\sslproto.py first seen with mtime 1733288252.0
File C:\Users\HP\AppData\Local\Programs\Python\Python312\Lib\email\base64mime.py first seen with mtime 1733288252.0
File C:\Users\HP\Desktop\easetalkproject\env\Lib\site-packages\charset_normalizer\md__mypyc.cp312-win_amd64.pyd first seen with mtime 1743156276.1727798
File C:\Users\HP\Desktop\easetalkproject\env\Lib\site-packages\django\core\checks\security\base.py first seen with mtime 1742890069.270491
File C:\Users\HP\Desktop\easetalkproject\env\Lib\site-packages\OpenSSL\SSL.py first seen with mtime 1742980078.6210752
File C:\Users\HP\AppData\Local\Programs\Python\Python312\Lib\email\mime\message.py first seen with mtime 1733288252.0
File C:\Users\HP\Desktop\easetalkproject\env\Lib\site-packages\requests\api.py first seen with mtime 1743156277.1055183
File C:\Users\HP\Desktop\easetalkproject\env\Lib\site-packages\django\db\models\fields\json.py first seen with mtime 1742890069.6462638
File C:\Users\HP\Desktop\easetalkproject\env\Lib\site-packages\django\db\models\fields\related_descriptors.py first seen with mtime 1742890069.6526928
File C:\Users\HP\Desktop\easetalkproject\env\Lib\site-packages\django\template\autoreload.py first seen with mtime 1742890069.866675
File C:\Users\HP\AppData\Local\Programs\Python\Python312\Lib\concurrent\__init__.py first seen with mtime 1733288252.0
File C:\Users\HP\Desktop\easetalkproject\easetalkprojectapp\therapy\admin.py first seen with mtime 1742892334.131786
File C:\Users\HP\Desktop\easetalkproject\env\Lib\site-packages\social_core\utils.py first seen with mtime 1743156280.340249
File C:\Users\HP\Desktop\easetalkproject\env\Lib\site-packages\autobahn\websocket\interfaces.py first seen with mtime 1742980079.3385363
File C:\Users\HP\Desktop\easetalkproject\env\Lib\site-packages\django\core\files\storage\mixins.py first seen with mtime 1742890069.3024035
File C:\Users\HP\AppData\Local\Programs\Python\Python312\Lib\queue.py first seen with mtime 1733288252.0
File C:\Users\HP\Desktop\easetalkproject\env\Lib\site-packages\twisted\cred\__init__.py first seen with mtime 1742980031.702387
File C:\Users\HP\Desktop\easetalkproject\env\Lib\site-packages\zope\interface\ro.py first seen with mtime 1742980020.2182808
File C:\Users\HP\Desktop\easetalkproject\env\Lib\site-packages\django\utils\encoding.py first seen with mtime 1742890069.9555154
File C:\Users\HP\Desktop\easetalkproject\env\Lib\site-packages\urllib3\_base_connection.py first seen with mtime 1743156270.3856516
File C:\Users\HP\Desktop\easetalkproject\env\Lib\site-packages\django\template\loader_tags.py first seen with mtime 1742890069.8783696
File C:\Users\HP\Desktop\easetalkproject\env\Lib\site-packages\urllib3\util\ssl_.py first seen with mtime 1743156270.4507854
File C:\Users\HP\Desktop\easetalkproject\env\Lib\site-packages\idna\__init__.py first seen with mtime 1742980017.5742898
File C:\Users\HP\Desktop\easetalkproject\env\Lib\site-packages\twisted\logger\_buffer.py first seen with mtime 1742980032.2300315
File C:\Users\HP\Desktop\easetalkproject\env\Lib\site-packages\django\db\migrations\exceptions.py first seen with mtime 1742890069.5767798
File C:\Users\HP\Desktop\easetalkproject\env\Lib\site-packages\twisted\python\randbytes.py first seen with mtime 1742980032.690357
File C:\Users\HP\AppData\Local\Programs\Python\Python312\Lib\email\feedparser.py first seen with mtime 1733288252.0
File C:\Users\HP\AppData\Local\Programs\Python\Python312\DLLs\select.pyd first seen with mtime 1733288284.0
File C:\Users\HP\AppData\Local\Programs\Python\Python312\Lib\shutil.py first seen with mtime 1733288252.0
File C:\Users\HP\Desktop\easetalkproject\env\Lib\site-packages\django\utils\translation\__init__.py first seen with mtime 1742890069.9858189
File C:\Users\HP\Desktop\easetalkproject\env\Lib\site-packages\twisted\cred\credentials.py first seen with mtime 1742980031.7105012
File C:\Users\HP\Desktop\easetalkproject\env\Lib\site-packages\urllib3\_request_methods.py first seen with mtime 1743156270.3907733
File C:\Users\HP\AppData\Local\Programs\Python\Python312\Lib\pkgutil.py first seen with mtime 1733288252.0
File C:\Users\HP\Desktop\easetalkproject\env\Lib\site-packages\autobahn\rawsocket\__init__.py first seen with mtime 1742980079.064098
File C:\Users\HP\Desktop\easetalkproject\env\Lib\site-packages\django\db\backends\base\operations.py first seen with mtime 1742890069.4556024
File C:\Users\HP\Desktop\easetalkproject\easetalkprojectapp\easetalk\apps.py first seen with mtime 1742890230.225285
File C:\Users\HP\Desktop\easetalkproject\env\Lib\site-packages\django\utils\asyncio.py first seen with mtime 1742890069.9374342
File C:\Users\HP\Desktop\easetalkproject\env\Lib\site-packages\cryptography\hazmat\primitives\serialization\base.py first seen with mtime 1742980075.4745014
File C:\Users\HP\Desktop\easetalkproject\env\Lib\site-packages\django\middleware\cache.py first seen with mtime 1742890069.8525453
File C:\Users\HP\AppData\Local\Programs\Python\Python312\Lib\xml\etree\ElementPath.py first seen with mtime 1733288254.0
File C:\Users\HP\AppData\Local\Programs\Python\Python312\Lib\socket.py first seen with mtime 1733288252.0
File C:\Users\HP\Desktop\easetalkproject\env\Lib\site-packages\django\core\checks\security\__init__.py first seen with mtime 1742890069.266476
File C:\Users\HP\Desktop\easetalkproject\env\Lib\site-packages\pyasn1\codec\der\decoder.py first seen with mtime 1742980016.0691304
File C:\Users\HP\Desktop\easetalkproject\env\Lib\site-packages\twisted\cred\error.py first seen with mtime 1742980031.7116773
File C:\Users\HP\Desktop\easetalkproject\env\Lib\site-packages\cryptography\hazmat\bindings\_rust.pyd first seen with mtime 1742980075.6593447
File C:\Users\HP\Desktop\easetalkproject\env\Lib\site-packages\django\apps\config.py first seen with mtime 1742890062.423958
File C:\Users\HP\Desktop\easetalkproject\env\Lib\site-packages\attr\validators.py first seen with mtime 1742980019.417847
File C:\Users\HP\Desktop\easetalkproject\env\Lib\site-packages\django\utils\translation\trans_real.py first seen with mtime 1742890069.9943316
File C:\Users\HP\Desktop\easetalkproject\env\Lib\site-packages\django\db\models\aggregates.py first seen with mtime 1742890069.605846
File C:\Users\HP\Desktop\easetalkproject\env\Lib\site-packages\urllib3\util\__init__.py first seen with mtime 1743156270.4354727
File C:\Users\HP\Desktop\easetalkproject\env\Lib\site-packages\cryptography\hazmat\primitives\serialization\ssh.py first seen with mtime 1742980075.4814513
File C:\Users\HP\Desktop\easetalkproject\env\Lib\site-packages\attr\exceptions.py first seen with mtime 1742980019.4084277
File C:\Users\HP\Desktop\easetalkproject\env\Lib\site-packages\sqlparse\filters\right_margin.py first seen with mtime 1742890061.0207007
File C:\Users\HP\Desktop\easetalkproject\env\Lib\site-packages\idna\idnadata.py first seen with mtime 1742980017.585361
File C:\Users\HP\Desktop\easetalkproject\env\Lib\site-packages\social_django\models.py first seen with mtime 1743156294.815537
File C:\Users\HP\Desktop\easetalkproject\env\Lib\site-packages\sqlparse\filters\aligned_indent.py first seen with mtime 1742890061.0171895
File C:\Users\HP\Desktop\easetalkproject\env\Lib\site-packages\twisted\_threads\_ithreads.py first seen with mtime 1742980031.3713324
File C:\Users\HP\Desktop\easetalkproject\env\Lib\site-packages\sqlparse\exceptions.py first seen with mtime 1742890060.999081
File C:\Users\HP\Desktop\easetalkproject\env\Lib\site-packages\twisted\internet\_newtls.py first seen with mtime 1742980031.754372
File C:\Users\HP\AppData\Local\Programs\Python\Python312\Lib\encodings\__init__.py first seen with mtime 1733288252.0
File C:\Users\HP\Desktop\easetalkproject\env\Lib\site-packages\cryptography\x509\name.py first seen with mtime 1742980075.5092897
File C:\Users\HP\Desktop\easetalkproject\env\Lib\site-packages\django\contrib\admin\models.py first seen with mtime 1742890063.3008292
File C:\Users\HP\Desktop\easetalkproject\env\Lib\site-packages\django\core\serializers\__init__.py first seen with mtime 1742890069.4000168
File C:\Users\HP\Desktop\easetalkproject\env\Lib\site-packages\PIL\Image.py first seen with mtime 1742893564.4144306
File C:\Users\HP\AppData\Local\Programs\Python\Python312\Lib\calendar.py first seen with mtime 1733288252.0
File C:\Users\HP\Desktop\easetalkproject\env\Lib\site-packages\django\utils\autoreload.py first seen with mtime 1742890069.941933
File C:\Users\HP\Desktop\easetalkproject\env\Lib\site-packages\django\contrib\staticfiles\utils.py first seen with mtime 1742890069.19672
File C:\Users\HP\Desktop\easetalkproject\env\Lib\site-packages\twisted\_threads\_team.py first seen with mtime 1742980031.3826964
File C:\Users\HP\Desktop\easetalkproject\env\Lib\site-packages\zope\interface\interfaces.py first seen with mtime 1742980020.2182808
File C:\Users\HP\Desktop\easetalkproject\env\Lib\site-packages\django\db\migrations\operations\__init__.py first seen with mtime 1742890069.5988655
File C:\Users\HP\Desktop\easetalkproject\env\Lib\site-packages\django\core\files\storage\filesystem.py first seen with mtime 1742890069.2966352
File C:\Users\HP\Desktop\easetalkproject\env\Lib\site-packages\twisted\python\context.py first seen with mtime 1742980032.6672952
File C:\Users\HP\Desktop\easetalkproject\env\Lib\site-packages\django\core\files\storage\__init__.py first seen with mtime 1742890069.2913778
File C:\Users\HP\Desktop\easetalkproject\env\Lib\site-packages\twisted\persisted\sob.py first seen with mtime 1742980032.5144217
File C:\Users\HP\Desktop\easetalkproject\env\Lib\site-packages\cryptography\hazmat\bindings\openssl\__init__.py first seen with mtime 1742980075.335976
File C:\Users\HP\Desktop\easetalkproject\env\Lib\site-packages\django\contrib\messages\utils.py first seen with mtime 1742890067.2926059
File C:\Users\HP\Desktop\easetalkproject\env\Lib\site-packages\django\template\response.py first seen with mtime 1742890069.8783696
File C:\Users\HP\Desktop\easetalkproject\easetalkprojectapp\easetalkprojectapp\urls.py first seen with mtime 1743175407.4445956
File C:\Users\HP\Desktop\easetalkproject\env\Lib\site-packages\service_identity\hazmat.py first seen with mtime 1742980078.419282
File C:\Users\HP\Desktop\easetalkproject\env\Lib\site-packages\social_django\storage.py first seen with mtime 1743156294.8167133
File C:\Users\HP\Desktop\easetalkproject\env\Lib\site-packages\twisted\python\modules.py first seen with mtime 1742980032.684631
File C:\Users\HP\Desktop\easetalkproject\env\Lib\site-packages\twisted\logger\_capture.py first seen with mtime 1742980032.2344532
File C:\Users\HP\Desktop\easetalkproject\env\Lib\site-packages\django\forms\formsets.py first seen with mtime 1742890069.6999483
File C:\Users\HP\AppData\Local\Programs\Python\Python312\Lib\asyncio\base_events.py first seen with mtime 1733288252.0
File C:\Users\HP\Desktop\easetalkproject\env\Lib\site-packages\django\db\models\constraints.py first seen with mtime 1742890069.6148925
File C:\Users\HP\AppData\Local\Programs\Python\Python312\Lib\importlib\resources\_adapters.py first seen with mtime 1733288252.0
File C:\Users\HP\Desktop\easetalkproject\env\Lib\site-packages\defusedxml\common.py first seen with mtime 1743156275.73034
File C:\Users\HP\AppData\Local\Programs\Python\Python312\Lib\importlib\metadata\_adapters.py first seen with mtime 1733288252.0
File C:\Users\HP\Desktop\easetalkproject\env\Lib\site-packages\charset_normalizer\utils.py first seen with mtime 1743156276.1753623
File C:\Users\HP\Desktop\easetalkproject\env\Lib\site-packages\sqlparse\formatter.py first seen with mtime 1742890060.999081
File C:\Users\HP\AppData\Local\Programs\Python\Python312\Lib\asyncio\subprocess.py first seen with mtime 1733288252.0
File C:\Users\HP\AppData\Local\Programs\Python\Python312\Lib\asyncio\futures.py first seen with mtime 1733288252.0
File C:\Users\HP\Desktop\easetalkproject\env\Lib\site-packages\django\core\files\utils.py first seen with mtime 1742890069.2895243
File C:\Users\HP\AppData\Local\Programs\Python\Python312\Lib\asyncio\base_futures.py first seen with mtime 1733288252.0
File C:\Users\HP\Desktop\easetalkproject\env\Lib\site-packages\urllib3\contrib\__init__.py first seen with mtime 1743156270.4094439
File C:\Users\HP\AppData\Local\Programs\Python\Python312\Lib\http\cookiejar.py first seen with mtime 1733288252.0
File C:\Users\HP\Desktop\easetalkproject\env\Lib\site-packages\charset_normalizer\api.py first seen with mtime 1743156276.1556082
File C:\Users\HP\Desktop\easetalkproject\env\Lib\site-packages\django\templatetags\static.py first seen with mtime 1742890069.908404
File C:\Users\HP\Desktop\easetalkproject\env\Lib\site-packages\pyasn1\type\base.py first seen with mtime 1742980016.084437
File C:\Users\HP\AppData\Local\Programs\Python\Python312\Lib\xml\__init__.py first seen with mtime 1733288254.0
File C:\Users\HP\Desktop\easetalkproject\env\Lib\site-packages\idna\intranges.py first seen with mtime 1742980017.5865622
File C:\Users\HP\Desktop\easetalkproject\env\Lib\site-packages\autobahn\twisted\choosereactor.py first seen with mtime 1742980079.078125
File C:\Users\HP\Desktop\easetalkproject\env\Lib\site-packages\django\contrib\contenttypes\__init__.py first seen with mtime 1742890065.2584233
File C:\Users\HP\Desktop\easetalkproject\env\Lib\site-packages\django\core\serializers\json.py first seen with mtime 1742890069.4055307
File C:\Users\HP\AppData\Local\Programs\Python\Python312\Lib\collections\__init__.py first seen with mtime 1733288252.0
File C:\Users\HP\Desktop\easetalkproject\env\Lib\site-packages\django\contrib\__init__.py first seen with mtime 1742890063.28572
File C:\Users\HP\Desktop\easetalkproject\env\Lib\site-packages\django\template\__init__.py first seen with mtime 1742890069.866675
File C:\Users\HP\Desktop\easetalkproject\env\Lib\site-packages\defusedxml\__init__.py first seen with mtime 1743156275.72742
File C:\Users\HP\Desktop\easetalkproject\env\Lib\site-packages\django\urls\base.py first seen with mtime 1742890069.9256015
File C:\Users\HP\AppData\Local\Programs\Python\Python312\Lib\importlib\resources\_common.py first seen with mtime 1733288252.0
File C:\Users\HP\Desktop\easetalkproject\env\Lib\site-packages\PIL\_deprecate.py first seen with mtime 1742893564.527159
File C:\Users\HP\Desktop\easetalkproject\env\Lib\site-packages\django\contrib\contenttypes\fields.py first seen with mtime 1742890065.2660482
File C:\Users\HP\Desktop\easetalkproject\env\Lib\site-packages\django\utils\choices.py first seen with mtime 1742890069.9450557
File C:\Users\HP\Desktop\easetalkproject\env\Lib\site-packages\sqlparse\sql.py first seen with mtime 1742890060.999081
File C:\Users\HP\Desktop\easetalkproject\env\Lib\site-packages\urllib3\filepost.py first seen with mtime 1743156270.4003367
File C:\Users\HP\Desktop\easetalkproject\env\Lib\site-packages\django\contrib\auth\tokens.py first seen with mtime 1742890064.8381755
File C:\Users\HP\Desktop\easetalkproject\env\Lib\site-packages\autobahn\websocket\xormasker.py first seen with mtime 1742980079.3484266
File C:\Users\HP\Desktop\easetalkproject\env\Lib\site-packages\urllib3\response.py first seen with mtime 1743156270.4070313
File C:\Users\HP\Desktop\easetalkproject\env\Lib\site-packages\django\views\defaults.py first seen with mtime 1742890070.0001237
File C:\Users\HP\AppData\Local\Programs\Python\Python312\Lib\wsgiref\util.py first seen with mtime 1733288254.0
File C:\Users\HP\Desktop\easetalkproject\env\Lib\site-packages\pyasn1\codec\cer\decoder.py first seen with mtime 1742980016.0636413
File C:\Users\HP\AppData\Local\Programs\Python\Python312\Lib\encodings\utf_8_sig.py first seen with mtime 1733288252.0
File C:\Users\HP\Desktop\easetalkproject\env\Lib\site-packages\django\contrib\auth\checks.py first seen with mtime 1742890064.8255453
File C:\Users\HP\Desktop\easetalkproject\env\Lib\site-packages\twisted\logger\_json.py first seen with mtime 1742980032.2505999
File C:\Users\HP\Desktop\easetalkproject\env\Lib\site-packages\autobahn\wamp\role.py first seen with mtime 1742980079.1496112
File C:\Users\HP\AppData\Local\Programs\Python\Python312\Lib\argparse.py first seen with mtime 1733288252.0
File C:\Users\HP\AppData\Local\Programs\Python\Python312\Lib\importlib\resources\readers.py first seen with mtime 1733288252.0
File C:\Users\HP\Desktop\easetalkproject\env\Lib\site-packages\django\db\models\sql\query.py first seen with mtime 1742890069.6834986
File C:\Users\HP\Desktop\easetalkproject\env\Lib\site-packages\twisted\internet\threads.py first seen with mtime 1742980031.8424675
File C:\Users\HP\AppData\Local\Programs\Python\Python312\Lib\urllib\response.py first seen with mtime 1733288254.0
File C:\Users\HP\Desktop\easetalkproject\env\Lib\site-packages\django\forms\widgets.py first seen with mtime 1742890069.7100978
File C:\Users\HP\Desktop\easetalkproject\env\Lib\site-packages\pyasn1\codec\cer\__init__.py first seen with mtime 1742980016.055255
File C:\Users\HP\Desktop\easetalkproject\env\Lib\site-packages\django\db\backends\utils.py first seen with mtime 1742890069.4356382
File C:\Users\HP\Desktop\easetalkproject\env\Lib\site-packages\autobahn\exception.py first seen with mtime 1742980079.0110643
File C:\Users\HP\Desktop\easetalkproject\env\Lib\site-packages\django\template\smartif.py first seen with mtime 1742890069.8783696
File C:\Users\HP\Desktop\easetalkproject\env\Lib\site-packages\daphne\http_protocol.py first seen with mtime 1742980087.4007623
File C:\Users\HP\Desktop\easetalkproject\env\Lib\site-packages\django\templatetags\__init__.py first seen with mtime 1742890069.9069638
File C:\Users\HP\AppData\Local\Programs\Python\Python312\Lib\dataclasses.py first seen with mtime 1733288252.0
File C:\Users\HP\Desktop\easetalkproject\env\Lib\site-packages\_distutils_hack\__init__.py first seen with mtime 1742979999.2414362
File C:\Users\HP\Desktop\easetalkproject\env\Lib\site-packages\django\template\base.py first seen with mtime 1742890069.868942
File C:\Users\HP\Desktop\easetalkproject\env\Lib\site-packages\urllib3\util\util.py first seen with mtime 1743156270.459257
File C:\Users\HP\AppData\Local\Programs\Python\Python312\Lib\urllib\error.py first seen with mtime 1733288254.0
File C:\Users\HP\AppData\Local\Programs\Python\Python312\Lib\asyncio\constants.py first seen with mtime 1733288252.0
File C:\Users\HP\Desktop\easetalkproject\env\Lib\site-packages\django\core\files\uploadhandler.py first seen with mtime 1742890069.2890143
File C:\Users\HP\Desktop\easetalkproject\env\Lib\site-packages\requests\__version__.py first seen with mtime 1743156277.1000042
File C:\Users\HP\Desktop\easetalkproject\env\Lib\site-packages\django\contrib\sites\__init__.py first seen with mtime 1742890068.7589579
File C:\Users\HP\Desktop\easetalkproject\env\Lib\site-packages\constantly\__init__.py first seen with mtime 1742980018.1845937
File C:\Users\HP\Desktop\easetalkproject\env\Lib\site-packages\django\template\backends\django.py first seen with mtime 1742890069.8899124
File C:\Users\HP\Desktop\easetalkproject\env\Lib\site-packages\daphne\management\__init__.py first seen with mtime 1742980087.4119487
File C:\Users\HP\AppData\Local\Programs\Python\Python312\Lib\email\header.py first seen with mtime 1733288252.0
File C:\Users\HP\AppData\Local\Programs\Python\Python312\Lib\ssl.py first seen with mtime 1733288252.0
File C:\Users\HP\AppData\Local\Programs\Python\Python312\DLLs\_uuid.pyd first seen with mtime 1733288284.0
File C:\Users\HP\Desktop\easetalkproject\easetalkprojectapp\easetalkprojectapp\__init__.py first seen with mtime 1742890167.8972917
File C:\Users\HP\Desktop\easetalkproject\env\Lib\site-packages\twisted\logger\_format.py first seen with mtime 1742980032.2414665
File C:\Users\HP\Desktop\easetalkproject\env\Lib\site-packages\django\db\backends\base\features.py first seen with mtime 1742890069.445654
File C:\Users\HP\Desktop\easetalkproject\env\Lib\site-packages\django\views\generic\list.py first seen with mtime 1742890070.0208688
File C:\Users\HP\Desktop\easetalkproject\env\Lib\site-packages\django\template\engine.py first seen with mtime 1742890069.8755434
File C:\Users\HP\Desktop\easetalkproject\env\Lib\site-packages\zope\interface\exceptions.py first seen with mtime 1742980020.2142231
File C:\Users\HP\Desktop\easetalkproject\env\Lib\site-packages\attr\filters.py first seen with mtime 1742980019.4107645
File C:\Users\HP\Desktop\easetalkproject\env\Lib\site-packages\urllib3\_collections.py first seen with mtime 1743156270.3885741
File C:\Users\HP\Desktop\easetalkproject\env\Lib\site-packages\requests\packages.py first seen with mtime 1743156277.1155307
File C:\Users\HP\Desktop\easetalkproject\env\Lib\site-packages\pyasn1\codec\ber\decoder.py first seen with mtime 1742980016.055255
File C:\Users\HP\Desktop\easetalkproject\env\Lib\site-packages\constantly\_version.py first seen with mtime 1742980018.1845937
File C:\Users\HP\Desktop\easetalkproject\env\Lib\site-packages\django\db\backends\base\base.py first seen with mtime 1742890069.4382825
File C:\Users\HP\Desktop\easetalkproject\env\Lib\site-packages\django\utils\deconstruct.py first seen with mtime 1742890069.9528701
File C:\Users\HP\AppData\Local\Programs\Python\Python312\DLLs\unicodedata.pyd first seen with mtime 1733288284.0
File C:\Users\HP\AppData\Local\Programs\Python\Python312\Lib\_compat_pickle.py first seen with mtime 1733288252.0
File C:\Users\HP\Desktop\easetalkproject\env\Lib\site-packages\twisted\python\filepath.py first seen with mtime 1742980032.675932
File C:\Users\HP\Desktop\easetalkproject\env\Lib\site-packages\cryptography\hazmat\_oid.py first seen with mtime 1742980075.4977021
File C:\Users\HP\Desktop\easetalkproject\env\Lib\site-packages\urllib3\util\ssltransport.py first seen with mtime 1743156270.4507854
File C:\Users\HP\Desktop\easetalkproject\env\Lib\site-packages\urllib3\util\url.py first seen with mtime 1743156270.457236
File C:\Users\HP\Desktop\easetalkproject\env\Lib\site-packages\zope\interface\interface.py first seen with mtime 1742980020.2152638
File C:\Users\HP\Desktop\easetalkproject\env\Lib\site-packages\requests\sessions.py first seen with mtime 1743156277.1195133
File C:\Users\HP\Desktop\easetalkproject\env\Lib\site-packages\django\utils\numberformat.py first seen with mtime 1742890069.9756703
File C:\Users\HP\Desktop\easetalkproject\env\Lib\site-packages\django\middleware\csrf.py first seen with mtime 1742890069.8580472
File C:\Users\HP\Desktop\easetalkproject\env\Lib\site-packages\django\core\cache\backends\filebased.py first seen with mtime 1742890069.2384543
File C:\Users\HP\Desktop\easetalkproject\env\Lib\site-packages\openid\__init__.py first seen with mtime 1743156277.9196694
File C:\Users\HP\Desktop\easetalkproject\easetalkprojectapp\anonymous\admin.py first seen with mtime 1742908934.6553054
File C:\Users\HP\Desktop\easetalkproject\env\Lib\site-packages\social_core\actions.py first seen with mtime 1743156280.3318834
File C:\Users\HP\AppData\Local\Programs\Python\Python312\Lib\warnings.py first seen with mtime 1733288254.0
File C:\Users\HP\Desktop\easetalkproject\env\Lib\site-packages\attr\_compat.py first seen with mtime 1742980019.389448
File C:\Users\HP\AppData\Local\Programs\Python\Python312\Lib\struct.py first seen with mtime 1733288252.0
File C:\Users\HP\Desktop\easetalkproject\env\Lib\site-packages\sqlparse\tokens.py first seen with mtime 1742890061.0056193
File C:\Users\HP\Desktop\easetalkproject\env\Lib\site-packages\django\core\files\storage\handler.py first seen with mtime 1742890069.2980802
File C:\Users\HP\Desktop\easetalkproject\env\Lib\site-packages\cryptography\__about__.py first seen with mtime 1742980075.519401
File C:\Users\HP\Desktop\easetalkproject\env\Lib\site-packages\attr\_config.py first seen with mtime 1742980019.3919616
File C:\Users\HP\Desktop\easetalkproject\env\Lib\site-packages\attrs\__init__.py first seen with mtime 1742980019.4229193
File C:\Users\HP\Desktop\easetalkproject\env\Lib\site-packages\urllib3\__init__.py first seen with mtime 1743156270.377216
File C:\Users\HP\Desktop\easetalkproject\env\Lib\site-packages\twisted\internet\error.py first seen with mtime 1742980031.7964897
File C:\Users\HP\Desktop\easetalkproject\env\Lib\site-packages\twisted\internet\__init__.py first seen with mtime 1742980031.7379398
File C:\Users\HP\Desktop\easetalkproject\env\Lib\site-packages\twisted\internet\_signals.py first seen with mtime 1742980031.7677708
File C:\Users\HP\Desktop\easetalkproject\env\Lib\site-packages\django\db\backends\base\introspection.py first seen with mtime 1742890069.4524267
File C:\Users\HP\AppData\Local\Programs\Python\Python312\Lib\concurrent\futures\__init__.py first seen with mtime 1733288252.0
File C:\Users\HP\Desktop\easetalkproject\env\Lib\site-packages\defusedxml\ElementTree.py first seen with mtime 1743156275.725436
File C:\Users\HP\AppData\Local\Programs\Python\Python312\Lib\email\charset.py first seen with mtime 1733288252.0
File C:\Users\HP\Desktop\easetalkproject\env\Lib\site-packages\twisted\internet\abstract.py first seen with mtime 1742980031.7773812
File C:\Users\HP\Desktop\easetalkproject\env\Lib\site-packages\django\db\models\expressions.py first seen with mtime 1742890069.6214762
File C:\Users\HP\Desktop\easetalkproject\easetalkprojectapp\easetalkprojectapp\settings.py first seen with mtime 1743178644.3266602
File C:\Users\HP\AppData\Local\Programs\Python\Python312\Lib\logging\__init__.py first seen with mtime 1733288252.0
File C:\Users\HP\Desktop\easetalkproject\env\Lib\site-packages\requests\models.py first seen with mtime 1743156277.1155307
File C:\Users\HP\AppData\Local\Programs\Python\Python312\Lib\asyncio\log.py first seen with mtime 1733288252.0
File C:\Users\HP\Desktop\easetalkproject\env\Lib\site-packages\django\core\checks\files.py first seen with mtime 1742890069.255818
File C:\Users\HP\Desktop\easetalkproject\env\Lib\site-packages\django\contrib\admin\helpers.py first seen with mtime 1742890063.3008292
File C:\Users\HP\Desktop\easetalkproject\env\Lib\site-packages\autobahn\websocket\compress_deflate.py first seen with mtime 1742980079.3385363
File C:\Users\HP\Desktop\easetalkproject\env\Lib\site-packages\social_django\__init__.py first seen with mtime 1743156294.8000638
File C:\Users\HP\Desktop\easetalkproject\env\Lib\site-packages\django\db\models\utils.py first seen with mtime 1742890069.635569
File C:\Users\HP\AppData\Local\Programs\Python\Python312\Lib\ast.py first seen with mtime 1733288252.0
File C:\Users\HP\Desktop\easetalkproject\env\Lib\site-packages\twisted\logger\_io.py first seen with mtime 1742980032.2505999
File C:\Users\HP\Desktop\easetalkproject\env\Lib\site-packages\twisted\protocols\tls.py first seen with mtime 1742980032.614574
File C:\Users\HP\Desktop\easetalkproject\env\Lib\site-packages\django\views\generic\dates.py first seen with mtime 1742890070.0158582
File C:\Users\HP\Desktop\easetalkproject\env\Lib\site-packages\django\template\defaultfilters.py first seen with mtime 1742890069.869456
File C:\Users\HP\Desktop\easetalkproject\env\Lib\site-packages\django\contrib\auth\models.py first seen with mtime 1742890064.8366544
File C:\Users\HP\Desktop\easetalkproject\env\Lib\site-packages\django\core\checks\security\sessions.py first seen with mtime 1742890069.270491
File C:\Users\HP\Desktop\easetalkproject\env\Lib\site-packages\django\utils\log.py first seen with mtime 1742890069.9701376
File C:\Users\HP\AppData\Local\Programs\Python\Python312\Lib\signal.py first seen with mtime 1733288252.0
File C:\Users\HP\Desktop\easetalkproject\env\Lib\site-packages\sqlparse\keywords.py first seen with mtime 1742890060.999081
File C:\Users\HP\Desktop\easetalkproject\env\Lib\site-packages\twisted\internet\ssl.py first seen with mtime 1742980031.8311522
File C:\Users\HP\Desktop\easetalkproject\env\Lib\site-packages\django\contrib\contenttypes\views.py first seen with mtime 1742890065.2725563
File C:\Users\HP\Desktop\easetalkproject\env\Lib\site-packages\django\db\models\fields\generated.py first seen with mtime 1742890069.6441803
File C:\Users\HP\Desktop\easetalkproject\env\Lib\site-packages\twisted\logger\_filter.py first seen with mtime 1742980032.2354991
File C:\Users\HP\AppData\Local\Programs\Python\Python312\Lib\urllib\__init__.py first seen with mtime 1733288254.0
File C:\Users\HP\Desktop\easetalkproject\env\Lib\site-packages\autobahn\twisted\websocket.py first seen with mtime 1742980079.0973468
File C:\Users\HP\Desktop\easetalkproject\env\Lib\site-packages\django\http\response.py first seen with mtime 1742890069.8505368
File C:\Users\HP\AppData\Local\Programs\Python\Python312\Lib\hmac.py first seen with mtime 1733288252.0
File C:\Users\HP\Desktop\easetalkproject\env\Lib\site-packages\django\core\signals.py first seen with mtime 1742890069.2226439
File C:\Users\HP\Desktop\easetalkproject\env\Lib\site-packages\django\core\checks\compatibility\django_4_0.py first seen with mtime 1742890069.266476
File C:\Users\HP\Desktop\easetalkproject\env\Lib\site-packages\django\core\checks\caches.py first seen with mtime 1742890069.2522452
File C:\Users\HP\Desktop\easetalkproject\env\Lib\site-packages\attr\_next_gen.py first seen with mtime 1742980019.3990242
File C:\Users\HP\Desktop\easetalkproject\env\Lib\site-packages\cryptography\hazmat\bindings\openssl\_conditional.py first seen with mtime 1742980075.3344617
File C:\Users\HP\Desktop\easetalkproject\env\Lib\site-packages\django\core\serializers\base.py first seen with mtime 1742890069.4000168
File C:\Users\HP\AppData\Local\Programs\Python\Python312\Lib\json\__init__.py first seen with mtime 1733288252.0
File C:\Users\HP\Desktop\easetalkproject\env\Lib\site-packages\sqlparse\filters\tokens.py first seen with mtime 1742890061.0207007
File C:\Users\HP\Desktop\easetalkproject\env\Lib\site-packages\django\contrib\admin\exceptions.py first seen with mtime 1742890063.2963152
File C:\Users\HP\Desktop\easetalkproject\env\Lib\site-packages\autobahn\websocket\protocol.py first seen with mtime 1742980079.3464117
File C:\Users\HP\Desktop\easetalkproject\env\Lib\site-packages\service_identity\exceptions.py first seen with mtime 1742980078.419282
File C:\Users\HP\Desktop\easetalkproject\easetalkprojectapp\therapy\apps.py first seen with mtime 1742892334.13446
File C:\Users\HP\Desktop\easetalkproject\env\Lib\site-packages\cryptography\hazmat\primitives\__init__.py first seen with mtime 1742980075.495536
File C:\Users\HP\Desktop\easetalkproject\env\Lib\site-packages\django\db\models\signals.py first seen with mtime 1742890069.6337762
File C:\Users\HP\AppData\Local\Programs\Python\Python312\Lib\importlib\_abc.py first seen with mtime 1733288252.0
File C:\Users\HP\Desktop\easetalkproject\env\Lib\site-packages\twisted\internet\fdesc.py first seen with mtime 1742980031.799222
File C:\Users\HP\Desktop\easetalkproject\env\Lib\site-packages\cryptography\exceptions.py first seen with mtime 1742980075.3243146
File C:\Users\HP\Desktop\easetalkproject\easetalkprojectapp\easetalk\models.py first seen with mtime 1742986172.5194561
File C:\Users\HP\Desktop\easetalkproject\env\Lib\site-packages\twisted\web\__init__.py first seen with mtime 1742980033.2083437
File C:\Users\HP\AppData\Local\Programs\Python\Python312\Lib\xml\parsers\__init__.py first seen with mtime 1733288254.0
File C:\Users\HP\Desktop\easetalkproject\env\Lib\site-packages\twisted\internet\_resolver.py first seen with mtime 1742980031.7642772
File C:\Users\HP\Desktop\easetalkproject\env\Lib\site-packages\django\utils\html.py first seen with mtime 1742890069.9625187
File C:\Users\HP\Desktop\easetalkproject\env\Lib\site-packages\twisted\python\deprecate.py first seen with mtime 1742980032.669809
File C:\Users\HP\Desktop\easetalkproject\env\Lib\site-packages\daphne\server.py first seen with mtime 1742980087.4044018
File C:\Users\HP\AppData\Local\Programs\Python\Python312\DLLs\_asyncio.pyd first seen with mtime 1733288284.0
File C:\Users\HP\Desktop\easetalkproject\env\Lib\site-packages\django\contrib\admin\filters.py first seen with mtime 1742890063.2963152
File C:\Users\HP\Desktop\easetalkproject\env\Lib\site-packages\django\utils\module_loading.py first seen with mtime 1742890069.9701376
File C:\Users\HP\Desktop\easetalkproject\env\Lib\site-packages\django\db\models\sql\where.py first seen with mtime 1742890069.6875741
File C:\Users\HP\Desktop\easetalkproject\easetalkprojectapp\templates\anonymous first seen with mtime 1742909322.484121
File C:\Users\HP\Desktop\easetalkproject\easetalkprojectapp\templates\base.html first seen with mtime 1742892239.1989324
File C:\Users\HP\Desktop\easetalkproject\easetalkprojectapp\templates\base_home.html first seen with mtime 1743084881.6441243
File C:\Users\HP\Desktop\easetalkproject\easetalkprojectapp\templates\easetalk first seen with mtime 1742989130.628669
File C:\Users\HP\Desktop\easetalkproject\easetalkprojectapp\templates\partials first seen with mtime 1742898854.6963594
File C:\Users\HP\Desktop\easetalkproject\easetalkprojectapp\templates\test.html first seen with mtime 1743089552.2261243
File C:\Users\HP\Desktop\easetalkproject\easetalkprojectapp\templates\therapy first seen with mtime 1742898556.4662957
File C:\Users\HP\Desktop\easetalkproject\easetalkprojectapp\templates\anonymous\login.html first seen with mtime 1743176161.6737392
File C:\Users\HP\Desktop\easetalkproject\easetalkprojectapp\templates\anonymous\signup.html first seen with mtime 1743163283.132853
File C:\Users\HP\Desktop\easetalkproject\easetalkprojectapp\templates\easetalk\addiction.html first seen with mtime 1742910258.5776672
File C:\Users\HP\Desktop\easetalkproject\easetalkprojectapp\templates\easetalk\avatar_menu.html first seen with mtime 1743087689.8437238
File C:\Users\HP\Desktop\easetalkproject\easetalkprojectapp\templates\easetalk\avatar_menu_close.html first seen with mtime 1741654324.0
File C:\Users\HP\Desktop\easetalkproject\easetalkprojectapp\templates\easetalk\chat.html first seen with mtime 1743090774.2891877
File C:\Users\HP\Desktop\easetalkproject\easetalkprojectapp\templates\easetalk\homepage.html first seen with mtime 1742993881.906406
File C:\Users\HP\Desktop\easetalkproject\easetalkprojectapp\templates\easetalk\index.html first seen with mtime 1743085256.7495904
File C:\Users\HP\Desktop\easetalkproject\easetalkprojectapp\templates\easetalk\mentalhealth.html first seen with mtime 1740755738.0
File C:\Users\HP\Desktop\easetalkproject\easetalkprojectapp\templates\easetalk\relationship.html first seen with mtime 1740755750.0
File C:\Users\HP\Desktop\easetalkproject\easetalkprojectapp\templates\easetalk\self-esteem&self-worth.html first seen with mtime 1740755914.0
File C:\Users\HP\Desktop\easetalkproject\easetalkprojectapp\templates\easetalk\sidebar.html first seen with mtime 1739977288.0
File C:\Users\HP\Desktop\easetalkproject\easetalkprojectapp\templates\easetalk\spirituality.html first seen with mtime 1740755924.0
File C:\Users\HP\Desktop\easetalkproject\easetalkprojectapp\templates\easetalk\trauma&abuse.html first seen with mtime 1742910336.0940604
File C:\Users\HP\Desktop\easetalkproject\easetalkprojectapp\templates\partials\_navbar.html first seen with mtime 1743087361.6321504
File C:\Users\HP\Desktop\easetalkproject\easetalkprojectapp\templates\therapy\createprofile.html first seen with mtime 1742118860.0
File C:\Users\HP\Desktop\easetalkproject\easetalkprojectapp\templates\therapy\editprofile.html first seen with mtime 1742120560.0
File C:\Users\HP\Desktop\easetalkproject\easetalkprojectapp\templates\therapy\login.html first seen with mtime 1742899736.386412
File C:\Users\HP\Desktop\easetalkproject\easetalkprojectapp\templates\therapy\profiledetail.html first seen with mtime 1742979694.511755
File C:\Users\HP\Desktop\easetalkproject\easetalkprojectapp\templates\therapy\signup.html first seen with mtime 1743158500.7679496
File C:\Users\HP\Desktop\easetalkproject\easetalkprojectapp\templates\therapy\therapistprofile.html first seen with mtime 1742994418.138611
(0.000) 
                SELECT VERSION(),
                       @@sql_mode,
                       @@default_storage_engine,
                       @@sql_auto_is_null,
                       @@lower_case_table_names,
                       CONVERT_TZ('2001-01-01 01:00:00', 'UTC', 'UTC') IS NOT NULL
            ; args=None; alias=default
(0.000) SET SESSION TRANSACTION ISOLATION LEVEL READ COMMITTED; args=None; alias=default
(0.000) SELECT `django_session`.`session_key`, `django_session`.`session_data`, `django_session`.`expire_date` FROM `django_session` WHERE (`django_session`.`expire_date` > '2025-03-28 16:18:17.044398' AND `django_session`.`session_key` = 'lloispcc13k5jm0x7wpvz04uywsjlnga') LIMIT 21; args=('2025-03-28 16:18:17.044398', 'lloispcc13k5jm0x7wpvz04uywsjlnga'); alias=default
(0.016) SELECT `easetalk_customuser`.`id`, `easetalk_customuser`.`password`, `easetalk_customuser`.`last_login`, `easetalk_customuser`.`is_superuser`, `easetalk_customuser`.`username`, `easetalk_customuser`.`first_name`, `easetalk_customuser`.`last_name`, `easetalk_customuser`.`is_staff`, `easetalk_customuser`.`is_active`, `easetalk_customuser`.`date_joined`, `easetalk_customuser`.`email`, `easetalk_customuser`.`role` FROM `easetalk_customuser` WHERE `easetalk_customuser`.`id` = 4 LIMIT 21; args=(4,); alias=default
(0.015) SELECT `therapy_therapistprofile`.`id`, `therapy_therapistprofile`.`first_name`, `therapy_therapistprofile`.`last_name`, `therapy_therapistprofile`.`profile_image`, `therapy_therapistprofile`.`gender`, `therapy_therapistprofile`.`date_of_birth`, `therapy_therapistprofile`.`years_of_experience`, `therapy_therapistprofile`.`languages_spoken`, `therapy_therapistprofile`.`user_id`, `therapy_therapistprofile`.`created_at`, `therapy_therapistprofile`.`bio`, `therapy_therapistprofile`.`country` FROM `therapy_therapistprofile` ORDER BY `therapy_therapistprofile`.`created_at` DESC; args=(); alias=default
(0.000) SELECT `therapy_therapistprofile`.`id`, `therapy_therapistprofile`.`first_name`, `therapy_therapistprofile`.`last_name`, `therapy_therapistprofile`.`profile_image`, `therapy_therapistprofile`.`gender`, `therapy_therapistprofile`.`date_of_birth`, `therapy_therapistprofile`.`years_of_experience`, `therapy_therapistprofile`.`languages_spoken`, `therapy_therapistprofile`.`user_id`, `therapy_therapistprofile`.`created_at`, `therapy_therapistprofile`.`bio`, `therapy_therapistprofile`.`country` FROM `therapy_therapistprofile` WHERE `therapy_therapistprofile`.`user_id` = 4 LIMIT 21; args=(4,); alias=default
Exception while resolving variable 'therapist' in template 'easetalk/homepage.html'.
Traceback (most recent call last):
  File "C:\Users\HP\Desktop\easetalkproject\env\Lib\site-packages\django\template\base.py", line 883, in _resolve_lookup
    current = current[bit]
              ~~~~~~~^^^^^
  File "C:\Users\HP\Desktop\easetalkproject\env\Lib\site-packages\django\utils\functional.py", line 253, in inner
    return func(_wrapped, *args)
           ^^^^^^^^^^^^^^^^^^^^^
TypeError: 'CustomUser' object is not subscriptable

During handling of the above exception, another exception occurred:

Traceback (most recent call last):
  File "C:\Users\HP\Desktop\easetalkproject\env\Lib\site-packages\django\template\base.py", line 893, in _resolve_lookup
    current = getattr(current, bit)
              ^^^^^^^^^^^^^^^^^^^^^
  File "C:\Users\HP\Desktop\easetalkproject\env\Lib\site-packages\django\utils\functional.py", line 253, in inner
    return func(_wrapped, *args)
           ^^^^^^^^^^^^^^^^^^^^^
  File "C:\Users\HP\Desktop\easetalkproject\env\Lib\site-packages\django\db\models\fields\related_descriptors.py", line 531, in __get__
    raise self.RelatedObjectDoesNotExist(
easetalk.models.CustomUser.therapist.RelatedObjectDoesNotExist: CustomUser has no therapist.
Exception while resolving variable 'anonymoususer' in template 'easetalk/homepage.html'.
Traceback (most recent call last):
  File "C:\Users\HP\Desktop\easetalkproject\env\Lib\site-packages\django\template\base.py", line 883, in _resolve_lookup
    current = current[bit]
              ~~~~~~~^^^^^
  File "C:\Users\HP\Desktop\easetalkproject\env\Lib\site-packages\django\utils\functional.py", line 253, in inner
    return func(_wrapped, *args)
           ^^^^^^^^^^^^^^^^^^^^^
TypeError: 'CustomUser' object is not subscriptable

During handling of the above exception, another exception occurred:

Traceback (most recent call last):
  File "C:\Users\HP\Desktop\easetalkproject\env\Lib\site-packages\django\template\base.py", line 893, in _resolve_lookup
    current = getattr(current, bit)
              ^^^^^^^^^^^^^^^^^^^^^
  File "C:\Users\HP\Desktop\easetalkproject\env\Lib\site-packages\django\utils\functional.py", line 253, in inner
    return func(_wrapped, *args)
           ^^^^^^^^^^^^^^^^^^^^^
AttributeError: 'CustomUser' object has no attribute 'anonymoususer'

During handling of the above exception, another exception occurred:

Traceback (most recent call last):
  File "C:\Users\HP\Desktop\easetalkproject\env\Lib\site-packages\django\template\base.py", line 899, in _resolve_lookup
    current = current[int(bit)]
                      ^^^^^^^^
ValueError: invalid literal for int() with base 10: 'anonymoususer'

During handling of the above exception, another exception occurred:

Traceback (most recent call last):
  File "C:\Users\HP\Desktop\easetalkproject\env\Lib\site-packages\django\template\base.py", line 906, in _resolve_lookup
    raise VariableDoesNotExist(
django.template.base.VariableDoesNotExist: Failed lookup for key [anonymoususer] in <SimpleLazyObject: <CustomUser: anon_2c37d524 (anonymousUser)>>
(0.000) SELECT `easetalk_customuser`.`id`, `easetalk_customuser`.`password`, `easetalk_customuser`.`last_login`, `easetalk_customuser`.`is_superuser`, `easetalk_customuser`.`username`, `easetalk_customuser`.`first_name`, `easetalk_customuser`.`last_name`, `easetalk_customuser`.`is_staff`, `easetalk_customuser`.`is_active`, `easetalk_customuser`.`date_joined`, `easetalk_customuser`.`email`, `easetalk_customuser`.`role` FROM `easetalk_customuser` WHERE `easetalk_customuser`.`id` = 2 LIMIT 21; args=(2,); alias=default
(0.000) SELECT `therapy_specialization`.`id`, `therapy_specialization`.`name` FROM `therapy_specialization` INNER JOIN `therapy_therapistprofile_specializations` ON (`therapy_specialization`.`id` = `therapy_therapistprofile_specializations`.`specialization_id`) WHERE `therapy_therapistprofile_specializations`.`therapistprofile_id` = 1; args=(1,); alias=default
[mHTTP GET /easetalk/home/ 200 [0.36, 127.0.0.1:62418][0m
[36mHTTP GET /media/therapist/profile/black-businessman-4599847_1280.jpg 304 [0.02, 127.0.0.1:62418][0m
File C:\Users\HP\Desktop\easetalkproject\env\Lib\site-packages\social_django\migrations\__init__.py first seen with mtime 1743156294.8602824
File C:\Users\HP\Desktop\easetalkproject\env\Lib\site-packages\django\contrib\auth\migrations\0003_alter_user_email_max_length.py first seen with mtime 1742890065.240425
File C:\Users\HP\Desktop\easetalkproject\env\Lib\site-packages\django\contrib\auth\migrations\0010_alter_group_name_max_length.py first seen with mtime 1742890065.250271
File C:\Users\HP\Desktop\easetalkproject\env\Lib\site-packages\django\contrib\auth\migrations\0001_initial.py first seen with mtime 1742890065.2374108
File C:\Users\HP\Desktop\easetalkproject\env\Lib\site-packages\django\middleware\common.py first seen with mtime 1742890069.855588
File C:\Users\HP\Desktop\easetalkproject\env\Lib\site-packages\django\contrib\auth\middleware.py first seen with mtime 1742890064.830599
File C:\Users\HP\Desktop\easetalkproject\easetalkprojectapp\easetalk\consumers.py first seen with mtime 1742987122.3967116
File C:\Users\HP\Desktop\easetalkproject\env\Lib\site-packages\django\contrib\sessions\migrations\__init__.py first seen with mtime 1742890068.7496934
File C:\Users\HP\Desktop\easetalkproject\easetalkprojectapp\therapy\migrations\0001_initial.py first seen with mtime 1742893851.530703
File C:\Users\HP\Desktop\easetalkproject\env\Lib\site-packages\django\contrib\auth\migrations\0002_alter_permission_name_max_length.py first seen with mtime 1742890065.2374108
File C:\Users\HP\Desktop\easetalkproject\env\Lib\site-packages\django\contrib\auth\migrations\0009_alter_user_last_name_max_length.py first seen with mtime 1742890065.2466726
File C:\Users\HP\Desktop\easetalkproject\env\Lib\site-packages\django\db\backends\mysql\compiler.py first seen with mtime 1742890069.4786007
File C:\Users\HP\Desktop\easetalkproject\env\Lib\site-packages\django\middleware\security.py first seen with mtime 1742890069.8619974
File C:\Users\HP\Desktop\easetalkproject\env\Lib\site-packages\django\contrib\sessions\migrations\0001_initial.py first seen with mtime 1742890068.7496934
File C:\Users\HP\Desktop\easetalkproject\env\Lib\site-packages\social_django\migrations\0014_remove_usersocialauth_extra_data.py first seen with mtime 1743156294.8567777
File C:\Users\HP\Desktop\easetalkproject\env\Lib\site-packages\MySQLdb\connections.py first seen with mtime 1742891595.9262228
File C:\Users\HP\Desktop\easetalkproject\env\Lib\site-packages\django\contrib\sessions\backends\__init__.py first seen with mtime 1742890068.2986448
File C:\Users\HP\Desktop\easetalkproject\env\Lib\site-packages\django\views\csrf.py first seen with mtime 1742890069.9966366
File C:\Users\HP\Desktop\easetalkproject\easetalkprojectapp\therapy\migrations\0002_alter_therapistprofile_languages_spoken.py first seen with mtime 1742978381.953781
File C:\Users\HP\Desktop\easetalkproject\env\Lib\site-packages\channels\auth.py first seen with mtime 1742980029.422562
File C:\Users\HP\Desktop\easetalkproject\easetalkprojectapp\therapy\migrations\__init__.py first seen with mtime 1742892334.148643
File C:\Users\HP\Desktop\easetalkproject\env\Lib\site-packages\django\db\migrations\graph.py first seen with mtime 1742890069.5807939
File C:\Users\HP\Desktop\easetalkproject\env\Lib\site-packages\social_django\migrations\0009_auto_20191118_0520.py first seen with mtime 1743156294.8492928
File C:\Users\HP\Desktop\easetalkproject\env\Lib\site-packages\django\contrib\auth\migrations\0007_alter_validators_add_error_messages.py first seen with mtime 1742890065.2460337
File C:\Users\HP\Desktop\easetalkproject\env\Lib\site-packages\social_django\migrations\0004_auto_20160423_0400.py first seen with mtime 1743156294.8377147
File C:\Users\HP\Desktop\easetalkproject\env\Lib\site-packages\social_django\migrations\0011_alter_id_fields.py first seen with mtime 1743156294.8523474
File C:\Users\HP\Desktop\easetalkproject\easetalkprojectapp\anonymous\migrations\__init__.py first seen with mtime 1742908934.6651933
File C:\Users\HP\Desktop\easetalkproject\env\Lib\site-packages\django\contrib\auth\migrations\0011_update_proxy_permissions.py first seen with mtime 1742890065.2519133
File C:\Users\HP\Desktop\easetalkproject\env\Lib\site-packages\django\contrib\admin\migrations\0002_logentry_remove_auto_add.py first seen with mtime 1742890064.0656452
File C:\Users\HP\Desktop\easetalkproject\env\Lib\site-packages\django\contrib\contenttypes\migrations\0002_remove_content_type_name.py first seen with mtime 1742890065.7456758
File C:\Users\HP\Desktop\easetalkproject\env\Lib\site-packages\django\contrib\sessions\backends\base.py first seen with mtime 1742890068.2997665
File C:\Users\HP\Desktop\easetalkproject\env\Lib\site-packages\channels\generic\websocket.py first seen with mtime 1742980029.444646
File C:\Users\HP\Desktop\easetalkproject\env\Lib\site-packages\django\contrib\admin\migrations\__init__.py first seen with mtime 1742890064.0722282
File C:\Users\HP\Desktop\easetalkproject\env\Lib\site-packages\social_django\fields.py first seen with mtime 1743156294.8085263
File C:\Users\HP\Desktop\easetalkproject\env\Lib\site-packages\channels\generic\__init__.py first seen with mtime 1742980029.441013
File C:\Users\HP\Desktop\easetalkproject\env\Lib\site-packages\social_django\migrations\0007_code_timestamp.py first seen with mtime 1743156294.843745
File C:\Users\HP\Desktop\easetalkproject\env\Lib\site-packages\channels\db.py first seen with mtime 1742980029.4257622
File C:\Users\HP\Desktop\easetalkproject\env\Lib\site-packages\django\db\migrations\recorder.py first seen with mtime 1742890069.5891275
File C:\Users\HP\Desktop\easetalkproject\easetalkprojectapp\easetalkprojectapp\asgi.py first seen with mtime 1742985489.3465414
File C:\Users\HP\Desktop\easetalkproject\env\Lib\site-packages\django\contrib\sessions\middleware.py first seen with mtime 1742890068.292993
File C:\Users\HP\Desktop\easetalkproject\env\Lib\site-packages\social_django\migrations\0013_migrate_extra_data.py first seen with mtime 1743156294.855209
File C:\Users\HP\Desktop\easetalkproject\easetalkprojectapp\easetalk\migrations\__init__.py first seen with mtime 1742890230.3537672
File C:\Users\HP\Desktop\easetalkproject\easetalkprojectapp\easetalk\migrations\0002_message.py first seen with mtime 1742988872.7027154
File C:\Users\HP\Desktop\easetalkproject\env\Lib\site-packages\django\contrib\admin\migrations\0001_initial.py first seen with mtime 1742890064.0656452
File C:\Users\HP\Desktop\easetalkproject\easetalkprojectapp\easetalk\routing.py first seen with mtime 1742985529.817352
File C:\Users\HP\Desktop\easetalkproject\env\Lib\site-packages\django\contrib\auth\migrations\__init__.py first seen with mtime 1742890065.2519133
File C:\Users\HP\Desktop\easetalkproject\env\Lib\site-packages\django\db\models\sql\compiler.py first seen with mtime 1742890069.676671
File C:\Users\HP\Desktop\easetalkproject\env\Lib\site-packages\social_django\migrations\0003_alter_email_max_length.py first seen with mtime 1743156294.8377147
File C:\Users\HP\Desktop\easetalkproject\env\Lib\site-packages\django\contrib\messages\middleware.py first seen with mtime 1742890067.29156
File C:\Users\HP\Desktop\easetalkproject\env\Lib\site-packages\django\contrib\admin\migrations\0003_logentry_add_action_flag_choices.py first seen with mtime 1742890064.0656452
File C:\Users\HP\Desktop\easetalkproject\env\Lib\site-packages\channels\exceptions.py first seen with mtime 1742980029.4257622
File C:\Users\HP\Desktop\easetalkproject\env\Lib\site-packages\django\contrib\auth\backends.py first seen with mtime 1742890064.8205292
File C:\Users\HP\Desktop\easetalkproject\env\Lib\site-packages\social_django\migrations\0015_rename_extra_data_new_usersocialauth_extra_data.py first seen with mtime 1743156294.8587644
File C:\Users\HP\Desktop\easetalkproject\env\Lib\site-packages\django\db\migrations\loader.py first seen with mtime 1742890069.583845
File C:\Users\HP\Desktop\easetalkproject\env\Lib\site-packages\MySQLdb\cursors.py first seen with mtime 1742891595.9328082
File C:\Users\HP\Desktop\easetalkproject\env\Lib\site-packages\channels\layers.py first seen with mtime 1742980029.4307015
File C:\Users\HP\Desktop\easetalkproject\env\Lib\site-packages\django\contrib\sessions\backends\db.py first seen with mtime 1742890068.3055544
File C:\Users\HP\Desktop\easetalkproject\env\Lib\site-packages\social_django\migrations\0008_partial_timestamp.py first seen with mtime 1743156294.8453588
File C:\Users\HP\Desktop\easetalkproject\env\Lib\site-packages\channels\middleware.py first seen with mtime 1742980029.4307015
File C:\Users\HP\Desktop\easetalkproject\env\Lib\site-packages\social_django\migrations\0001_initial.py first seen with mtime 1743156294.8312643
File C:\Users\HP\Desktop\easetalkproject\env\Lib\site-packages\channels\consumer.py first seen with mtime 1742980029.4247508
File C:\Users\HP\Desktop\easetalkproject\env\Lib\site-packages\django\contrib\contenttypes\migrations\0001_initial.py first seen with mtime 1742890065.742162
File C:\Users\HP\Desktop\easetalkproject\env\Lib\site-packages\social_django\migrations\0005_auto_20160727_2333.py first seen with mtime 1743156294.840234
File C:\Users\HP\Desktop\easetalkproject\env\Lib\site-packages\social_django\migrations\0016_alter_usersocialauth_extra_data.py first seen with mtime 1743156294.8602824
File C:\Users\HP\Desktop\easetalkproject\env\Lib\site-packages\social_django\migrations\0010_uid_db_index.py first seen with mtime 1743156294.8492928
File C:\Users\HP\Desktop\easetalkproject\env\Lib\site-packages\channels\routing.py first seen with mtime 1742980029.4343307
File C:\Users\HP\Desktop\easetalkproject\env\Lib\site-packages\channels\sessions.py first seen with mtime 1742980029.4343307
File C:\Users\HP\Desktop\easetalkproject\env\Lib\site-packages\django\contrib\auth\migrations\0006_require_contenttypes_0002.py first seen with mtime 1742890065.240425
File C:\Users\HP\Desktop\easetalkproject\env\Lib\site-packages\django\contrib\auth\migrations\0004_alter_user_username_opts.py first seen with mtime 1742890065.240425
File C:\Users\HP\Desktop\easetalkproject\env\Lib\site-packages\django\db\migrations\executor.py first seen with mtime 1742890069.5807939
File C:\Users\HP\Desktop\easetalkproject\env\Lib\site-packages\django\contrib\auth\migrations\0005_alter_user_last_login_null.py first seen with mtime 1742890065.240425
File C:\Users\HP\Desktop\easetalkproject\env\Lib\site-packages\social_django\migrations\0012_usersocialauth_extra_data_new.py first seen with mtime 1743156294.8546908
File C:\Users\HP\Desktop\easetalkproject\env\Lib\site-packages\django\contrib\auth\migrations\0008_alter_user_username_max_length.py first seen with mtime 1742890065.2466726
File C:\Users\HP\Desktop\easetalkproject\env\Lib\site-packages\social_django\migrations\0002_add_related_name.py first seen with mtime 1743156294.8312643
File C:\Users\HP\Desktop\easetalkproject\env\Lib\site-packages\django\middleware\clickjacking.py first seen with mtime 1742890069.8525453
File C:\Users\HP\Desktop\easetalkproject\env\Lib\site-packages\social_django\migrations\0006_partial.py first seen with mtime 1743156294.8423884
File C:\Users\HP\Desktop\easetalkproject\env\Lib\site-packages\channels\utils.py first seen with mtime 1742980029.4343307
File C:\Users\HP\Desktop\easetalkproject\env\Lib\site-packages\django\contrib\auth\migrations\0012_alter_user_first_name_max_length.py first seen with mtime 1742890065.2519133
File C:\Users\HP\Desktop\easetalkproject\easetalkprojectapp\easetalk\migrations\0001_initial.py first seen with mtime 1742893217.3267264
File C:\Users\HP\Desktop\easetalkproject\env\Lib\site-packages\django\contrib\auth\views.py first seen with mtime 1742890064.845158
File C:\Users\HP\Desktop\easetalkproject\env\Lib\site-packages\django\contrib\sessions\exceptions.py first seen with mtime 1742890068.28801
File C:\Users\HP\Desktop\easetalkproject\env\Lib\site-packages\django\core\asgi.py first seen with mtime 1742890069.218633
File C:\Users\HP\Desktop\easetalkproject\env\Lib\site-packages\django\contrib\contenttypes\migrations\__init__.py first seen with mtime 1742890065.7456758
File C:\Users\HP\Desktop\easetalkproject\env\Lib\site-packages\oauthlib\oauth1\rfc5849\endpoints\__init__.py first seen with mtime 1743156272.8352933
File C:\Users\HP\Desktop\easetalkproject\env\Lib\site-packages\oauthlib\oauth2\rfc6749\grant_types\client_credentials.py first seen with mtime 1743156272.9119015
File C:\Users\HP\Desktop\easetalkproject\env\Lib\site-packages\oauthlib\oauth2\rfc6749\endpoints\authorization.py first seen with mtime 1743156272.890128
File C:\Users\HP\Desktop\easetalkproject\env\Lib\site-packages\oauthlib\__init__.py first seen with mtime 1743156272.8106697
File C:\Users\HP\Desktop\easetalkproject\env\Lib\site-packages\django\contrib\auth\context_processors.py first seen with mtime 1742890064.830599
File C:\Users\HP\Desktop\easetalkproject\env\Lib\site-packages\django\contrib\messages\storage\session.py first seen with mtime 1742890067.3039083
File C:\Users\HP\Desktop\easetalkproject\env\Lib\site-packages\oauthlib\oauth2\rfc6749\endpoints\pre_configured.py first seen with mtime 1743156272.89538
File C:\Users\HP\Desktop\easetalkproject\env\Lib\site-packages\oauthlib\uri_validate.py first seen with mtime 1743156272.8193748
File C:\Users\HP\Desktop\easetalkproject\env\Lib\site-packages\oauthlib\oauth2\rfc6749\clients\mobile_application.py first seen with mtime 1743156272.8799212
File C:\Users\HP\Desktop\easetalkproject\env\Lib\site-packages\oauthlib\oauth2\rfc6749\errors.py first seen with mtime 1743156272.8621402
File C:\Users\HP\Desktop\easetalkproject\env\Lib\site-packages\oauthlib\oauth2\rfc6749\endpoints\__init__.py first seen with mtime 1743156272.8876884
File C:\Users\HP\Desktop\easetalkproject\env\Lib\site-packages\oauthlib\oauth1\rfc5849\endpoints\authorization.py first seen with mtime 1743156272.8393304
File C:\Users\HP\Desktop\easetalkproject\env\Lib\site-packages\oauthlib\oauth2\rfc6749\clients\legacy_application.py first seen with mtime 1743156272.8799212
File C:\Users\HP\Desktop\easetalkproject\env\Lib\site-packages\oauthlib\oauth2\rfc6749\grant_types\resource_owner_password_credentials.py first seen with mtime 1743156272.918843
File C:\Users\HP\Desktop\easetalkproject\env\Lib\site-packages\oauthlib\oauth1\__init__.py first seen with mtime 1743156272.8193748
File C:\Users\HP\Desktop\easetalkproject\env\Lib\site-packages\django\template\context_processors.py first seen with mtime 1742890069.869456
File C:\Users\HP\Desktop\easetalkproject\env\Lib\site-packages\oauthlib\oauth2\rfc6749\clients\service_application.py first seen with mtime 1743156272.8837163
File C:\Users\HP\Desktop\easetalkproject\env\Lib\site-packages\oauthlib\oauth2\rfc6749\endpoints\base.py first seen with mtime 1743156272.892061
File C:\Users\HP\Desktop\easetalkproject\env\Lib\site-packages\requests_oauthlib\oauth1_auth.py first seen with mtime 1743156279.8332913
File C:\Users\HP\Desktop\easetalkproject\env\Lib\site-packages\social_core\backends\google.py first seen with mtime 1743156280.4888618
File C:\Users\HP\Desktop\easetalkproject\env\Lib\site-packages\oauthlib\oauth2\rfc8628\clients\__init__.py first seen with mtime 1743156272.9235425
File C:\Users\HP\Desktop\easetalkproject\env\Lib\site-packages\requests_oauthlib\oauth2_auth.py first seen with mtime 1743156279.84022
File C:\Users\HP\Desktop\easetalkproject\env\Lib\site-packages\django\contrib\staticfiles\storage.py first seen with mtime 1742890069.192106
File C:\Users\HP\Desktop\easetalkproject\env\Lib\site-packages\django\contrib\messages\context_processors.py first seen with mtime 1742890067.2892332
File C:\Users\HP\Desktop\easetalkproject\env\Lib\site-packages\oauthlib\oauth2\rfc6749\grant_types\implicit.py first seen with mtime 1743156272.9136014
File C:\Users\HP\Desktop\easetalkproject\env\Lib\site-packages\oauthlib\oauth2\rfc6749\grant_types\authorization_code.py first seen with mtime 1743156272.90768
File C:\Users\HP\Desktop\easetalkproject\env\Lib\site-packages\oauthlib\oauth2\rfc6749\endpoints\revocation.py first seen with mtime 1743156272.902241
File C:\Users\HP\Desktop\easetalkproject\env\Lib\site-packages\oauthlib\oauth2\__init__.py first seen with mtime 1743156272.8560338
File C:\Users\HP\Desktop\easetalkproject\env\Lib\site-packages\oauthlib\oauth2\rfc8628\__init__.py first seen with mtime 1743156272.9215221
File C:\Users\HP\Desktop\easetalkproject\env\Lib\site-packages\oauthlib\oauth2\rfc6749\request_validator.py first seen with mtime 1743156272.8675578
File C:\Users\HP\Desktop\easetalkproject\env\Lib\site-packages\oauthlib\common.py first seen with mtime 1743156272.8162296
File C:\Users\HP\Desktop\easetalkproject\env\Lib\site-packages\oauthlib\oauth2\rfc6749\grant_types\__init__.py first seen with mtime 1743156272.9065175
File C:\Users\HP\Desktop\easetalkproject\env\Lib\site-packages\oauthlib\oauth2\rfc6749\endpoints\metadata.py first seen with mtime 1743156272.89538
File C:\Users\HP\Desktop\easetalkproject\env\Lib\site-packages\oauthlib\oauth2\rfc6749\clients\backend_application.py first seen with mtime 1743156272.875279
File C:\Users\HP\Desktop\easetalkproject\env\Lib\site-packages\requests_oauthlib\__init__.py first seen with mtime 1743156279.8302767
File C:\Users\HP\Desktop\easetalkproject\env\Lib\site-packages\django\contrib\messages\storage\cookie.py first seen with mtime 1742890067.301566
File C:\Users\HP\Desktop\easetalkproject\env\Lib\site-packages\oauthlib\oauth2\rfc6749\clients\web_application.py first seen with mtime 1743156272.8852272
File C:\Users\HP\Desktop\easetalkproject\env\Lib\site-packages\oauthlib\oauth1\rfc5849\utils.py first seen with mtime 1743156272.8337522
File C:\Users\HP\Desktop\easetalkproject\env\Lib\site-packages\oauthlib\oauth2\rfc6749\grant_types\base.py first seen with mtime 1743156272.9099765
File C:\Users\HP\Desktop\easetalkproject\env\Lib\site-packages\oauthlib\oauth2\rfc6749\__init__.py first seen with mtime 1743156272.8598266
File C:\Users\HP\Desktop\easetalkproject\env\Lib\site-packages\oauthlib\oauth1\rfc5849\errors.py first seen with mtime 1743156272.8259354
File C:\Users\HP\Desktop\easetalkproject\env\Lib\site-packages\oauthlib\oauth2\rfc6749\endpoints\token.py first seen with mtime 1743156272.9038718
File C:\Users\HP\Desktop\easetalkproject\env\Lib\site-packages\oauthlib\oauth1\rfc5849\endpoints\signature_only.py first seen with mtime 1743156272.8514187
File C:\Users\HP\Desktop\easetalkproject\env\Lib\site-packages\oauthlib\oauth1\rfc5849\signature.py first seen with mtime 1743156272.830623
File C:\Users\HP\Desktop\easetalkproject\env\Lib\site-packages\oauthlib\oauth2\rfc8628\clients\device.py first seen with mtime 1743156272.928233
File C:\Users\HP\Desktop\easetalkproject\env\Lib\site-packages\oauthlib\oauth2\rfc6749\utils.py first seen with mtime 1743156272.8709664
File C:\Users\HP\Desktop\easetalkproject\env\Lib\site-packages\oauthlib\oauth1\rfc5849\endpoints\base.py first seen with mtime 1743156272.841915
File C:\Users\HP\Desktop\easetalkproject\env\Lib\site-packages\oauthlib\oauth1\rfc5849\endpoints\pre_configured.py first seen with mtime 1743156272.8455262
File C:\Users\HP\Desktop\easetalkproject\env\Lib\site-packages\oauthlib\oauth2\rfc6749\clients\base.py first seen with mtime 1743156272.8766632
File C:\Users\HP\Desktop\easetalkproject\env\Lib\site-packages\oauthlib\oauth1\rfc5849\endpoints\access_token.py first seen with mtime 1743156272.8352933
File C:\Users\HP\Desktop\easetalkproject\env\Lib\site-packages\oauthlib\oauth1\rfc5849\__init__.py first seen with mtime 1743156272.8222215
File C:\Users\HP\Desktop\easetalkproject\env\Lib\site-packages\oauthlib\oauth2\rfc6749\endpoints\resource.py first seen with mtime 1743156272.9004128
File C:\Users\HP\Desktop\easetalkproject\env\Lib\site-packages\oauthlib\oauth2\rfc6749\grant_types\refresh_token.py first seen with mtime 1743156272.9171183
File C:\Users\HP\Desktop\easetalkproject\env\Lib\site-packages\oauthlib\oauth2\rfc6749\endpoints\introspect.py first seen with mtime 1743156272.8943684
File C:\Users\HP\Desktop\easetalkproject\env\Lib\site-packages\requests_oauthlib\oauth1_session.py first seen with mtime 1743156279.8354225
File C:\Users\HP\Desktop\easetalkproject\env\Lib\site-packages\oauthlib\oauth2\rfc6749\parameters.py first seen with mtime 1743156272.8652236
File C:\Users\HP\Desktop\easetalkproject\env\Lib\site-packages\oauthlib\oauth1\rfc5849\endpoints\request_token.py first seen with mtime 1743156272.8480377
File C:\Users\HP\Desktop\easetalkproject\env\Lib\site-packages\oauthlib\oauth1\rfc5849\parameters.py first seen with mtime 1743156272.8270857
File C:\Users\HP\Desktop\easetalkproject\env\Lib\site-packages\django\contrib\sessions\serializers.py first seen with mtime 1742890068.2959826
File C:\Users\HP\Desktop\easetalkproject\env\Lib\site-packages\oauthlib\oauth1\rfc5849\endpoints\resource.py first seen with mtime 1743156272.8503795
File C:\Users\HP\Desktop\easetalkproject\env\Lib\site-packages\django\contrib\messages\storage\fallback.py first seen with mtime 1742890067.301566
File C:\Users\HP\Desktop\easetalkproject\env\Lib\site-packages\social_core\backends\oauth.py first seen with mtime 1743156280.5561237
File C:\Users\HP\Desktop\easetalkproject\env\Lib\site-packages\oauthlib\oauth2\rfc6749\tokens.py first seen with mtime 1743156272.869229
File C:\Users\HP\Desktop\easetalkproject\env\Lib\site-packages\oauthlib\oauth1\rfc5849\request_validator.py first seen with mtime 1743156272.8270857
File C:\Users\HP\Desktop\easetalkproject\env\Lib\site-packages\requests_oauthlib\oauth2_session.py first seen with mtime 1743156279.8426378
File C:\Users\HP\Desktop\easetalkproject\env\Lib\site-packages\oauthlib\signals.py first seen with mtime 1743156272.8181849
File C:\Users\HP\Desktop\easetalkproject\env\Lib\site-packages\oauthlib\oauth2\rfc6749\clients\__init__.py first seen with mtime 1743156272.872994
Exception while resolving variable 'name' in template 'unknown'.
Traceback (most recent call last):
  File "C:\Users\HP\Desktop\easetalkproject\env\Lib\site-packages\asgiref\sync.py", line 518, in thread_handler
    raise exc_info[1]
  File "C:\Users\HP\Desktop\easetalkproject\env\Lib\site-packages\django\core\handlers\exception.py", line 42, in inner
    response = await get_response(request)
               ^^^^^^^^^^^^^^^^^^^^^^^^^^^
  File "C:\Users\HP\Desktop\easetalkproject\env\Lib\site-packages\django\core\handlers\base.py", line 235, in _get_response_async
    callback, callback_args, callback_kwargs = self.resolve_request(request)
                                               ^^^^^^^^^^^^^^^^^^^^^^^^^^^^^
  File "C:\Users\HP\Desktop\easetalkproject\env\Lib\site-packages\django\core\handlers\base.py", line 313, in resolve_request
    resolver_match = resolver.resolve(request.path_info)
                     ^^^^^^^^^^^^^^^^^^^^^^^^^^^^^^^^^^^
  File "C:\Users\HP\Desktop\easetalkproject\env\Lib\site-packages\django\urls\resolvers.py", line 705, in resolve
    raise Resolver404({"tried": tried, "path": new_path})
django.urls.exceptions.Resolver404: {'tried': [[<URLResolver <URLPattern list> (admin:admin) 'admin/'>], [<URLResolver <module 'social_django.urls' from 'C:\\Users\\HP\\Desktop\\easetalkproject\\env\\Lib\\site-packages\\social_django\\urls.py'> (social:social) 'auth/'>], [<URLResolver <module 'easetalk.urls' from 'C:\\Users\\HP\\Desktop\\easetalkproject\\easetalkprojectapp\\easetalk\\urls.py'> (easetalk:easetalk) 'easetalk/'>, <URLPattern '' [name='index']>], [<URLResolver <module 'easetalk.urls' from 'C:\\Users\\HP\\Desktop\\easetalkproject\\easetalkprojectapp\\easetalk\\urls.py'> (easetalk:easetalk) 'easetalk/'>, <URLPattern 'avatar-menu/' [name='avatar_menu']>], [<URLResolver <module 'easetalk.urls' from 'C:\\Users\\HP\\Desktop\\easetalkproject\\easetalkprojectapp\\easetalk\\urls.py'> (easetalk:easetalk) 'easetalk/'>, <URLPattern 'avatar-menu-close/' [name='avatar_menu_close']>], [<URLResolver <module 'easetalk.urls' from 'C:\\Users\\HP\\Desktop\\easetalkproject\\easetalkprojectapp\\easetalk\\urls.py'> (easetalk:easetalk) 'easetalk/'>, <URLPattern 'home/' [name='home']>], [<URLResolver <module 'easetalk.urls' from 'C:\\Users\\HP\\Desktop\\easetalkproject\\easetalkprojectapp\\easetalk\\urls.py'> (easetalk:easetalk) 'easetalk/'>, <URLPattern 'sidebar/' [name='sidebar_view']>], [<URLResolver <module 'easetalk.urls' from 'C:\\Users\\HP\\Desktop\\easetalkproject\\easetalkprojectapp\\easetalk\\urls.py'> (easetalk:easetalk) 'easetalk/'>, <URLPattern 'sidebar/<int:topic_id>/' [name='sidebar_view']>], [<URLResolver <module 'easetalk.urls' from 'C:\\Users\\HP\\Desktop\\easetalkproject\\easetalkprojectapp\\easetalk\\urls.py'> (easetalk:easetalk) 'easetalk/'>, <URLPattern 'sidebar/<int:topic_id>/<int:subtopic_id>/' [name='sidebar_view']>], [<URLResolver <module 'easetalk.urls' from 'C:\\Users\\HP\\Desktop\\easetalkproject\\easetalkprojectapp\\easetalk\\urls.py'> (easetalk:easetalk) 'easetalk/'>, <URLPattern 'mentalhealth/' [name='mental_health']>], [<URLResolver <module 'easetalk.urls' from 'C:\\Users\\HP\\Desktop\\easetalkproject\\easetalkprojectapp\\easetalk\\urls.py'> (easetalk:easetalk) 'easetalk/'>, <URLPattern 'relationship/' [name='relationship']>], [<URLResolver <module 'easetalk.urls' from 'C:\\Users\\HP\\Desktop\\easetalkproject\\easetalkprojectapp\\easetalk\\urls.py'> (easetalk:easetalk) 'easetalk/'>, <URLPattern 'trauma/' [name='trauma']>], [<URLResolver <module 'easetalk.urls' from 'C:\\Users\\HP\\Desktop\\easetalkproject\\easetalkprojectapp\\easetalk\\urls.py'> (easetalk:easetalk) 'easetalk/'>, <URLPattern 'Self-Esteem/' [name='selfesteem']>], [<URLResolver <module 'easetalk.urls' from 'C:\\Users\\HP\\Desktop\\easetalkproject\\easetalkprojectapp\\easetalk\\urls.py'> (easetalk:easetalk) 'easetalk/'>, <URLPattern 'spirituality/' [name='spirituality']>], [<URLResolver <module 'easetalk.urls' from 'C:\\Users\\HP\\Desktop\\easetalkproject\\easetalkprojectapp\\easetalk\\urls.py'> (easetalk:easetalk) 'easetalk/'>, <URLPattern 'addiction/' [name='addiction']>], [<URLResolver <module 'easetalk.urls' from 'C:\\Users\\HP\\Desktop\\easetalkproject\\easetalkprojectapp\\easetalk\\urls.py'> (easetalk:easetalk) 'easetalk/'>, <URLPattern 'chats/<str:room_name>/' [name='chats']>], [<URLResolver <module 'therapy.urls' from 'C:\\Users\\HP\\Desktop\\easetalkproject\\easetalkprojectapp\\therapy\\urls.py'> (therapy:therapy) 'therapy/'>], [<URLResolver <module 'anonymous.urls' from 'C:\\Users\\HP\\Desktop\\easetalkproject\\easetalkprojectapp\\anonymous\\urls.py'> (anonymous:anonymous) 'anonymous/'>], [<URLPattern '^media/(?P<path>.*)$'>]], 'path': 'easetalk/therapist/1'}

During handling of the above exception, another exception occurred:

Traceback (most recent call last):
  File "C:\Users\HP\Desktop\easetalkproject\env\Lib\site-packages\django\template\base.py", line 883, in _resolve_lookup
    current = current[bit]
              ~~~~~~~^^^^^
TypeError: 'URLResolver' object is not subscriptable

During handling of the above exception, another exception occurred:

Traceback (most recent call last):
  File "C:\Users\HP\Desktop\easetalkproject\env\Lib\site-packages\django\template\base.py", line 893, in _resolve_lookup
    current = getattr(current, bit)
              ^^^^^^^^^^^^^^^^^^^^^
AttributeError: 'URLResolver' object has no attribute 'name'

During handling of the above exception, another exception occurred:

Traceback (most recent call last):
  File "C:\Users\HP\Desktop\easetalkproject\env\Lib\site-packages\django\template\base.py", line 899, in _resolve_lookup
    current = current[int(bit)]
                      ^^^^^^^^
ValueError: invalid literal for int() with base 10: 'name'

During handling of the above exception, another exception occurred:

Traceback (most recent call last):
  File "C:\Users\HP\Desktop\easetalkproject\env\Lib\site-packages\django\template\base.py", line 906, in _resolve_lookup
    raise VariableDoesNotExist(
django.template.base.VariableDoesNotExist: Failed lookup for key [name] in <URLResolver <URLPattern list> (admin:admin) 'admin/'>
Exception while resolving variable 'name' in template 'unknown'.
Traceback (most recent call last):
  File "C:\Users\HP\Desktop\easetalkproject\env\Lib\site-packages\asgiref\sync.py", line 518, in thread_handler
    raise exc_info[1]
  File "C:\Users\HP\Desktop\easetalkproject\env\Lib\site-packages\django\core\handlers\exception.py", line 42, in inner
    response = await get_response(request)
               ^^^^^^^^^^^^^^^^^^^^^^^^^^^
  File "C:\Users\HP\Desktop\easetalkproject\env\Lib\site-packages\django\core\handlers\base.py", line 235, in _get_response_async
    callback, callback_args, callback_kwargs = self.resolve_request(request)
                                               ^^^^^^^^^^^^^^^^^^^^^^^^^^^^^
  File "C:\Users\HP\Desktop\easetalkproject\env\Lib\site-packages\django\core\handlers\base.py", line 313, in resolve_request
    resolver_match = resolver.resolve(request.path_info)
                     ^^^^^^^^^^^^^^^^^^^^^^^^^^^^^^^^^^^
  File "C:\Users\HP\Desktop\easetalkproject\env\Lib\site-packages\django\urls\resolvers.py", line 705, in resolve
    raise Resolver404({"tried": tried, "path": new_path})
django.urls.exceptions.Resolver404: {'tried': [[<URLResolver <URLPattern list> (admin:admin) 'admin/'>], [<URLResolver <module 'social_django.urls' from 'C:\\Users\\HP\\Desktop\\easetalkproject\\env\\Lib\\site-packages\\social_django\\urls.py'> (social:social) 'auth/'>], [<URLResolver <module 'easetalk.urls' from 'C:\\Users\\HP\\Desktop\\easetalkproject\\easetalkprojectapp\\easetalk\\urls.py'> (easetalk:easetalk) 'easetalk/'>, <URLPattern '' [name='index']>], [<URLResolver <module 'easetalk.urls' from 'C:\\Users\\HP\\Desktop\\easetalkproject\\easetalkprojectapp\\easetalk\\urls.py'> (easetalk:easetalk) 'easetalk/'>, <URLPattern 'avatar-menu/' [name='avatar_menu']>], [<URLResolver <module 'easetalk.urls' from 'C:\\Users\\HP\\Desktop\\easetalkproject\\easetalkprojectapp\\easetalk\\urls.py'> (easetalk:easetalk) 'easetalk/'>, <URLPattern 'avatar-menu-close/' [name='avatar_menu_close']>], [<URLResolver <module 'easetalk.urls' from 'C:\\Users\\HP\\Desktop\\easetalkproject\\easetalkprojectapp\\easetalk\\urls.py'> (easetalk:easetalk) 'easetalk/'>, <URLPattern 'home/' [name='home']>], [<URLResolver <module 'easetalk.urls' from 'C:\\Users\\HP\\Desktop\\easetalkproject\\easetalkprojectapp\\easetalk\\urls.py'> (easetalk:easetalk) 'easetalk/'>, <URLPattern 'sidebar/' [name='sidebar_view']>], [<URLResolver <module 'easetalk.urls' from 'C:\\Users\\HP\\Desktop\\easetalkproject\\easetalkprojectapp\\easetalk\\urls.py'> (easetalk:easetalk) 'easetalk/'>, <URLPattern 'sidebar/<int:topic_id>/' [name='sidebar_view']>], [<URLResolver <module 'easetalk.urls' from 'C:\\Users\\HP\\Desktop\\easetalkproject\\easetalkprojectapp\\easetalk\\urls.py'> (easetalk:easetalk) 'easetalk/'>, <URLPattern 'sidebar/<int:topic_id>/<int:subtopic_id>/' [name='sidebar_view']>], [<URLResolver <module 'easetalk.urls' from 'C:\\Users\\HP\\Desktop\\easetalkproject\\easetalkprojectapp\\easetalk\\urls.py'> (easetalk:easetalk) 'easetalk/'>, <URLPattern 'mentalhealth/' [name='mental_health']>], [<URLResolver <module 'easetalk.urls' from 'C:\\Users\\HP\\Desktop\\easetalkproject\\easetalkprojectapp\\easetalk\\urls.py'> (easetalk:easetalk) 'easetalk/'>, <URLPattern 'relationship/' [name='relationship']>], [<URLResolver <module 'easetalk.urls' from 'C:\\Users\\HP\\Desktop\\easetalkproject\\easetalkprojectapp\\easetalk\\urls.py'> (easetalk:easetalk) 'easetalk/'>, <URLPattern 'trauma/' [name='trauma']>], [<URLResolver <module 'easetalk.urls' from 'C:\\Users\\HP\\Desktop\\easetalkproject\\easetalkprojectapp\\easetalk\\urls.py'> (easetalk:easetalk) 'easetalk/'>, <URLPattern 'Self-Esteem/' [name='selfesteem']>], [<URLResolver <module 'easetalk.urls' from 'C:\\Users\\HP\\Desktop\\easetalkproject\\easetalkprojectapp\\easetalk\\urls.py'> (easetalk:easetalk) 'easetalk/'>, <URLPattern 'spirituality/' [name='spirituality']>], [<URLResolver <module 'easetalk.urls' from 'C:\\Users\\HP\\Desktop\\easetalkproject\\easetalkprojectapp\\easetalk\\urls.py'> (easetalk:easetalk) 'easetalk/'>, <URLPattern 'addiction/' [name='addiction']>], [<URLResolver <module 'easetalk.urls' from 'C:\\Users\\HP\\Desktop\\easetalkproject\\easetalkprojectapp\\easetalk\\urls.py'> (easetalk:easetalk) 'easetalk/'>, <URLPattern 'chats/<str:room_name>/' [name='chats']>], [<URLResolver <module 'therapy.urls' from 'C:\\Users\\HP\\Desktop\\easetalkproject\\easetalkprojectapp\\therapy\\urls.py'> (therapy:therapy) 'therapy/'>], [<URLResolver <module 'anonymous.urls' from 'C:\\Users\\HP\\Desktop\\easetalkproject\\easetalkprojectapp\\anonymous\\urls.py'> (anonymous:anonymous) 'anonymous/'>], [<URLPattern '^media/(?P<path>.*)$'>]], 'path': 'easetalk/therapist/1'}

During handling of the above exception, another exception occurred:

Traceback (most recent call last):
  File "C:\Users\HP\Desktop\easetalkproject\env\Lib\site-packages\django\template\base.py", line 883, in _resolve_lookup
    current = current[bit]
              ~~~~~~~^^^^^
TypeError: 'URLResolver' object is not subscriptable

During handling of the above exception, another exception occurred:

Traceback (most recent call last):
  File "C:\Users\HP\Desktop\easetalkproject\env\Lib\site-packages\django\template\base.py", line 893, in _resolve_lookup
    current = getattr(current, bit)
              ^^^^^^^^^^^^^^^^^^^^^
AttributeError: 'URLResolver' object has no attribute 'name'

During handling of the above exception, another exception occurred:

Traceback (most recent call last):
  File "C:\Users\HP\Desktop\easetalkproject\env\Lib\site-packages\django\template\base.py", line 899, in _resolve_lookup
    current = current[int(bit)]
                      ^^^^^^^^
ValueError: invalid literal for int() with base 10: 'name'

During handling of the above exception, another exception occurred:

Traceback (most recent call last):
  File "C:\Users\HP\Desktop\easetalkproject\env\Lib\site-packages\django\template\base.py", line 906, in _resolve_lookup
    raise VariableDoesNotExist(
django.template.base.VariableDoesNotExist: Failed lookup for key [name] in <URLResolver <module 'social_django.urls' from 'C:\\Users\\HP\\Desktop\\easetalkproject\\env\\Lib\\site-packages\\social_django\\urls.py'> (social:social) 'auth/'>
Exception while resolving variable 'name' in template 'unknown'.
Traceback (most recent call last):
  File "C:\Users\HP\Desktop\easetalkproject\env\Lib\site-packages\asgiref\sync.py", line 518, in thread_handler
    raise exc_info[1]
  File "C:\Users\HP\Desktop\easetalkproject\env\Lib\site-packages\django\core\handlers\exception.py", line 42, in inner
    response = await get_response(request)
               ^^^^^^^^^^^^^^^^^^^^^^^^^^^
  File "C:\Users\HP\Desktop\easetalkproject\env\Lib\site-packages\django\core\handlers\base.py", line 235, in _get_response_async
    callback, callback_args, callback_kwargs = self.resolve_request(request)
                                               ^^^^^^^^^^^^^^^^^^^^^^^^^^^^^
  File "C:\Users\HP\Desktop\easetalkproject\env\Lib\site-packages\django\core\handlers\base.py", line 313, in resolve_request
    resolver_match = resolver.resolve(request.path_info)
                     ^^^^^^^^^^^^^^^^^^^^^^^^^^^^^^^^^^^
  File "C:\Users\HP\Desktop\easetalkproject\env\Lib\site-packages\django\urls\resolvers.py", line 705, in resolve
    raise Resolver404({"tried": tried, "path": new_path})
django.urls.exceptions.Resolver404: {'tried': [[<URLResolver <URLPattern list> (admin:admin) 'admin/'>], [<URLResolver <module 'social_django.urls' from 'C:\\Users\\HP\\Desktop\\easetalkproject\\env\\Lib\\site-packages\\social_django\\urls.py'> (social:social) 'auth/'>], [<URLResolver <module 'easetalk.urls' from 'C:\\Users\\HP\\Desktop\\easetalkproject\\easetalkprojectapp\\easetalk\\urls.py'> (easetalk:easetalk) 'easetalk/'>, <URLPattern '' [name='index']>], [<URLResolver <module 'easetalk.urls' from 'C:\\Users\\HP\\Desktop\\easetalkproject\\easetalkprojectapp\\easetalk\\urls.py'> (easetalk:easetalk) 'easetalk/'>, <URLPattern 'avatar-menu/' [name='avatar_menu']>], [<URLResolver <module 'easetalk.urls' from 'C:\\Users\\HP\\Desktop\\easetalkproject\\easetalkprojectapp\\easetalk\\urls.py'> (easetalk:easetalk) 'easetalk/'>, <URLPattern 'avatar-menu-close/' [name='avatar_menu_close']>], [<URLResolver <module 'easetalk.urls' from 'C:\\Users\\HP\\Desktop\\easetalkproject\\easetalkprojectapp\\easetalk\\urls.py'> (easetalk:easetalk) 'easetalk/'>, <URLPattern 'home/' [name='home']>], [<URLResolver <module 'easetalk.urls' from 'C:\\Users\\HP\\Desktop\\easetalkproject\\easetalkprojectapp\\easetalk\\urls.py'> (easetalk:easetalk) 'easetalk/'>, <URLPattern 'sidebar/' [name='sidebar_view']>], [<URLResolver <module 'easetalk.urls' from 'C:\\Users\\HP\\Desktop\\easetalkproject\\easetalkprojectapp\\easetalk\\urls.py'> (easetalk:easetalk) 'easetalk/'>, <URLPattern 'sidebar/<int:topic_id>/' [name='sidebar_view']>], [<URLResolver <module 'easetalk.urls' from 'C:\\Users\\HP\\Desktop\\easetalkproject\\easetalkprojectapp\\easetalk\\urls.py'> (easetalk:easetalk) 'easetalk/'>, <URLPattern 'sidebar/<int:topic_id>/<int:subtopic_id>/' [name='sidebar_view']>], [<URLResolver <module 'easetalk.urls' from 'C:\\Users\\HP\\Desktop\\easetalkproject\\easetalkprojectapp\\easetalk\\urls.py'> (easetalk:easetalk) 'easetalk/'>, <URLPattern 'mentalhealth/' [name='mental_health']>], [<URLResolver <module 'easetalk.urls' from 'C:\\Users\\HP\\Desktop\\easetalkproject\\easetalkprojectapp\\easetalk\\urls.py'> (easetalk:easetalk) 'easetalk/'>, <URLPattern 'relationship/' [name='relationship']>], [<URLResolver <module 'easetalk.urls' from 'C:\\Users\\HP\\Desktop\\easetalkproject\\easetalkprojectapp\\easetalk\\urls.py'> (easetalk:easetalk) 'easetalk/'>, <URLPattern 'trauma/' [name='trauma']>], [<URLResolver <module 'easetalk.urls' from 'C:\\Users\\HP\\Desktop\\easetalkproject\\easetalkprojectapp\\easetalk\\urls.py'> (easetalk:easetalk) 'easetalk/'>, <URLPattern 'Self-Esteem/' [name='selfesteem']>], [<URLResolver <module 'easetalk.urls' from 'C:\\Users\\HP\\Desktop\\easetalkproject\\easetalkprojectapp\\easetalk\\urls.py'> (easetalk:easetalk) 'easetalk/'>, <URLPattern 'spirituality/' [name='spirituality']>], [<URLResolver <module 'easetalk.urls' from 'C:\\Users\\HP\\Desktop\\easetalkproject\\easetalkprojectapp\\easetalk\\urls.py'> (easetalk:easetalk) 'easetalk/'>, <URLPattern 'addiction/' [name='addiction']>], [<URLResolver <module 'easetalk.urls' from 'C:\\Users\\HP\\Desktop\\easetalkproject\\easetalkprojectapp\\easetalk\\urls.py'> (easetalk:easetalk) 'easetalk/'>, <URLPattern 'chats/<str:room_name>/' [name='chats']>], [<URLResolver <module 'therapy.urls' from 'C:\\Users\\HP\\Desktop\\easetalkproject\\easetalkprojectapp\\therapy\\urls.py'> (therapy:therapy) 'therapy/'>], [<URLResolver <module 'anonymous.urls' from 'C:\\Users\\HP\\Desktop\\easetalkproject\\easetalkprojectapp\\anonymous\\urls.py'> (anonymous:anonymous) 'anonymous/'>], [<URLPattern '^media/(?P<path>.*)$'>]], 'path': 'easetalk/therapist/1'}

During handling of the above exception, another exception occurred:

Traceback (most recent call last):
  File "C:\Users\HP\Desktop\easetalkproject\env\Lib\site-packages\django\template\base.py", line 883, in _resolve_lookup
    current = current[bit]
              ~~~~~~~^^^^^
TypeError: 'URLResolver' object is not subscriptable

During handling of the above exception, another exception occurred:

Traceback (most recent call last):
  File "C:\Users\HP\Desktop\easetalkproject\env\Lib\site-packages\django\template\base.py", line 893, in _resolve_lookup
    current = getattr(current, bit)
              ^^^^^^^^^^^^^^^^^^^^^
AttributeError: 'URLResolver' object has no attribute 'name'

During handling of the above exception, another exception occurred:

Traceback (most recent call last):
  File "C:\Users\HP\Desktop\easetalkproject\env\Lib\site-packages\django\template\base.py", line 899, in _resolve_lookup
    current = current[int(bit)]
                      ^^^^^^^^
ValueError: invalid literal for int() with base 10: 'name'

During handling of the above exception, another exception occurred:

Traceback (most recent call last):
  File "C:\Users\HP\Desktop\easetalkproject\env\Lib\site-packages\django\template\base.py", line 906, in _resolve_lookup
    raise VariableDoesNotExist(
django.template.base.VariableDoesNotExist: Failed lookup for key [name] in <URLResolver <module 'therapy.urls' from 'C:\\Users\\HP\\Desktop\\easetalkproject\\easetalkprojectapp\\therapy\\urls.py'> (therapy:therapy) 'therapy/'>
Exception while resolving variable 'name' in template 'unknown'.
Traceback (most recent call last):
  File "C:\Users\HP\Desktop\easetalkproject\env\Lib\site-packages\asgiref\sync.py", line 518, in thread_handler
    raise exc_info[1]
  File "C:\Users\HP\Desktop\easetalkproject\env\Lib\site-packages\django\core\handlers\exception.py", line 42, in inner
    response = await get_response(request)
               ^^^^^^^^^^^^^^^^^^^^^^^^^^^
  File "C:\Users\HP\Desktop\easetalkproject\env\Lib\site-packages\django\core\handlers\base.py", line 235, in _get_response_async
    callback, callback_args, callback_kwargs = self.resolve_request(request)
                                               ^^^^^^^^^^^^^^^^^^^^^^^^^^^^^
  File "C:\Users\HP\Desktop\easetalkproject\env\Lib\site-packages\django\core\handlers\base.py", line 313, in resolve_request
    resolver_match = resolver.resolve(request.path_info)
                     ^^^^^^^^^^^^^^^^^^^^^^^^^^^^^^^^^^^
  File "C:\Users\HP\Desktop\easetalkproject\env\Lib\site-packages\django\urls\resolvers.py", line 705, in resolve
    raise Resolver404({"tried": tried, "path": new_path})
django.urls.exceptions.Resolver404: {'tried': [[<URLResolver <URLPattern list> (admin:admin) 'admin/'>], [<URLResolver <module 'social_django.urls' from 'C:\\Users\\HP\\Desktop\\easetalkproject\\env\\Lib\\site-packages\\social_django\\urls.py'> (social:social) 'auth/'>], [<URLResolver <module 'easetalk.urls' from 'C:\\Users\\HP\\Desktop\\easetalkproject\\easetalkprojectapp\\easetalk\\urls.py'> (easetalk:easetalk) 'easetalk/'>, <URLPattern '' [name='index']>], [<URLResolver <module 'easetalk.urls' from 'C:\\Users\\HP\\Desktop\\easetalkproject\\easetalkprojectapp\\easetalk\\urls.py'> (easetalk:easetalk) 'easetalk/'>, <URLPattern 'avatar-menu/' [name='avatar_menu']>], [<URLResolver <module 'easetalk.urls' from 'C:\\Users\\HP\\Desktop\\easetalkproject\\easetalkprojectapp\\easetalk\\urls.py'> (easetalk:easetalk) 'easetalk/'>, <URLPattern 'avatar-menu-close/' [name='avatar_menu_close']>], [<URLResolver <module 'easetalk.urls' from 'C:\\Users\\HP\\Desktop\\easetalkproject\\easetalkprojectapp\\easetalk\\urls.py'> (easetalk:easetalk) 'easetalk/'>, <URLPattern 'home/' [name='home']>], [<URLResolver <module 'easetalk.urls' from 'C:\\Users\\HP\\Desktop\\easetalkproject\\easetalkprojectapp\\easetalk\\urls.py'> (easetalk:easetalk) 'easetalk/'>, <URLPattern 'sidebar/' [name='sidebar_view']>], [<URLResolver <module 'easetalk.urls' from 'C:\\Users\\HP\\Desktop\\easetalkproject\\easetalkprojectapp\\easetalk\\urls.py'> (easetalk:easetalk) 'easetalk/'>, <URLPattern 'sidebar/<int:topic_id>/' [name='sidebar_view']>], [<URLResolver <module 'easetalk.urls' from 'C:\\Users\\HP\\Desktop\\easetalkproject\\easetalkprojectapp\\easetalk\\urls.py'> (easetalk:easetalk) 'easetalk/'>, <URLPattern 'sidebar/<int:topic_id>/<int:subtopic_id>/' [name='sidebar_view']>], [<URLResolver <module 'easetalk.urls' from 'C:\\Users\\HP\\Desktop\\easetalkproject\\easetalkprojectapp\\easetalk\\urls.py'> (easetalk:easetalk) 'easetalk/'>, <URLPattern 'mentalhealth/' [name='mental_health']>], [<URLResolver <module 'easetalk.urls' from 'C:\\Users\\HP\\Desktop\\easetalkproject\\easetalkprojectapp\\easetalk\\urls.py'> (easetalk:easetalk) 'easetalk/'>, <URLPattern 'relationship/' [name='relationship']>], [<URLResolver <module 'easetalk.urls' from 'C:\\Users\\HP\\Desktop\\easetalkproject\\easetalkprojectapp\\easetalk\\urls.py'> (easetalk:easetalk) 'easetalk/'>, <URLPattern 'trauma/' [name='trauma']>], [<URLResolver <module 'easetalk.urls' from 'C:\\Users\\HP\\Desktop\\easetalkproject\\easetalkprojectapp\\easetalk\\urls.py'> (easetalk:easetalk) 'easetalk/'>, <URLPattern 'Self-Esteem/' [name='selfesteem']>], [<URLResolver <module 'easetalk.urls' from 'C:\\Users\\HP\\Desktop\\easetalkproject\\easetalkprojectapp\\easetalk\\urls.py'> (easetalk:easetalk) 'easetalk/'>, <URLPattern 'spirituality/' [name='spirituality']>], [<URLResolver <module 'easetalk.urls' from 'C:\\Users\\HP\\Desktop\\easetalkproject\\easetalkprojectapp\\easetalk\\urls.py'> (easetalk:easetalk) 'easetalk/'>, <URLPattern 'addiction/' [name='addiction']>], [<URLResolver <module 'easetalk.urls' from 'C:\\Users\\HP\\Desktop\\easetalkproject\\easetalkprojectapp\\easetalk\\urls.py'> (easetalk:easetalk) 'easetalk/'>, <URLPattern 'chats/<str:room_name>/' [name='chats']>], [<URLResolver <module 'therapy.urls' from 'C:\\Users\\HP\\Desktop\\easetalkproject\\easetalkprojectapp\\therapy\\urls.py'> (therapy:therapy) 'therapy/'>], [<URLResolver <module 'anonymous.urls' from 'C:\\Users\\HP\\Desktop\\easetalkproject\\easetalkprojectapp\\anonymous\\urls.py'> (anonymous:anonymous) 'anonymous/'>], [<URLPattern '^media/(?P<path>.*)$'>]], 'path': 'easetalk/therapist/1'}

During handling of the above exception, another exception occurred:

Traceback (most recent call last):
  File "C:\Users\HP\Desktop\easetalkproject\env\Lib\site-packages\django\template\base.py", line 883, in _resolve_lookup
    current = current[bit]
              ~~~~~~~^^^^^
TypeError: 'URLResolver' object is not subscriptable

During handling of the above exception, another exception occurred:

Traceback (most recent call last):
  File "C:\Users\HP\Desktop\easetalkproject\env\Lib\site-packages\django\template\base.py", line 893, in _resolve_lookup
    current = getattr(current, bit)
              ^^^^^^^^^^^^^^^^^^^^^
AttributeError: 'URLResolver' object has no attribute 'name'

During handling of the above exception, another exception occurred:

Traceback (most recent call last):
  File "C:\Users\HP\Desktop\easetalkproject\env\Lib\site-packages\django\template\base.py", line 899, in _resolve_lookup
    current = current[int(bit)]
                      ^^^^^^^^
ValueError: invalid literal for int() with base 10: 'name'

During handling of the above exception, another exception occurred:

Traceback (most recent call last):
  File "C:\Users\HP\Desktop\easetalkproject\env\Lib\site-packages\django\template\base.py", line 906, in _resolve_lookup
    raise VariableDoesNotExist(
django.template.base.VariableDoesNotExist: Failed lookup for key [name] in <URLResolver <module 'anonymous.urls' from 'C:\\Users\\HP\\Desktop\\easetalkproject\\easetalkprojectapp\\anonymous\\urls.py'> (anonymous:anonymous) 'anonymous/'>
Not Found: /easetalk/therapist/1
[33mHTTP GET /easetalk/therapist/1 404 [0.04, 127.0.0.1:62418][0m
[mHTTP GET /easetalk/ 200 [0.02, 127.0.0.1:62418][0m
(0.000) 
                SELECT VERSION(),
                       @@sql_mode,
                       @@default_storage_engine,
                       @@sql_auto_is_null,
                       @@lower_case_table_names,
                       CONVERT_TZ('2001-01-01 01:00:00', 'UTC', 'UTC') IS NOT NULL
            ; args=None; alias=default
(0.000) SET SESSION TRANSACTION ISOLATION LEVEL READ COMMITTED; args=None; alias=default
(0.000) SELECT `django_session`.`session_key`, `django_session`.`session_data`, `django_session`.`expire_date` FROM `django_session` WHERE (`django_session`.`expire_date` > '2025-03-28 16:18:33.477132' AND `django_session`.`session_key` = 'lloispcc13k5jm0x7wpvz04uywsjlnga') LIMIT 21; args=('2025-03-28 16:18:33.477132', 'lloispcc13k5jm0x7wpvz04uywsjlnga'); alias=default
(0.000) SELECT `easetalk_customuser`.`id`, `easetalk_customuser`.`password`, `easetalk_customuser`.`last_login`, `easetalk_customuser`.`is_superuser`, `easetalk_customuser`.`username`, `easetalk_customuser`.`first_name`, `easetalk_customuser`.`last_name`, `easetalk_customuser`.`is_staff`, `easetalk_customuser`.`is_active`, `easetalk_customuser`.`date_joined`, `easetalk_customuser`.`email`, `easetalk_customuser`.`role` FROM `easetalk_customuser` WHERE `easetalk_customuser`.`id` = 4 LIMIT 21; args=(4,); alias=default
(0.000) SELECT `django_session`.`session_key`, `django_session`.`session_data`, `django_session`.`expire_date` FROM `django_session` WHERE `django_session`.`session_key` = 'lloispcc13k5jm0x7wpvz04uywsjlnga' LIMIT 21; args=('lloispcc13k5jm0x7wpvz04uywsjlnga',); alias=default
(0.016) DELETE FROM `django_session` WHERE `django_session`.`session_key` IN ('lloispcc13k5jm0x7wpvz04uywsjlnga'); args=('lloispcc13k5jm0x7wpvz04uywsjlnga',); alias=default
[32mHTTP GET /therapy/register/ 302 [0.04, 127.0.0.1:62418][0m
Exception while resolving variable 'firstname' in template 'therapy/signup.html'.
Traceback (most recent call last):
  File "C:\Users\HP\Desktop\easetalkproject\env\Lib\site-packages\django\forms\forms.py", line 174, in __getitem__
    field = self.fields[name]
            ~~~~~~~~~~~^^^^^^
KeyError: 'firstname'

During handling of the above exception, another exception occurred:

Traceback (most recent call last):
  File "C:\Users\HP\Desktop\easetalkproject\env\Lib\site-packages\django\template\base.py", line 883, in _resolve_lookup
    current = current[bit]
              ~~~~~~~^^^^^
  File "C:\Users\HP\Desktop\easetalkproject\env\Lib\site-packages\django\forms\forms.py", line 176, in __getitem__
    raise KeyError(
KeyError: "Key 'firstname' not found in 'SignUpform'. Choices are: email, password1, password2, username."

During handling of the above exception, another exception occurred:

Traceback (most recent call last):
  File "C:\Users\HP\Desktop\easetalkproject\env\Lib\site-packages\django\template\base.py", line 893, in _resolve_lookup
    current = getattr(current, bit)
              ^^^^^^^^^^^^^^^^^^^^^
AttributeError: 'SignUpform' object has no attribute 'firstname'

During handling of the above exception, another exception occurred:

Traceback (most recent call last):
  File "C:\Users\HP\Desktop\easetalkproject\env\Lib\site-packages\django\template\base.py", line 899, in _resolve_lookup
    current = current[int(bit)]
                      ^^^^^^^^
ValueError: invalid literal for int() with base 10: 'firstname'

During handling of the above exception, another exception occurred:

Traceback (most recent call last):
  File "C:\Users\HP\Desktop\easetalkproject\env\Lib\site-packages\django\template\base.py", line 906, in _resolve_lookup
    raise VariableDoesNotExist(
django.template.base.VariableDoesNotExist: Failed lookup for key [firstname] in <SignUpform bound=False, valid=Unknown, fields=(username;email;password1;password2)>
Exception while resolving variable 'lastname' in template 'therapy/signup.html'.
Traceback (most recent call last):
  File "C:\Users\HP\Desktop\easetalkproject\env\Lib\site-packages\django\forms\forms.py", line 174, in __getitem__
    field = self.fields[name]
            ~~~~~~~~~~~^^^^^^
KeyError: 'lastname'

During handling of the above exception, another exception occurred:

Traceback (most recent call last):
  File "C:\Users\HP\Desktop\easetalkproject\env\Lib\site-packages\django\template\base.py", line 883, in _resolve_lookup
    current = current[bit]
              ~~~~~~~^^^^^
  File "C:\Users\HP\Desktop\easetalkproject\env\Lib\site-packages\django\forms\forms.py", line 176, in __getitem__
    raise KeyError(
KeyError: "Key 'lastname' not found in 'SignUpform'. Choices are: email, password1, password2, username."

During handling of the above exception, another exception occurred:

Traceback (most recent call last):
  File "C:\Users\HP\Desktop\easetalkproject\env\Lib\site-packages\django\template\base.py", line 893, in _resolve_lookup
    current = getattr(current, bit)
              ^^^^^^^^^^^^^^^^^^^^^
AttributeError: 'SignUpform' object has no attribute 'lastname'

During handling of the above exception, another exception occurred:

Traceback (most recent call last):
  File "C:\Users\HP\Desktop\easetalkproject\env\Lib\site-packages\django\template\base.py", line 899, in _resolve_lookup
    current = current[int(bit)]
                      ^^^^^^^^
ValueError: invalid literal for int() with base 10: 'lastname'

During handling of the above exception, another exception occurred:

Traceback (most recent call last):
  File "C:\Users\HP\Desktop\easetalkproject\env\Lib\site-packages\django\template\base.py", line 906, in _resolve_lookup
    raise VariableDoesNotExist(
django.template.base.VariableDoesNotExist: Failed lookup for key [lastname] in <SignUpform bound=False, valid=Unknown, fields=(username;email;password1;password2)>
[mHTTP GET /therapy/register/ 200 [0.04, 127.0.0.1:62418][0m
(0.000) 
                SELECT VERSION(),
                       @@sql_mode,
                       @@default_storage_engine,
                       @@sql_auto_is_null,
                       @@lower_case_table_names,
                       CONVERT_TZ('2001-01-01 01:00:00', 'UTC', 'UTC') IS NOT NULL
            ; args=None; alias=default
(0.000) SET SESSION TRANSACTION ISOLATION LEVEL READ COMMITTED; args=None; alias=default
(0.000) SELECT 1 AS `a` FROM `django_session` WHERE `django_session`.`session_key` = 'gsry5gjn98l6u70s03zn5jf0qvy08g37' LIMIT 1; args=(1, 'gsry5gjn98l6u70s03zn5jf0qvy08g37'); alias=default
(0.000) BEGIN; args=None; alias=default
(0.000) INSERT INTO `django_session` (`session_key`, `session_data`, `expire_date`) VALUES ('gsry5gjn98l6u70s03zn5jf0qvy08g37', 'eyJnb29nbGUtb2F1dGgyX3N0YXRlIjoic0dsMVIxNGRjZDc4ZElON0lCODA0Z0JTaGc4dnN3c1IifQ:1tyCPj:mJWzhjk1UY2ttpm3WCZ77y3dlUrLweQW4Xz5gV8eBRQ', '2025-04-11 16:18:35.078070'); args=('gsry5gjn98l6u70s03zn5jf0qvy08g37', 'eyJnb29nbGUtb2F1dGgyX3N0YXRlIjoic0dsMVIxNGRjZDc4ZElON0lCODA0Z0JTaGc4dnN3c1IifQ:1tyCPj:mJWzhjk1UY2ttpm3WCZ77y3dlUrLweQW4Xz5gV8eBRQ', '2025-04-11 16:18:35.078070'); alias=default
(0.000) COMMIT; args=None; alias=default
[32mHTTP GET /auth/login/google-oauth2/ 302 [0.03, 127.0.0.1:62418][0m
(0.000) 
                SELECT VERSION(),
                       @@sql_mode,
                       @@default_storage_engine,
                       @@sql_auto_is_null,
                       @@lower_case_table_names,
                       CONVERT_TZ('2001-01-01 01:00:00', 'UTC', 'UTC') IS NOT NULL
            ; args=None; alias=default
(0.000) SET SESSION TRANSACTION ISOLATION LEVEL READ COMMITTED; args=None; alias=default
(0.000) SELECT `django_session`.`session_key`, `django_session`.`session_data`, `django_session`.`expire_date` FROM `django_session` WHERE (`django_session`.`expire_date` > '2025-03-28 16:18:35.501835' AND `django_session`.`session_key` = 'gsry5gjn98l6u70s03zn5jf0qvy08g37') LIMIT 21; args=('2025-03-28 16:18:35.501835', 'gsry5gjn98l6u70s03zn5jf0qvy08g37'); alias=default
File C:\Users\HP\AppData\Local\Programs\Python\Python312\Lib\netrc.py first seen with mtime 1733288252.0
(0.000) SELECT `social_auth_usersocialauth`.`id`, `social_auth_usersocialauth`.`user_id`, `social_auth_usersocialauth`.`provider`, `social_auth_usersocialauth`.`uid`, `social_auth_usersocialauth`.`extra_data`, `social_auth_usersocialauth`.`created`, `social_auth_usersocialauth`.`modified`, `easetalk_customuser`.`id`, `easetalk_customuser`.`password`, `easetalk_customuser`.`last_login`, `easetalk_customuser`.`is_superuser`, `easetalk_customuser`.`username`, `easetalk_customuser`.`first_name`, `easetalk_customuser`.`last_name`, `easetalk_customuser`.`is_staff`, `easetalk_customuser`.`is_active`, `easetalk_customuser`.`date_joined`, `easetalk_customuser`.`email`, `easetalk_customuser`.`role` FROM `social_auth_usersocialauth` INNER JOIN `easetalk_customuser` ON (`social_auth_usersocialauth`.`user_id` = `easetalk_customuser`.`id`) WHERE (`social_auth_usersocialauth`.`provider` = 'google-oauth2' AND `social_auth_usersocialauth`.`uid` = 'teetobin31@gmail.com'); args=('google-oauth2', 'teetobin31@gmail.com'); alias=default
(0.000) SELECT `easetalk_customuser`.`id`, `easetalk_customuser`.`password`, `easetalk_customuser`.`last_login`, `easetalk_customuser`.`is_superuser`, `easetalk_customuser`.`username`, `easetalk_customuser`.`first_name`, `easetalk_customuser`.`last_name`, `easetalk_customuser`.`is_staff`, `easetalk_customuser`.`is_active`, `easetalk_customuser`.`date_joined`, `easetalk_customuser`.`email`, `easetalk_customuser`.`role` FROM `easetalk_customuser` WHERE `easetalk_customuser`.`email` = 'teetobin31@gmail.com' ORDER BY `easetalk_customuser`.`id` ASC LIMIT 1; args=('teetobin31@gmail.com',); alias=default
(0.000) UPDATE `social_auth_usersocialauth` SET `user_id` = 4, `provider` = 'google-oauth2', `uid` = 'teetobin31@gmail.com', `extra_data` = '{\"expires\": 3598, \"auth_time\": 1743178716, \"token_type\": \"Bearer\", \"access_token\": \"ya29.a0AeXRPp51ONP9pqqwKBUHLnwCx1lBVQIDI_CPEePUOGtocMrdnvSOkuzeswoUd2V0S7G7AMifOnc-SMJMnGcCykea68IWkLMEXGVlK2TllHbLw-m27PO8JcpO-nODUrFshmrxQOxNSdeQaypwC61cx4WX0C_ag8aJMdCSCMG7lAaCgYKAZkSARESFQHGX2Mifvv29sjW8_rgNOm-BPfwNw0177\"}', `created` = '2025-03-28 11:34:36.356491', `modified` = '2025-03-28 16:18:36.839509' WHERE `social_auth_usersocialauth`.`id` = 1; args=(4, 'google-oauth2', 'teetobin31@gmail.com', '{"expires": 3598, "auth_time": 1743178716, "token_type": "Bearer", "access_token": "ya29.a0AeXRPp51ONP9pqqwKBUHLnwCx1lBVQIDI_CPEePUOGtocMrdnvSOkuzeswoUd2V0S7G7AMifOnc-SMJMnGcCykea68IWkLMEXGVlK2TllHbLw-m27PO8JcpO-nODUrFshmrxQOxNSdeQaypwC61cx4WX0C_ag8aJMdCSCMG7lAaCgYKAZkSARESFQHGX2Mifvv29sjW8_rgNOm-BPfwNw0177"}', '2025-03-28 11:34:36.356491', '2025-03-28 16:18:36.839509', 1); alias=default
(0.000) SELECT 1 AS `a` FROM `django_session` WHERE `django_session`.`session_key` = '1v3e27a3nqwh25zn38f3t7ajdcmn2x1g' LIMIT 1; args=(1, '1v3e27a3nqwh25zn38f3t7ajdcmn2x1g'); alias=default
(0.000) BEGIN; args=None; alias=default
(0.000) INSERT INTO `django_session` (`session_key`, `session_data`, `expire_date`) VALUES ('1v3e27a3nqwh25zn38f3t7ajdcmn2x1g', 'eyJnb29nbGUtb2F1dGgyX3N0YXRlIjoic0dsMVIxNGRjZDc4ZElON0lCODA0Z0JTaGc4dnN3c1IifQ:1tyCPk:-2wbpOV0qFNp664DB3SH5ba9suU-SL_m5ceo5gFj0fg', '2025-04-11 16:18:36.842852'); args=('1v3e27a3nqwh25zn38f3t7ajdcmn2x1g', 'eyJnb29nbGUtb2F1dGgyX3N0YXRlIjoic0dsMVIxNGRjZDc4ZElON0lCODA0Z0JTaGc4dnN3c1IifQ:1tyCPk:-2wbpOV0qFNp664DB3SH5ba9suU-SL_m5ceo5gFj0fg', '2025-04-11 16:18:36.842852'); alias=default
(0.015) COMMIT; args=None; alias=default
(0.000) SELECT `django_session`.`session_key`, `django_session`.`session_data`, `django_session`.`expire_date` FROM `django_session` WHERE `django_session`.`session_key` = 'gsry5gjn98l6u70s03zn5jf0qvy08g37' LIMIT 21; args=('gsry5gjn98l6u70s03zn5jf0qvy08g37',); alias=default
(0.000) DELETE FROM `django_session` WHERE `django_session`.`session_key` IN ('gsry5gjn98l6u70s03zn5jf0qvy08g37'); args=('gsry5gjn98l6u70s03zn5jf0qvy08g37',); alias=default
(0.016) UPDATE `easetalk_customuser` SET `last_login` = '2025-03-28 16:18:36.862920' WHERE `easetalk_customuser`.`id` = 4; args=('2025-03-28 16:18:36.862920', 4); alias=default
(0.000) BEGIN; args=None; alias=default
(0.000) UPDATE `django_session` SET `session_data` = '.eJxVkMGOwjAMRP8lZ6gS120DN7ggLosEHxC5TpRWRI2EC3tA--_bAgd6sCyN9WZGfqqYc0xhnek-duBkpDGorZJDMmeDnn1j_fGnOe6txri_dNE-5FfOaqXcTLi7hJvr_YTgUmuJr2GYD5K5p-Q430LxUaV4xxaH1zrt5vAl35F0E0ywqesSDUJoWoaWPYMl0L7SoAF0WYUaS6xCBdOgJ0ZvzEYbYARu7WT6yX9ZJ5LRpRz74avg4gXq7x_W2Vs3:1tyCPk:ZGBptwOLeUEbUxgNdX2fvwaWjBfFEU14yPWvdzz_q88', `expire_date` = '2025-04-11 16:18:36.877485' WHERE `django_session`.`session_key` = '1v3e27a3nqwh25zn38f3t7ajdcmn2x1g'; args=('.eJxVkMGOwjAMRP8lZ6gS120DN7ggLosEHxC5TpRWRI2EC3tA--_bAgd6sCyN9WZGfqqYc0xhnek-duBkpDGorZJDMmeDnn1j_fGnOe6txri_dNE-5FfOaqXcTLi7hJvr_YTgUmuJr2GYD5K5p-Q430LxUaV4xxaH1zrt5vAl35F0E0ywqesSDUJoWoaWPYMl0L7SoAF0WYUaS6xCBdOgJ0ZvzEYbYARu7WT6yX9ZJ5LRpRz74avg4gXq7x_W2Vs3:1tyCPk:ZGBptwOLeUEbUxgNdX2fvwaWjBfFEU14yPWvdzz_q88', '2025-04-11 16:18:36.877485', '1v3e27a3nqwh25zn38f3t7ajdcmn2x1g'); alias=default
(0.000) COMMIT; args=None; alias=default
[32mHTTP GET /auth/complete/google-oauth2/?state=sGl1R14dcd78dIN7IB804gBShg8vswsR&code=4%2F0AQSTgQELrOb-ex0NaMFSfBt4V6kzcR7GMojWjEl85QZ3gkDrnbcgWMhrRD72lLP0ceK7fQ&scope=email+profile+openid+https%3A%2F%2Fwww.googleapis.com%2Fauth%2Fuserinfo.email+https%3A%2F%2Fwww.googleapis.com%2Fauth%2Fuserinfo.profile&authuser=0&prompt=none 302 [1.40, 127.0.0.1:62418][0m
(0.000) 
                SELECT VERSION(),
                       @@sql_mode,
                       @@default_storage_engine,
                       @@sql_auto_is_null,
                       @@lower_case_table_names,
                       CONVERT_TZ('2001-01-01 01:00:00', 'UTC', 'UTC') IS NOT NULL
            ; args=None; alias=default
(0.000) SET SESSION TRANSACTION ISOLATION LEVEL READ COMMITTED; args=None; alias=default
(0.000) SELECT `django_session`.`session_key`, `django_session`.`session_data`, `django_session`.`expire_date` FROM `django_session` WHERE (`django_session`.`expire_date` > '2025-03-28 16:18:36.901589' AND `django_session`.`session_key` = '1v3e27a3nqwh25zn38f3t7ajdcmn2x1g') LIMIT 21; args=('2025-03-28 16:18:36.901589', '1v3e27a3nqwh25zn38f3t7ajdcmn2x1g'); alias=default
(0.000) SELECT `easetalk_customuser`.`id`, `easetalk_customuser`.`password`, `easetalk_customuser`.`last_login`, `easetalk_customuser`.`is_superuser`, `easetalk_customuser`.`username`, `easetalk_customuser`.`first_name`, `easetalk_customuser`.`last_name`, `easetalk_customuser`.`is_staff`, `easetalk_customuser`.`is_active`, `easetalk_customuser`.`date_joined`, `easetalk_customuser`.`email`, `easetalk_customuser`.`role` FROM `easetalk_customuser` WHERE `easetalk_customuser`.`id` = 4 LIMIT 21; args=(4,); alias=default
(0.000) SELECT `therapy_therapistprofile`.`id`, `therapy_therapistprofile`.`first_name`, `therapy_therapistprofile`.`last_name`, `therapy_therapistprofile`.`profile_image`, `therapy_therapistprofile`.`gender`, `therapy_therapistprofile`.`date_of_birth`, `therapy_therapistprofile`.`years_of_experience`, `therapy_therapistprofile`.`languages_spoken`, `therapy_therapistprofile`.`user_id`, `therapy_therapistprofile`.`created_at`, `therapy_therapistprofile`.`bio`, `therapy_therapistprofile`.`country` FROM `therapy_therapistprofile` ORDER BY `therapy_therapistprofile`.`created_at` DESC; args=(); alias=default
(0.000) SELECT `therapy_therapistprofile`.`id`, `therapy_therapistprofile`.`first_name`, `therapy_therapistprofile`.`last_name`, `therapy_therapistprofile`.`profile_image`, `therapy_therapistprofile`.`gender`, `therapy_therapistprofile`.`date_of_birth`, `therapy_therapistprofile`.`years_of_experience`, `therapy_therapistprofile`.`languages_spoken`, `therapy_therapistprofile`.`user_id`, `therapy_therapistprofile`.`created_at`, `therapy_therapistprofile`.`bio`, `therapy_therapistprofile`.`country` FROM `therapy_therapistprofile` WHERE `therapy_therapistprofile`.`user_id` = 4 LIMIT 21; args=(4,); alias=default
Exception while resolving variable 'therapist' in template 'easetalk/homepage.html'.
Traceback (most recent call last):
  File "C:\Users\HP\Desktop\easetalkproject\env\Lib\site-packages\django\template\base.py", line 883, in _resolve_lookup
    current = current[bit]
              ~~~~~~~^^^^^
  File "C:\Users\HP\Desktop\easetalkproject\env\Lib\site-packages\django\utils\functional.py", line 253, in inner
    return func(_wrapped, *args)
           ^^^^^^^^^^^^^^^^^^^^^
TypeError: 'CustomUser' object is not subscriptable

During handling of the above exception, another exception occurred:

Traceback (most recent call last):
  File "C:\Users\HP\Desktop\easetalkproject\env\Lib\site-packages\django\template\base.py", line 893, in _resolve_lookup
    current = getattr(current, bit)
              ^^^^^^^^^^^^^^^^^^^^^
  File "C:\Users\HP\Desktop\easetalkproject\env\Lib\site-packages\django\utils\functional.py", line 253, in inner
    return func(_wrapped, *args)
           ^^^^^^^^^^^^^^^^^^^^^
  File "C:\Users\HP\Desktop\easetalkproject\env\Lib\site-packages\django\db\models\fields\related_descriptors.py", line 531, in __get__
    raise self.RelatedObjectDoesNotExist(
easetalk.models.CustomUser.therapist.RelatedObjectDoesNotExist: CustomUser has no therapist.
Exception while resolving variable 'anonymoususer' in template 'easetalk/homepage.html'.
Traceback (most recent call last):
  File "C:\Users\HP\Desktop\easetalkproject\env\Lib\site-packages\django\template\base.py", line 883, in _resolve_lookup
    current = current[bit]
              ~~~~~~~^^^^^
  File "C:\Users\HP\Desktop\easetalkproject\env\Lib\site-packages\django\utils\functional.py", line 253, in inner
    return func(_wrapped, *args)
           ^^^^^^^^^^^^^^^^^^^^^
TypeError: 'CustomUser' object is not subscriptable

During handling of the above exception, another exception occurred:

Traceback (most recent call last):
  File "C:\Users\HP\Desktop\easetalkproject\env\Lib\site-packages\django\template\base.py", line 893, in _resolve_lookup
    current = getattr(current, bit)
              ^^^^^^^^^^^^^^^^^^^^^
  File "C:\Users\HP\Desktop\easetalkproject\env\Lib\site-packages\django\utils\functional.py", line 253, in inner
    return func(_wrapped, *args)
           ^^^^^^^^^^^^^^^^^^^^^
AttributeError: 'CustomUser' object has no attribute 'anonymoususer'

During handling of the above exception, another exception occurred:

Traceback (most recent call last):
  File "C:\Users\HP\Desktop\easetalkproject\env\Lib\site-packages\django\template\base.py", line 899, in _resolve_lookup
    current = current[int(bit)]
                      ^^^^^^^^
ValueError: invalid literal for int() with base 10: 'anonymoususer'

During handling of the above exception, another exception occurred:

Traceback (most recent call last):
  File "C:\Users\HP\Desktop\easetalkproject\env\Lib\site-packages\django\template\base.py", line 906, in _resolve_lookup
    raise VariableDoesNotExist(
django.template.base.VariableDoesNotExist: Failed lookup for key [anonymoususer] in <SimpleLazyObject: <CustomUser: anon_2c37d524 (anonymousUser)>>
(0.015) SELECT `easetalk_customuser`.`id`, `easetalk_customuser`.`password`, `easetalk_customuser`.`last_login`, `easetalk_customuser`.`is_superuser`, `easetalk_customuser`.`username`, `easetalk_customuser`.`first_name`, `easetalk_customuser`.`last_name`, `easetalk_customuser`.`is_staff`, `easetalk_customuser`.`is_active`, `easetalk_customuser`.`date_joined`, `easetalk_customuser`.`email`, `easetalk_customuser`.`role` FROM `easetalk_customuser` WHERE `easetalk_customuser`.`id` = 2 LIMIT 21; args=(2,); alias=default
(0.000) SELECT `therapy_specialization`.`id`, `therapy_specialization`.`name` FROM `therapy_specialization` INNER JOIN `therapy_therapistprofile_specializations` ON (`therapy_specialization`.`id` = `therapy_therapistprofile_specializations`.`specialization_id`) WHERE `therapy_therapistprofile_specializations`.`therapistprofile_id` = 1; args=(1,); alias=default
[mHTTP GET /easetalk/home/ 200 [0.05, 127.0.0.1:62418][0m
[36mHTTP GET /media/therapist/profile/black-businessman-4599847_1280.jpg 304 [0.01, 127.0.0.1:62418][0m
File C:\Users\HP\Desktop\easetalkproject\easetalkprojectapp\therapy\pipeline.py first seen with mtime 1743162464.0919712
File C:\Users\HP\Desktop\easetalkproject\env\Lib\site-packages\social_core\pipeline\social_auth.py first seen with mtime 1743156280.715328
File C:\Users\HP\Desktop\easetalkproject\easetalkprojectapp\easetalk\pipeline.py first seen with mtime 1743178678.70067
File C:\Users\HP\Desktop\easetalkproject\env\Lib\site-packages\social_core\pipeline\user.py first seen with mtime 1743156280.716379
(0.000) 
                SELECT VERSION(),
                       @@sql_mode,
                       @@default_storage_engine,
                       @@sql_auto_is_null,
                       @@lower_case_table_names,
                       CONVERT_TZ('2001-01-01 01:00:00', 'UTC', 'UTC') IS NOT NULL
            ; args=None; alias=default
(0.000) SET SESSION TRANSACTION ISOLATION LEVEL READ COMMITTED; args=None; alias=default
(0.000) SELECT `django_session`.`session_key`, `django_session`.`session_data`, `django_session`.`expire_date` FROM `django_session` WHERE (`django_session`.`expire_date` > '2025-03-28 16:18:52.651873' AND `django_session`.`session_key` = '1v3e27a3nqwh25zn38f3t7ajdcmn2x1g') LIMIT 21; args=('2025-03-28 16:18:52.651873', '1v3e27a3nqwh25zn38f3t7ajdcmn2x1g'); alias=default
(0.000) SELECT `easetalk_customuser`.`id`, `easetalk_customuser`.`password`, `easetalk_customuser`.`last_login`, `easetalk_customuser`.`is_superuser`, `easetalk_customuser`.`username`, `easetalk_customuser`.`first_name`, `easetalk_customuser`.`last_name`, `easetalk_customuser`.`is_staff`, `easetalk_customuser`.`is_active`, `easetalk_customuser`.`date_joined`, `easetalk_customuser`.`email`, `easetalk_customuser`.`role` FROM `easetalk_customuser` WHERE `easetalk_customuser`.`id` = 4 LIMIT 21; args=(4,); alias=default
(0.000) SELECT `therapy_therapistprofile`.`id`, `therapy_therapistprofile`.`first_name`, `therapy_therapistprofile`.`last_name`, `therapy_therapistprofile`.`profile_image`, `therapy_therapistprofile`.`gender`, `therapy_therapistprofile`.`date_of_birth`, `therapy_therapistprofile`.`years_of_experience`, `therapy_therapistprofile`.`languages_spoken`, `therapy_therapistprofile`.`user_id`, `therapy_therapistprofile`.`created_at`, `therapy_therapistprofile`.`bio`, `therapy_therapistprofile`.`country` FROM `therapy_therapistprofile` ORDER BY `therapy_therapistprofile`.`created_at` DESC; args=(); alias=default
(0.000) SELECT `therapy_therapistprofile`.`id`, `therapy_therapistprofile`.`first_name`, `therapy_therapistprofile`.`last_name`, `therapy_therapistprofile`.`profile_image`, `therapy_therapistprofile`.`gender`, `therapy_therapistprofile`.`date_of_birth`, `therapy_therapistprofile`.`years_of_experience`, `therapy_therapistprofile`.`languages_spoken`, `therapy_therapistprofile`.`user_id`, `therapy_therapistprofile`.`created_at`, `therapy_therapistprofile`.`bio`, `therapy_therapistprofile`.`country` FROM `therapy_therapistprofile` WHERE `therapy_therapistprofile`.`user_id` = 4 LIMIT 21; args=(4,); alias=default
Exception while resolving variable 'therapist' in template 'easetalk/homepage.html'.
Traceback (most recent call last):
  File "C:\Users\HP\Desktop\easetalkproject\env\Lib\site-packages\django\template\base.py", line 883, in _resolve_lookup
    current = current[bit]
              ~~~~~~~^^^^^
  File "C:\Users\HP\Desktop\easetalkproject\env\Lib\site-packages\django\utils\functional.py", line 253, in inner
    return func(_wrapped, *args)
           ^^^^^^^^^^^^^^^^^^^^^
TypeError: 'CustomUser' object is not subscriptable

During handling of the above exception, another exception occurred:

Traceback (most recent call last):
  File "C:\Users\HP\Desktop\easetalkproject\env\Lib\site-packages\django\template\base.py", line 893, in _resolve_lookup
    current = getattr(current, bit)
              ^^^^^^^^^^^^^^^^^^^^^
  File "C:\Users\HP\Desktop\easetalkproject\env\Lib\site-packages\django\utils\functional.py", line 253, in inner
    return func(_wrapped, *args)
           ^^^^^^^^^^^^^^^^^^^^^
  File "C:\Users\HP\Desktop\easetalkproject\env\Lib\site-packages\django\db\models\fields\related_descriptors.py", line 531, in __get__
    raise self.RelatedObjectDoesNotExist(
easetalk.models.CustomUser.therapist.RelatedObjectDoesNotExist: CustomUser has no therapist.
Exception while resolving variable 'anonymoususer' in template 'easetalk/homepage.html'.
Traceback (most recent call last):
  File "C:\Users\HP\Desktop\easetalkproject\env\Lib\site-packages\django\template\base.py", line 883, in _resolve_lookup
    current = current[bit]
              ~~~~~~~^^^^^
  File "C:\Users\HP\Desktop\easetalkproject\env\Lib\site-packages\django\utils\functional.py", line 253, in inner
    return func(_wrapped, *args)
           ^^^^^^^^^^^^^^^^^^^^^
TypeError: 'CustomUser' object is not subscriptable

During handling of the above exception, another exception occurred:

Traceback (most recent call last):
  File "C:\Users\HP\Desktop\easetalkproject\env\Lib\site-packages\django\template\base.py", line 893, in _resolve_lookup
    current = getattr(current, bit)
              ^^^^^^^^^^^^^^^^^^^^^
  File "C:\Users\HP\Desktop\easetalkproject\env\Lib\site-packages\django\utils\functional.py", line 253, in inner
    return func(_wrapped, *args)
           ^^^^^^^^^^^^^^^^^^^^^
AttributeError: 'CustomUser' object has no attribute 'anonymoususer'

During handling of the above exception, another exception occurred:

Traceback (most recent call last):
  File "C:\Users\HP\Desktop\easetalkproject\env\Lib\site-packages\django\template\base.py", line 899, in _resolve_lookup
    current = current[int(bit)]
                      ^^^^^^^^
ValueError: invalid literal for int() with base 10: 'anonymoususer'

During handling of the above exception, another exception occurred:

Traceback (most recent call last):
  File "C:\Users\HP\Desktop\easetalkproject\env\Lib\site-packages\django\template\base.py", line 906, in _resolve_lookup
    raise VariableDoesNotExist(
django.template.base.VariableDoesNotExist: Failed lookup for key [anonymoususer] in <SimpleLazyObject: <CustomUser: anon_2c37d524 (anonymousUser)>>
(0.000) SELECT `easetalk_customuser`.`id`, `easetalk_customuser`.`password`, `easetalk_customuser`.`last_login`, `easetalk_customuser`.`is_superuser`, `easetalk_customuser`.`username`, `easetalk_customuser`.`first_name`, `easetalk_customuser`.`last_name`, `easetalk_customuser`.`is_staff`, `easetalk_customuser`.`is_active`, `easetalk_customuser`.`date_joined`, `easetalk_customuser`.`email`, `easetalk_customuser`.`role` FROM `easetalk_customuser` WHERE `easetalk_customuser`.`id` = 2 LIMIT 21; args=(2,); alias=default
(0.000) SELECT `therapy_specialization`.`id`, `therapy_specialization`.`name` FROM `therapy_specialization` INNER JOIN `therapy_therapistprofile_specializations` ON (`therapy_specialization`.`id` = `therapy_therapistprofile_specializations`.`specialization_id`) WHERE `therapy_therapistprofile_specializations`.`therapistprofile_id` = 1; args=(1,); alias=default
[mHTTP GET /easetalk/home/ 200 [0.06, 127.0.0.1:62418][0m
[36mHTTP GET /media/therapist/profile/black-businessman-4599847_1280.jpg 304 [0.02, 127.0.0.1:62418][0m
(0.000) 
                SELECT VERSION(),
                       @@sql_mode,
                       @@default_storage_engine,
                       @@sql_auto_is_null,
                       @@lower_case_table_names,
                       CONVERT_TZ('2001-01-01 01:00:00', 'UTC', 'UTC') IS NOT NULL
            ; args=None; alias=default
(0.000) SET SESSION TRANSACTION ISOLATION LEVEL READ COMMITTED; args=None; alias=default
(0.000) SELECT `django_session`.`session_key`, `django_session`.`session_data`, `django_session`.`expire_date` FROM `django_session` WHERE (`django_session`.`expire_date` > '2025-03-28 16:18:54.224375' AND `django_session`.`session_key` = '1v3e27a3nqwh25zn38f3t7ajdcmn2x1g') LIMIT 21; args=('2025-03-28 16:18:54.224375', '1v3e27a3nqwh25zn38f3t7ajdcmn2x1g'); alias=default
(0.000) SELECT `easetalk_customuser`.`id`, `easetalk_customuser`.`password`, `easetalk_customuser`.`last_login`, `easetalk_customuser`.`is_superuser`, `easetalk_customuser`.`username`, `easetalk_customuser`.`first_name`, `easetalk_customuser`.`last_name`, `easetalk_customuser`.`is_staff`, `easetalk_customuser`.`is_active`, `easetalk_customuser`.`date_joined`, `easetalk_customuser`.`email`, `easetalk_customuser`.`role` FROM `easetalk_customuser` WHERE `easetalk_customuser`.`id` = 4 LIMIT 21; args=(4,); alias=default
(0.000) SELECT `therapy_therapistprofile`.`id`, `therapy_therapistprofile`.`first_name`, `therapy_therapistprofile`.`last_name`, `therapy_therapistprofile`.`profile_image`, `therapy_therapistprofile`.`gender`, `therapy_therapistprofile`.`date_of_birth`, `therapy_therapistprofile`.`years_of_experience`, `therapy_therapistprofile`.`languages_spoken`, `therapy_therapistprofile`.`user_id`, `therapy_therapistprofile`.`created_at`, `therapy_therapistprofile`.`bio`, `therapy_therapistprofile`.`country` FROM `therapy_therapistprofile` ORDER BY `therapy_therapistprofile`.`created_at` DESC; args=(); alias=default
(0.016) SELECT `therapy_therapistprofile`.`id`, `therapy_therapistprofile`.`first_name`, `therapy_therapistprofile`.`last_name`, `therapy_therapistprofile`.`profile_image`, `therapy_therapistprofile`.`gender`, `therapy_therapistprofile`.`date_of_birth`, `therapy_therapistprofile`.`years_of_experience`, `therapy_therapistprofile`.`languages_spoken`, `therapy_therapistprofile`.`user_id`, `therapy_therapistprofile`.`created_at`, `therapy_therapistprofile`.`bio`, `therapy_therapistprofile`.`country` FROM `therapy_therapistprofile` WHERE `therapy_therapistprofile`.`user_id` = 4 LIMIT 21; args=(4,); alias=default
Exception while resolving variable 'therapist' in template 'easetalk/homepage.html'.
Traceback (most recent call last):
  File "C:\Users\HP\Desktop\easetalkproject\env\Lib\site-packages\django\template\base.py", line 883, in _resolve_lookup
    current = current[bit]
              ~~~~~~~^^^^^
  File "C:\Users\HP\Desktop\easetalkproject\env\Lib\site-packages\django\utils\functional.py", line 253, in inner
    return func(_wrapped, *args)
           ^^^^^^^^^^^^^^^^^^^^^
TypeError: 'CustomUser' object is not subscriptable

During handling of the above exception, another exception occurred:

Traceback (most recent call last):
  File "C:\Users\HP\Desktop\easetalkproject\env\Lib\site-packages\django\template\base.py", line 893, in _resolve_lookup
    current = getattr(current, bit)
              ^^^^^^^^^^^^^^^^^^^^^
  File "C:\Users\HP\Desktop\easetalkproject\env\Lib\site-packages\django\utils\functional.py", line 253, in inner
    return func(_wrapped, *args)
           ^^^^^^^^^^^^^^^^^^^^^
  File "C:\Users\HP\Desktop\easetalkproject\env\Lib\site-packages\django\db\models\fields\related_descriptors.py", line 531, in __get__
    raise self.RelatedObjectDoesNotExist(
easetalk.models.CustomUser.therapist.RelatedObjectDoesNotExist: CustomUser has no therapist.
Exception while resolving variable 'anonymoususer' in template 'easetalk/homepage.html'.
Traceback (most recent call last):
  File "C:\Users\HP\Desktop\easetalkproject\env\Lib\site-packages\django\template\base.py", line 883, in _resolve_lookup
    current = current[bit]
              ~~~~~~~^^^^^
  File "C:\Users\HP\Desktop\easetalkproject\env\Lib\site-packages\django\utils\functional.py", line 253, in inner
    return func(_wrapped, *args)
           ^^^^^^^^^^^^^^^^^^^^^
TypeError: 'CustomUser' object is not subscriptable

During handling of the above exception, another exception occurred:

Traceback (most recent call last):
  File "C:\Users\HP\Desktop\easetalkproject\env\Lib\site-packages\django\template\base.py", line 893, in _resolve_lookup
    current = getattr(current, bit)
              ^^^^^^^^^^^^^^^^^^^^^
  File "C:\Users\HP\Desktop\easetalkproject\env\Lib\site-packages\django\utils\functional.py", line 253, in inner
    return func(_wrapped, *args)
           ^^^^^^^^^^^^^^^^^^^^^
AttributeError: 'CustomUser' object has no attribute 'anonymoususer'

During handling of the above exception, another exception occurred:

Traceback (most recent call last):
  File "C:\Users\HP\Desktop\easetalkproject\env\Lib\site-packages\django\template\base.py", line 899, in _resolve_lookup
    current = current[int(bit)]
                      ^^^^^^^^
ValueError: invalid literal for int() with base 10: 'anonymoususer'

During handling of the above exception, another exception occurred:

Traceback (most recent call last):
  File "C:\Users\HP\Desktop\easetalkproject\env\Lib\site-packages\django\template\base.py", line 906, in _resolve_lookup
    raise VariableDoesNotExist(
django.template.base.VariableDoesNotExist: Failed lookup for key [anonymoususer] in <SimpleLazyObject: <CustomUser: anon_2c37d524 (anonymousUser)>>
(0.000) SELECT `easetalk_customuser`.`id`, `easetalk_customuser`.`password`, `easetalk_customuser`.`last_login`, `easetalk_customuser`.`is_superuser`, `easetalk_customuser`.`username`, `easetalk_customuser`.`first_name`, `easetalk_customuser`.`last_name`, `easetalk_customuser`.`is_staff`, `easetalk_customuser`.`is_active`, `easetalk_customuser`.`date_joined`, `easetalk_customuser`.`email`, `easetalk_customuser`.`role` FROM `easetalk_customuser` WHERE `easetalk_customuser`.`id` = 2 LIMIT 21; args=(2,); alias=default
(0.000) SELECT `therapy_specialization`.`id`, `therapy_specialization`.`name` FROM `therapy_specialization` INNER JOIN `therapy_therapistprofile_specializations` ON (`therapy_specialization`.`id` = `therapy_therapistprofile_specializations`.`specialization_id`) WHERE `therapy_therapistprofile_specializations`.`therapistprofile_id` = 1; args=(1,); alias=default
[mHTTP GET /easetalk/home/ 200 [0.04, 127.0.0.1:62418][0m
[36mHTTP GET /media/therapist/profile/black-businessman-4599847_1280.jpg 304 [0.01, 127.0.0.1:62418][0m
(0.016) 
                SELECT VERSION(),
                       @@sql_mode,
                       @@default_storage_engine,
                       @@sql_auto_is_null,
                       @@lower_case_table_names,
                       CONVERT_TZ('2001-01-01 01:00:00', 'UTC', 'UTC') IS NOT NULL
            ; args=None; alias=default
(0.000) SET SESSION TRANSACTION ISOLATION LEVEL READ COMMITTED; args=None; alias=default
(0.000) SELECT `django_session`.`session_key`, `django_session`.`session_data`, `django_session`.`expire_date` FROM `django_session` WHERE (`django_session`.`expire_date` > '2025-03-28 16:18:54.782057' AND `django_session`.`session_key` = '1v3e27a3nqwh25zn38f3t7ajdcmn2x1g') LIMIT 21; args=('2025-03-28 16:18:54.782057', '1v3e27a3nqwh25zn38f3t7ajdcmn2x1g'); alias=default
(0.000) SELECT `easetalk_customuser`.`id`, `easetalk_customuser`.`password`, `easetalk_customuser`.`last_login`, `easetalk_customuser`.`is_superuser`, `easetalk_customuser`.`username`, `easetalk_customuser`.`first_name`, `easetalk_customuser`.`last_name`, `easetalk_customuser`.`is_staff`, `easetalk_customuser`.`is_active`, `easetalk_customuser`.`date_joined`, `easetalk_customuser`.`email`, `easetalk_customuser`.`role` FROM `easetalk_customuser` WHERE `easetalk_customuser`.`id` = 4 LIMIT 21; args=(4,); alias=default
(0.000) SELECT `therapy_therapistprofile`.`id`, `therapy_therapistprofile`.`first_name`, `therapy_therapistprofile`.`last_name`, `therapy_therapistprofile`.`profile_image`, `therapy_therapistprofile`.`gender`, `therapy_therapistprofile`.`date_of_birth`, `therapy_therapistprofile`.`years_of_experience`, `therapy_therapistprofile`.`languages_spoken`, `therapy_therapistprofile`.`user_id`, `therapy_therapistprofile`.`created_at`, `therapy_therapistprofile`.`bio`, `therapy_therapistprofile`.`country` FROM `therapy_therapistprofile` ORDER BY `therapy_therapistprofile`.`created_at` DESC; args=(); alias=default
(0.000) SELECT `therapy_therapistprofile`.`id`, `therapy_therapistprofile`.`first_name`, `therapy_therapistprofile`.`last_name`, `therapy_therapistprofile`.`profile_image`, `therapy_therapistprofile`.`gender`, `therapy_therapistprofile`.`date_of_birth`, `therapy_therapistprofile`.`years_of_experience`, `therapy_therapistprofile`.`languages_spoken`, `therapy_therapistprofile`.`user_id`, `therapy_therapistprofile`.`created_at`, `therapy_therapistprofile`.`bio`, `therapy_therapistprofile`.`country` FROM `therapy_therapistprofile` WHERE `therapy_therapistprofile`.`user_id` = 4 LIMIT 21; args=(4,); alias=default
Exception while resolving variable 'therapist' in template 'easetalk/homepage.html'.
Traceback (most recent call last):
  File "C:\Users\HP\Desktop\easetalkproject\env\Lib\site-packages\django\template\base.py", line 883, in _resolve_lookup
    current = current[bit]
              ~~~~~~~^^^^^
  File "C:\Users\HP\Desktop\easetalkproject\env\Lib\site-packages\django\utils\functional.py", line 253, in inner
    return func(_wrapped, *args)
           ^^^^^^^^^^^^^^^^^^^^^
TypeError: 'CustomUser' object is not subscriptable

During handling of the above exception, another exception occurred:

Traceback (most recent call last):
  File "C:\Users\HP\Desktop\easetalkproject\env\Lib\site-packages\django\template\base.py", line 893, in _resolve_lookup
    current = getattr(current, bit)
              ^^^^^^^^^^^^^^^^^^^^^
  File "C:\Users\HP\Desktop\easetalkproject\env\Lib\site-packages\django\utils\functional.py", line 253, in inner
    return func(_wrapped, *args)
           ^^^^^^^^^^^^^^^^^^^^^
  File "C:\Users\HP\Desktop\easetalkproject\env\Lib\site-packages\django\db\models\fields\related_descriptors.py", line 531, in __get__
    raise self.RelatedObjectDoesNotExist(
easetalk.models.CustomUser.therapist.RelatedObjectDoesNotExist: CustomUser has no therapist.
Exception while resolving variable 'anonymoususer' in template 'easetalk/homepage.html'.
Traceback (most recent call last):
  File "C:\Users\HP\Desktop\easetalkproject\env\Lib\site-packages\django\template\base.py", line 883, in _resolve_lookup
    current = current[bit]
              ~~~~~~~^^^^^
  File "C:\Users\HP\Desktop\easetalkproject\env\Lib\site-packages\django\utils\functional.py", line 253, in inner
    return func(_wrapped, *args)
           ^^^^^^^^^^^^^^^^^^^^^
TypeError: 'CustomUser' object is not subscriptable

During handling of the above exception, another exception occurred:

Traceback (most recent call last):
  File "C:\Users\HP\Desktop\easetalkproject\env\Lib\site-packages\django\template\base.py", line 893, in _resolve_lookup
    current = getattr(current, bit)
              ^^^^^^^^^^^^^^^^^^^^^
  File "C:\Users\HP\Desktop\easetalkproject\env\Lib\site-packages\django\utils\functional.py", line 253, in inner
    return func(_wrapped, *args)
           ^^^^^^^^^^^^^^^^^^^^^
AttributeError: 'CustomUser' object has no attribute 'anonymoususer'

During handling of the above exception, another exception occurred:

Traceback (most recent call last):
  File "C:\Users\HP\Desktop\easetalkproject\env\Lib\site-packages\django\template\base.py", line 899, in _resolve_lookup
    current = current[int(bit)]
                      ^^^^^^^^
ValueError: invalid literal for int() with base 10: 'anonymoususer'

During handling of the above exception, another exception occurred:

Traceback (most recent call last):
  File "C:\Users\HP\Desktop\easetalkproject\env\Lib\site-packages\django\template\base.py", line 906, in _resolve_lookup
    raise VariableDoesNotExist(
django.template.base.VariableDoesNotExist: Failed lookup for key [anonymoususer] in <SimpleLazyObject: <CustomUser: anon_2c37d524 (anonymousUser)>>
(0.000) SELECT `easetalk_customuser`.`id`, `easetalk_customuser`.`password`, `easetalk_customuser`.`last_login`, `easetalk_customuser`.`is_superuser`, `easetalk_customuser`.`username`, `easetalk_customuser`.`first_name`, `easetalk_customuser`.`last_name`, `easetalk_customuser`.`is_staff`, `easetalk_customuser`.`is_active`, `easetalk_customuser`.`date_joined`, `easetalk_customuser`.`email`, `easetalk_customuser`.`role` FROM `easetalk_customuser` WHERE `easetalk_customuser`.`id` = 2 LIMIT 21; args=(2,); alias=default
(0.000) SELECT `therapy_specialization`.`id`, `therapy_specialization`.`name` FROM `therapy_specialization` INNER JOIN `therapy_therapistprofile_specializations` ON (`therapy_specialization`.`id` = `therapy_therapistprofile_specializations`.`specialization_id`) WHERE `therapy_therapistprofile_specializations`.`therapistprofile_id` = 1; args=(1,); alias=default
[mHTTP GET /easetalk/home/ 200 [0.05, 127.0.0.1:62418][0m
[36mHTTP GET /media/therapist/profile/black-businessman-4599847_1280.jpg 304 [0.02, 127.0.0.1:62418][0m
(0.000) 
                SELECT VERSION(),
                       @@sql_mode,
                       @@default_storage_engine,
                       @@sql_auto_is_null,
                       @@lower_case_table_names,
                       CONVERT_TZ('2001-01-01 01:00:00', 'UTC', 'UTC') IS NOT NULL
            ; args=None; alias=default
(0.000) SET SESSION TRANSACTION ISOLATION LEVEL READ COMMITTED; args=None; alias=default
(0.000) SELECT `django_session`.`session_key`, `django_session`.`session_data`, `django_session`.`expire_date` FROM `django_session` WHERE (`django_session`.`expire_date` > '2025-03-28 16:18:55.291899' AND `django_session`.`session_key` = '1v3e27a3nqwh25zn38f3t7ajdcmn2x1g') LIMIT 21; args=('2025-03-28 16:18:55.291899', '1v3e27a3nqwh25zn38f3t7ajdcmn2x1g'); alias=default
(0.000) SELECT `easetalk_customuser`.`id`, `easetalk_customuser`.`password`, `easetalk_customuser`.`last_login`, `easetalk_customuser`.`is_superuser`, `easetalk_customuser`.`username`, `easetalk_customuser`.`first_name`, `easetalk_customuser`.`last_name`, `easetalk_customuser`.`is_staff`, `easetalk_customuser`.`is_active`, `easetalk_customuser`.`date_joined`, `easetalk_customuser`.`email`, `easetalk_customuser`.`role` FROM `easetalk_customuser` WHERE `easetalk_customuser`.`id` = 4 LIMIT 21; args=(4,); alias=default
(0.000) SELECT `therapy_therapistprofile`.`id`, `therapy_therapistprofile`.`first_name`, `therapy_therapistprofile`.`last_name`, `therapy_therapistprofile`.`profile_image`, `therapy_therapistprofile`.`gender`, `therapy_therapistprofile`.`date_of_birth`, `therapy_therapistprofile`.`years_of_experience`, `therapy_therapistprofile`.`languages_spoken`, `therapy_therapistprofile`.`user_id`, `therapy_therapistprofile`.`created_at`, `therapy_therapistprofile`.`bio`, `therapy_therapistprofile`.`country` FROM `therapy_therapistprofile` ORDER BY `therapy_therapistprofile`.`created_at` DESC; args=(); alias=default
(0.000) SELECT `therapy_therapistprofile`.`id`, `therapy_therapistprofile`.`first_name`, `therapy_therapistprofile`.`last_name`, `therapy_therapistprofile`.`profile_image`, `therapy_therapistprofile`.`gender`, `therapy_therapistprofile`.`date_of_birth`, `therapy_therapistprofile`.`years_of_experience`, `therapy_therapistprofile`.`languages_spoken`, `therapy_therapistprofile`.`user_id`, `therapy_therapistprofile`.`created_at`, `therapy_therapistprofile`.`bio`, `therapy_therapistprofile`.`country` FROM `therapy_therapistprofile` WHERE `therapy_therapistprofile`.`user_id` = 4 LIMIT 21; args=(4,); alias=default
Exception while resolving variable 'therapist' in template 'easetalk/homepage.html'.
Traceback (most recent call last):
  File "C:\Users\HP\Desktop\easetalkproject\env\Lib\site-packages\django\template\base.py", line 883, in _resolve_lookup
    current = current[bit]
              ~~~~~~~^^^^^
  File "C:\Users\HP\Desktop\easetalkproject\env\Lib\site-packages\django\utils\functional.py", line 253, in inner
    return func(_wrapped, *args)
           ^^^^^^^^^^^^^^^^^^^^^
TypeError: 'CustomUser' object is not subscriptable

During handling of the above exception, another exception occurred:

Traceback (most recent call last):
  File "C:\Users\HP\Desktop\easetalkproject\env\Lib\site-packages\django\template\base.py", line 893, in _resolve_lookup
    current = getattr(current, bit)
              ^^^^^^^^^^^^^^^^^^^^^
  File "C:\Users\HP\Desktop\easetalkproject\env\Lib\site-packages\django\utils\functional.py", line 253, in inner
    return func(_wrapped, *args)
           ^^^^^^^^^^^^^^^^^^^^^
  File "C:\Users\HP\Desktop\easetalkproject\env\Lib\site-packages\django\db\models\fields\related_descriptors.py", line 531, in __get__
    raise self.RelatedObjectDoesNotExist(
easetalk.models.CustomUser.therapist.RelatedObjectDoesNotExist: CustomUser has no therapist.
Exception while resolving variable 'anonymoususer' in template 'easetalk/homepage.html'.
Traceback (most recent call last):
  File "C:\Users\HP\Desktop\easetalkproject\env\Lib\site-packages\django\template\base.py", line 883, in _resolve_lookup
    current = current[bit]
              ~~~~~~~^^^^^
  File "C:\Users\HP\Desktop\easetalkproject\env\Lib\site-packages\django\utils\functional.py", line 253, in inner
    return func(_wrapped, *args)
           ^^^^^^^^^^^^^^^^^^^^^
TypeError: 'CustomUser' object is not subscriptable

During handling of the above exception, another exception occurred:

Traceback (most recent call last):
  File "C:\Users\HP\Desktop\easetalkproject\env\Lib\site-packages\django\template\base.py", line 893, in _resolve_lookup
    current = getattr(current, bit)
              ^^^^^^^^^^^^^^^^^^^^^
  File "C:\Users\HP\Desktop\easetalkproject\env\Lib\site-packages\django\utils\functional.py", line 253, in inner
    return func(_wrapped, *args)
           ^^^^^^^^^^^^^^^^^^^^^
AttributeError: 'CustomUser' object has no attribute 'anonymoususer'

During handling of the above exception, another exception occurred:

Traceback (most recent call last):
  File "C:\Users\HP\Desktop\easetalkproject\env\Lib\site-packages\django\template\base.py", line 899, in _resolve_lookup
    current = current[int(bit)]
                      ^^^^^^^^
ValueError: invalid literal for int() with base 10: 'anonymoususer'

During handling of the above exception, another exception occurred:

Traceback (most recent call last):
  File "C:\Users\HP\Desktop\easetalkproject\env\Lib\site-packages\django\template\base.py", line 906, in _resolve_lookup
    raise VariableDoesNotExist(
django.template.base.VariableDoesNotExist: Failed lookup for key [anonymoususer] in <SimpleLazyObject: <CustomUser: anon_2c37d524 (anonymousUser)>>
(0.000) SELECT `easetalk_customuser`.`id`, `easetalk_customuser`.`password`, `easetalk_customuser`.`last_login`, `easetalk_customuser`.`is_superuser`, `easetalk_customuser`.`username`, `easetalk_customuser`.`first_name`, `easetalk_customuser`.`last_name`, `easetalk_customuser`.`is_staff`, `easetalk_customuser`.`is_active`, `easetalk_customuser`.`date_joined`, `easetalk_customuser`.`email`, `easetalk_customuser`.`role` FROM `easetalk_customuser` WHERE `easetalk_customuser`.`id` = 2 LIMIT 21; args=(2,); alias=default
(0.000) SELECT `therapy_specialization`.`id`, `therapy_specialization`.`name` FROM `therapy_specialization` INNER JOIN `therapy_therapistprofile_specializations` ON (`therapy_specialization`.`id` = `therapy_therapistprofile_specializations`.`specialization_id`) WHERE `therapy_therapistprofile_specializations`.`therapistprofile_id` = 1; args=(1,); alias=default
[mHTTP GET /easetalk/home/ 200 [0.05, 127.0.0.1:62418][0m
[36mHTTP GET /media/therapist/profile/black-businessman-4599847_1280.jpg 304 [0.02, 127.0.0.1:62418][0m
File C:\Users\HP\Desktop\easetalkproject\easetalkprojectapp\easetalkprojectapp\settings.py previous mtime: 1743178644.3266602, current mtime: 1743178783.0214138
C:\Users\HP\Desktop\easetalkproject\easetalkprojectapp\easetalkprojectapp\settings.py notified as changed. Signal results: [(<function template_changed at 0x000001CD4CBD3100>, None), (<function translation_file_changed at 0x000001CD4FA19800>, None)].
C:\Users\HP\Desktop\easetalkproject\easetalkprojectapp\easetalkprojectapp\settings.py changed, reloading.
File C:\Users\HP\Desktop\easetalkproject\easetalkprojectapp\easetalkprojectapp\settings.py previous mtime: 1743178644.3266602, current mtime: 1743178783.0214138
C:\Users\HP\Desktop\easetalkproject\easetalkprojectapp\easetalkprojectapp\settings.py notified as changed. Signal results: [(<function template_changed at 0x000001D8B03A3100>, None), (<function translation_file_changed at 0x000001D8B31E9800>, None)].
C:\Users\HP\Desktop\easetalkproject\easetalkprojectapp\easetalkprojectapp\settings.py changed, reloading.
